filza	page	status	trans	scan
02	071r	OK	yes	yes
02	071v	OK	yes	yes
02	072r	OK	yes	yes
02	072v	OK	yes	yes
02	073r	OK	yes	yes
02	073v	OK	yes	yes
02	074r	OK	yes	yes
02	074v	OK	yes	yes
02	075r	OK	yes	yes
02	075v	OK	yes	yes
02	076r	OK	yes	yes
02	076v	OK	yes	yes
02	077r	OK	yes	yes
02	077v	OK	yes	yes
02	078r	OK	yes	yes
02	078v	OK	yes	yes
02	079r	OK	yes	yes
02	079v	OK	yes	yes
02	080r	OK	yes	yes
02	080v	OK	yes	yes
02	081r	OK	yes	yes
02	081v	OK	yes	yes
02	082r	OK	yes	yes
02	082v	OK	yes	yes
02	083r	OK	yes	yes
02	083v	OK	yes	yes
02	084r	OK	yes	yes
02	084v	OK	yes	yes
02	085r	OK	yes	yes
02	085v	OK	yes	yes
02	086r	OK	yes	yes
02	086v	OK	yes	yes
02	087r	OK	yes	yes
02	087v	OK	yes	yes
02	088r	OK	yes	yes
02	088v	OK	yes	yes
02	089r	OK	yes	yes
02	089v	OK	yes	yes
02	090r	OK	yes	yes
02	090v	OK	yes	yes
02	091r	OK	yes	yes
02	091v	OK	yes	yes
02	092r	OK	yes	yes
02	092v	OK	yes	yes
02	093r	OK	yes	yes
02	093v	OK	yes	yes
02	094r	OK	yes	yes
02	094v	OK	yes	yes
02	095r	OK	yes	yes
02	095v	OK	yes	yes
02	096r	OK	yes	yes
02	096v	OK	yes	yes
02	097r	OK	yes	yes
02	097v	OK	yes	yes
02	098r	OK	yes	yes
02	098v	OK	yes	yes
02	099r	OK	yes	yes
02	099v	OK	yes	yes
02	100r	OK	yes	yes
02	100v	OK	yes	yes
02	101r	OK	yes	yes
02	101v	OK	yes	yes
02	102r	OK	yes	yes
02	102v	OK	yes	yes
02	103r	OK	yes	yes
02	103v	OK	yes	yes
02	104r	OK	yes	yes
02	104v	OK	yes	yes
02	105r	OK	yes	yes
02	105v	OK	yes	yes
02	106r	OK	yes	yes
02	106v	OK	yes	yes
02	107r	OK	yes	yes
02	107v	OK	yes	yes
02	108r	OK	yes	yes
02	108v	OK	yes	yes
02	109r	OK	yes	yes
02	109v	OK	yes	yes
02	110r	OK	yes	yes
02	110v	OK	yes	yes
02	111r	OK	yes	yes
02	111v	OK	yes	yes
02	112r	OK	yes	yes
02	112v	OK	yes	yes
02	113r	OK	yes	yes
02	113v	OK	yes	yes
02	114r	OK	yes	yes
02	114v	OK	yes	yes
02	115r	OK	yes	yes
02	115v	OK	yes	yes
02	116r	OK	yes	yes
02	116v	OK	yes	yes
02	117r	OK	yes	yes
02	117v	OK	yes	yes
02	118r	OK	yes	yes
02	118v	OK	yes	yes
02	119r	OK	yes	yes
02	119v	OK	yes	yes
02	120r	OK	yes	yes
02	120v	OK	yes	yes
02	121r	OK	yes	yes
02	121v	OK	yes	yes
02	122r	OK	yes	yes
02	122v	OK	yes	yes
02	123r	OK	yes	yes
02	123v	OK	yes	yes
02	124r	OK	yes	yes
02	124v	OK	yes	yes
02	125r	OK	yes	yes
02	125v	OK	yes	yes
02	126r	OK	yes	yes
02	126v	OK	yes	yes
02	127r	OK	yes	yes
02	127v	OK	yes	yes
02	128r	OK	yes	yes
02	128v	OK	yes	yes
02	129r	OK	yes	yes
02	129v	OK	yes	yes
02	130r	OK	yes	yes
02	130v	OK	yes	yes
02	131r	OK	yes	yes
02	131v	OK	yes	yes
02	132r	OK	yes	yes
02	132v	OK	yes	yes
02	133r	OK	yes	yes
02	133v	OK	yes	yes
02	134r	OK	yes	yes
02	134v	OK	yes	yes
02	135r	OK	yes	yes
02	135v	OK	yes	yes
02	136r	OK	yes	yes
02	136v	OK	yes	yes
02	137r	OK	yes	yes
02	137v	OK	yes	yes
02	138r	OK	yes	yes
02	138v	OK	yes	yes
02	139r	OK	yes	yes
02	139v	OK	yes	yes
02	140r	OK	yes	yes
02	140v	OK	yes	yes
02	141r	OK	yes	yes
02	141v	OK	yes	yes
02	142r	OK	yes	yes
02	142v	OK	yes	yes
02	143r	OK	yes	yes
02	143v	OK	yes	yes
02	144r	OK	yes	yes
02	144v	OK	yes	yes
02	145r	OK	yes	yes
02	145v	OK	yes	yes
02	146r	OK	yes	yes
02	146v	OK	yes	yes
02	147r	OK	yes	yes
02	147v	OK	yes	yes
02	148r	OK	yes	yes
02	148v	OK	yes	yes
02	149r	OK	yes	yes
02	149v	OK	yes	yes
02	150r	OK	yes	yes
02	150v	OK	yes	yes
02	151r	OK	yes	yes
02	151v	OK	yes	yes
02	152r	OK	yes	yes
02	152v	OK	yes	yes
02	153r	OK	yes	yes
02	153v	OK	yes	yes
02	154r	OK	yes	yes
02	154v	OK	yes	yes
02	155r	OK	yes	yes
02	155v	OK	yes	yes
02	156r	OK	yes	yes
02	156v	OK	yes	yes
02	157r	OK	yes	yes
02	157v	OK	yes	yes
02	158r	OK	yes	yes
02	158v	OK	yes	yes
02	159r	OK	yes	yes
02	159v	OK	yes	yes
02	160r	OK	yes	yes
02	160v	OK	yes	yes
02	161r	OK	yes	yes
02	161v	OK	yes	yes
02	162r	OK	yes	yes
02	162v	OK	yes	yes
02	163r	OK	yes	yes
02	163v	OK	yes	yes
02	164r	OK	yes	yes
02	164v	OK	yes	yes
02	165r	OK	yes	yes
02	165v	OK	yes	yes
02	166r	OK	yes	yes
02	166v	OK	yes	yes
02	167r	OK	yes	yes
02	167v	OK	yes	yes
02	168r	OK	yes	yes
02	168v	OK	yes	yes
02	169r	OK	yes	yes
02	169v	OK	yes	yes
02	170r	OK	yes	yes
02	170v	OK	yes	yes
02	171r	OK	yes	yes
02	171v	OK	yes	yes
02	172r	OK	yes	yes
02	172v	OK	yes	yes
02	173r	OK	yes	yes
02	173v	OK	yes	yes
02	174r	OK	yes	yes
02	174v	OK	yes	yes
02	175r	OK	yes	yes
02	175v	OK	yes	yes
02	176r	OK	yes	yes
02	176v	OK	yes	yes
02	177r	OK	yes	yes
02	177v	OK	yes	yes
02	178r	OK	yes	yes
02	178v	OK	yes	yes
02	179r	OK	yes	yes
02	179v	OK	yes	yes
02	180r	OK	yes	yes
02	180v	OK	yes	yes
02	181r	OK	yes	yes
02	181v	OK	yes	yes
02	182r	OK	yes	yes
02	182v	OK	yes	yes
02	183r	OK	yes	yes
02	183v	OK	yes	yes
02	184r	OK	yes	yes
02	184v	OK	yes	yes
02	185r	OK	yes	yes
02	185v	OK	yes	yes
02	186r	OK	yes	yes
02	186v	OK	yes	yes
02	187r	OK	yes	yes
02	187v	OK	yes	yes
02	188r	OK	yes	yes
02	188v	OK	yes	yes
02	189r	OK	yes	yes
02	189v	OK	yes	yes
02	190r	OK	yes	yes
02	190v	OK	yes	yes
02	191r	OK	yes	yes
02	191v	OK	yes	yes
02	192r	OK	yes	yes
02	192v	OK	yes	yes
02	193r	OK	yes	yes
02	193v	OK	yes	yes
02	194r	OK	yes	yes
02	194v	OK	yes	yes
02	195r	OK	yes	yes
02	195v	OK	yes	yes
02	196r	OK	yes	yes
02	196v	OK	yes	yes
02	197r	OK	yes	yes
02	197v	OK	yes	yes
02	198r	OK	yes	yes
02	198v	OK	yes	yes
02	199r	OK	yes	yes
02	199v	OK	yes	yes
02	200r	OK	yes	yes
02	200v	OK	yes	yes
02	201r	OK	yes	yes
02	201v	OK	yes	yes
03	001r	OK	yes	yes
03	001v	OK	yes	yes
03	002r	OK	yes	yes
03	002v	OK	yes	yes
03	003r	OK	yes	yes
03	003v	OK	yes	yes
03	004r	OK	yes	yes
03	004v	OK	yes	yes
03	005r	OK	yes	yes
03	005v	OK	yes	yes
03	006r	OK	yes	yes
03	006v	OK	yes	yes
03	007r	OK	yes	yes
03	007v	OK	yes	yes
03	008r	OK	yes	yes
03	008v	OK	yes	yes
03	009r	OK	yes	yes
03	009v	OK	yes	yes
03	010r	OK	yes	yes
03	010v	OK	yes	yes
03	011r	OK	yes	yes
03	011v	OK	yes	yes
03	012r	OK	yes	yes
03	012v	OK	yes	yes
03	013r	OK	yes	yes
03	013v	OK	yes	yes
03	014r	OK	yes	yes
03	014v	OK	yes	yes
03	015r	OK	yes	yes
03	015v	OK	yes	yes
03	016r	OK	yes	yes
03	016v	OK	yes	yes
03	017r	OK	yes	yes
03	017v	OK	yes	yes
03	018r	OK	yes	yes
03	018v	OK	yes	yes
03	019r	OK	yes	yes
03	019v	OK	yes	yes
03	020r	OK	yes	yes
03	020v	OK	yes	yes
03	021r	OK	yes	yes
03	021v	OK	yes	yes
03	022r	OK	yes	yes
03	022v	OK	yes	yes
03	023r	OK	yes	yes
03	023v	OK	yes	yes
03	024r	OK	yes	yes
03	024v	OK	yes	yes
03	025r	OK	yes	yes
03	025v	OK	yes	yes
03	026r	OK	yes	yes
03	026v	OK	yes	yes
03	027r	OK	yes	yes
03	027v	OK	yes	yes
03	028r	OK	yes	yes
03	028v	OK	yes	yes
03	029r	OK	yes	yes
03	029v	OK	yes	yes
03	030r	OK	yes	yes
03	030v	OK	yes	yes
03	031r	OK	yes	yes
03	031v	OK	yes	yes
03	032r	OK	yes	yes
03	032v	OK	yes	yes
03	033r	OK	yes	yes
03	033v	OK	yes	yes
03	034r	OK	yes	yes
03	034v	OK	yes	yes
03	035r	OK	yes	yes
03	035v	OK	yes	yes
03	036r	OK	yes	yes
03	036v	OK	yes	yes
03	037r	OK	yes	yes
03	037v	OK	yes	yes
03	038r	OK	yes	yes
03	038v	OK	yes	yes
03	039r	OK	yes	yes
03	039v	OK	yes	yes
03	040r	OK	yes	yes
03	040v	OK	yes	yes
03	041r	OK	yes	yes
03	041v	OK	yes	yes
03	042r	OK	yes	yes
03	042v	OK	yes	yes
03	043r	OK	yes	yes
03	043v	OK	yes	yes
03	044r	OK	yes	yes
03	044v	OK	yes	yes
03	045r	OK	yes	yes
03	045v	OK	yes	yes
03	046r	OK	yes	yes
03	046v	OK	yes	yes
03	047r	OK	yes	yes
03	047v	OK	yes	yes
03	048r	OK	yes	yes
03	048v	OK	yes	yes
03	049r	OK	yes	yes
03	049v	OK	yes	yes
03	050r	OK	yes	yes
03	050v	OK	yes	yes
03	051r	OK	yes	yes
03	051v	OK	yes	yes
03	052r	OK	yes	yes
03	052v	OK	yes	yes
03	053r	OK	yes	yes
03	053v	OK	yes	yes
03	054r	OK	yes	yes
03	054v	OK	yes	yes
03	055r	OK	yes	yes
03	055v	OK	yes	yes
03	056r	OK	yes	yes
03	056v	OK	yes	yes
03	057r	OK	yes	yes
03	057v	OK	yes	yes
03	058r	OK	yes	yes
03	058v	OK	yes	yes
03	059r	OK	yes	yes
03	059v	OK	yes	yes
03	060r	OK	yes	yes
03	060v	OK	yes	yes
03	061r	OK	yes	yes
03	061v	OK	yes	yes
03	062r	OK	yes	yes
03	062v	OK	yes	yes
03	063r	OK	yes	yes
03	063v	OK	yes	yes
03	064r	OK	yes	yes
03	064v	OK	yes	yes
03	065r	OK	yes	yes
03	065v	OK	yes	yes
03	066r	OK	yes	yes
03	066v	OK	yes	yes
03	067r	OK	yes	yes
03	067v	OK	yes	yes
03	068r	OK	yes	yes
03	068v	OK	yes	yes
03	069r	OK	yes	yes
03	069v	OK	yes	yes
03	070r	OK	yes	yes
03	070v	OK	yes	yes
03	071r	OK	yes	yes
03	071v	OK	yes	yes
03	072r	OK	yes	yes
03	072v	OK	yes	yes
03	073r	OK	yes	yes
03	073v	OK	yes	yes
03	074r	OK	yes	yes
03	074v	OK	yes	yes
03	075r	OK	yes	yes
03	075v	OK	yes	yes
03	076r	OK	yes	yes
03	076v	OK	yes	yes
03	077r	OK	yes	yes
03	077v	OK	yes	yes
03	078r	OK	yes	yes
03	078v	OK	yes	yes
03	079r	OK	yes	yes
03	079v	OK	yes	yes
03	080r	OK	yes	yes
03	080v	OK	yes	yes
03	081r	OK	yes	yes
03	081v	OK	yes	yes
03	082r	OK	yes	yes
03	082v	OK	yes	yes
03	083r	OK	yes	yes
03	083v	OK	yes	yes
03	084r	OK	yes	yes
03	084v	OK	yes	yes
03	085r	OK	yes	yes
03	085v	OK	yes	yes
03	086r	OK	yes	yes
03	086v	OK	yes	yes
03	087r	OK	yes	yes
03	087v	OK	yes	yes
03	088r	OK	yes	yes
03	088v	OK	yes	yes
03	089r	OK	yes	yes
03	089v	OK	yes	yes
03	090r	OK	yes	yes
03	090v	OK	yes	yes
03	091r	OK	yes	yes
03	091v	OK	yes	yes
03	092r	OK	yes	yes
03	092v	OK	yes	yes
03	093r	OK	yes	yes
03	093v	OK	yes	yes
03	094r	OK	yes	yes
03	094v	OK	yes	yes
03	095r	OK	yes	yes
03	095v	OK	yes	yes
03	096r	OK	yes	yes
03	096v	OK	yes	yes
03	097r	OK	yes	yes
03	097v	OK	yes	yes
03	098r	OK	yes	yes
03	098v	OK	yes	yes
03	099r	OK	yes	yes
03	099v	OK	yes	yes
03	100r	OK	yes	yes
03	100v	OK	yes	yes
03	101r	OK	yes	yes
03	101v	OK	yes	yes
03	102r	OK	yes	yes
03	102v	OK	yes	yes
03	103r	OK	yes	yes
03	103v	OK	yes	yes
03	104r	OK	yes	yes
03	104v	OK	yes	yes
03	105r	OK	yes	yes
03	105v	OK	yes	yes
03	106r	OK	yes	yes
03	106v	OK	yes	yes
03	107r	OK	yes	yes
03	107v	OK	yes	yes
03	108r	OK	yes	yes
03	108v	OK	yes	yes
03	109r	OK	yes	yes
03	109v	OK	yes	yes
03	110r	OK	yes	yes
03	110v	OK	yes	yes
03	111r	OK	yes	yes
03	111v	OK	yes	yes
03	112r	OK	yes	yes
03	112v	OK	yes	yes
03	113r	OK	yes	yes
03	113v	OK	yes	yes
03	114r	OK	yes	yes
03	114v	OK	yes	yes
03	115r	OK	yes	yes
03	115v	OK	yes	yes
03	116r	OK	yes	yes
03	116v	OK	yes	yes
03	117r	OK	yes	yes
03	117v	OK	yes	yes
03	118r	OK	yes	yes
03	118v	OK	yes	yes
03	119r	OK	yes	yes
03	119v	OK	yes	yes
03	120r	OK	yes	yes
03	120v	OK	yes	yes
03	121r	OK	yes	yes
03	121v	OK	yes	yes
03	122r	OK	yes	yes
03	122v	OK	yes	yes
03	123r	OK	yes	yes
03	123v	OK	yes	yes
03	124r	OK	yes	yes
03	124v	OK	yes	yes
03	125r	OK	yes	yes
03	125v	OK	yes	yes
03	126r	OK	yes	yes
03	126v	OK	yes	yes
03	127r	OK	yes	yes
03	127v	OK	yes	yes
03	128r	OK	yes	yes
03	128v	OK	yes	yes
03	129r	OK	yes	yes
03	129v	OK	yes	yes
03	130r	OK	yes	yes
03	130v	OK	yes	yes
03	131r	OK	yes	yes
03	131v	OK	yes	yes
03	132r	OK	yes	yes
03	132v	OK	yes	yes
03	133r	OK	yes	yes
03	133v	OK	yes	yes
03	134r	OK	yes	yes
03	134v	OK	yes	yes
03	135r	OK	yes	yes
03	135v	OK	yes	yes
03	136r	OK	yes	yes
03	136v	OK	yes	yes
03	137r	OK	yes	yes
03	137v	OK	yes	yes
03	138r	OK	yes	yes
03	138v	OK	yes	yes
03	139r	OK	yes	yes
03	139v	OK	yes	yes
03	140r	OK	yes	yes
03	140v	OK	yes	yes
03	141r	OK	yes	yes
03	141v	OK	yes	yes
03	142r	OK	yes	yes
03	142v	OK	yes	yes
03	143r	OK	yes	yes
03	143v	OK	yes	yes
03	144r	OK	yes	yes
03	144v	OK	yes	yes
03	145r	OK	yes	yes
03	145v	OK	yes	yes
03	146r	OK	yes	yes
03	146v	OK	yes	yes
03	147r	OK	yes	yes
03	147v	OK	yes	yes
03	148r	OK	yes	yes
03	148v	OK	yes	yes
03	149r	OK	yes	yes
03	149v	OK	yes	yes
03	150r	OK	yes	yes
03	150v	OK	yes	yes
03	151r	OK	yes	yes
03	151v	OK	yes	yes
03	152r	OK	yes	yes
03	152v	OK	yes	yes
03	153r	OK	yes	yes
03	153v	OK	yes	yes
03	154r	OK	yes	yes
03	154v	OK	yes	yes
03	155r	OK	yes	yes
03	155v	OK	yes	yes
03	156r	OK	yes	yes
03	156v	OK	yes	yes
03	157r	OK	yes	yes
03	157v	OK	yes	yes
03	158r	OK	yes	yes
03	158v	OK	yes	yes
03	159r	OK	yes	yes
03	159v	OK	yes	yes
03	160r	OK	yes	yes
03	160v	OK	yes	yes
03	161r	OK	yes	yes
03	161v	OK	yes	yes
03	162r	OK	yes	yes
03	162v	OK	yes	yes
03	163r	OK	yes	yes
03	163v	OK	yes	yes
03	164r	OK	yes	yes
03	164v	OK	yes	yes
03	165r	OK	yes	yes
03	165v	OK	yes	yes
03	166r	OK	yes	yes
03	166v	OK	yes	yes
03	167r	OK	yes	yes
03	167v	OK	yes	yes
03	168r	OK	yes	yes
03	168v	OK	yes	yes
03	169r	OK	yes	yes
03	169v	OK	yes	yes
03	170r	OK	yes	yes
03	170v	OK	yes	yes
03	171r	OK	yes	yes
03	171v	OK	yes	yes
03	172r	OK	yes	yes
03	172v	OK	yes	yes
03	173r	OK	yes	yes
03	173v	OK	yes	yes
03	174r	OK	yes	yes
03	174v	OK	yes	yes
03	175r	OK	yes	yes
03	175v	OK	yes	yes
03	176r	OK	yes	yes
03	176v	OK	yes	yes
03	177r	OK	yes	yes
03	177v	OK	yes	yes
03	178r	OK	yes	yes
03	178v	OK	yes	yes
03	179r	OK	yes	yes
03	179v	OK	yes	yes
03	180r	OK	yes	yes
03	180v	OK	yes	yes
03	181r	OK	yes	yes
03	181v	OK	yes	yes
03	182r	OK	yes	yes
03	182v	OK	yes	yes
03	183r	OK	yes	yes
03	183v	OK	yes	yes
03	184r	OK	yes	yes
03	184v	OK	yes	yes
03	185r	OK	yes	yes
03	185v	OK	yes	yes
03	186r	OK	yes	yes
03	186v	OK	yes	yes
03	187r	OK	yes	yes
03	187v	OK	yes	yes
03	188r	OK	yes	yes
03	188v	OK	yes	yes
03	189r	OK	yes	yes
03	189v	OK	yes	yes
03	190r	OK	yes	yes
03	190v	OK	yes	yes
03	191r	OK	yes	yes
03	191v	OK	yes	yes
03	192r	OK	yes	yes
03	192v	OK	yes	yes
03	193r	OK	yes	yes
03	193v	OK	yes	yes
03	194r	OK	yes	yes
03	194v	OK	yes	yes
03	195r	OK	yes	yes
03	195v	OK	yes	yes
03	196r	OK	yes	yes
03	196v	OK	yes	yes
03	197r	OK	yes	yes
03	197v	OK	yes	yes
03	198r	OK	yes	yes
03	198v	OK	yes	yes
03	199r	OK	yes	yes
03	199v	OK	yes	yes
03	200r	OK	yes	yes
03	200v	OK	yes	yes
03	201r	OK	yes	yes
03	201v	OK	yes	yes
03	202r	OK	yes	yes
03	202v	OK	yes	yes
03	203r	OK	yes	yes
03	203v	OK	yes	yes
03	204r	OK	yes	yes
03	204v	OK	yes	yes
03	205r	OK	yes	yes
03	205v	OK	yes	yes
03	206r	OK	yes	yes
03	206v	OK	yes	yes
03	207r	OK	yes	yes
03	207v	OK	yes	yes
03	208r	OK	yes	yes
03	208v	OK	yes	yes
03	209r	OK	yes	yes
03	209v	OK	yes	yes
03	210r	OK	yes	yes
03	210v	OK	yes	yes
03	211r	OK	yes	yes
03	211v	OK	yes	yes
03	212r	OK	yes	yes
03	212v	OK	yes	yes
03	213r	OK	yes	yes
03	213v	OK	yes	yes
03	214r	OK	yes	yes
03	214v	OK	yes	yes
03	215r	OK	yes	yes
03	215v	OK	yes	yes
03	216r	OK	yes	yes
03	216v	OK	yes	yes
03	217r	OK	yes	yes
03	217v	OK	yes	yes
03	218r	OK	yes	yes
03	218v	OK	yes	yes
03	219r	OK	yes	yes
03	219v	OK	yes	yes
03	220r	OK	yes	yes
03	220v	OK	yes	yes
03	221r	OK	yes	yes
03	221v	OK	yes	yes
03	222r	OK	yes	yes
03	222v	OK	yes	yes
03	223r	OK	yes	yes
03	223v	OK	yes	yes
03	224r	OK	yes	yes
03	224v	OK	yes	yes
03	225r	OK	yes	yes
03	225v	OK	yes	yes
03	226r	OK	yes	yes
03	226v	OK	yes	yes
03	227r	OK	yes	yes
03	227v	OK	yes	yes
03	228r	OK	yes	yes
03	228v	OK	yes	yes
03	229r	OK	yes	yes
03	229v	OK	yes	yes
03	230r	OK	yes	yes
03	230v	OK	yes	yes
03	231r	OK	yes	yes
03	231v	OK	yes	yes
03	232r	OK	yes	yes
03	232v	OK	yes	yes
03	233r	OK	yes	yes
03	233v	OK	yes	yes
03	234r	OK	yes	yes
03	234v	OK	yes	yes
03	235r	OK	yes	yes
03	235v	OK	yes	yes
03	236r	OK	yes	yes
03	236v	OK	yes	yes
03	237r	OK	yes	yes
03	237v	OK	yes	yes
03	238r	OK	yes	yes
03	238v	OK	yes	yes
03	239r	OK	yes	yes
03	239v	OK	yes	yes
03	240r	OK	yes	yes
03	240v	OK	yes	yes
03	241r	OK	yes	yes
03	241v	OK	yes	yes
03	242r	OK	yes	yes
03	242v	OK	yes	yes
03	243r	OK	yes	yes
03	243v	OK	yes	yes
03	244r	OK	yes	yes
03	244v	OK	yes	yes
03	245r	OK	yes	yes
03	245v	OK	yes	yes
03	246r	OK	yes	yes
03	246v	OK	yes	yes
03	247r	OK	yes	yes
03	247v	OK	yes	yes
03	248r	OK	yes	yes
03	248v	OK	yes	yes
03	249r	OK	yes	yes
03	249v	OK	yes	yes
03	250r	OK	yes	yes
03	250v	OK	yes	yes
03	251r	OK	yes	yes
03	251v	OK	yes	yes
03	252r	OK	yes	yes
03	252v	OK	yes	yes
03	253r	OK	yes	yes
03	253v	OK	yes	yes
03	254r	OK	yes	yes
03	254v	OK	yes	yes
03	255r	OK	yes	yes
03	255v	OK	yes	yes
03	256r	OK	yes	yes
03	256v	OK	yes	yes
03	257r	OK	yes	yes
03	257v	OK	yes	yes
03	258r	OK	yes	yes
03	258v	OK	yes	yes
03	259r	OK	yes	yes
03	259v	OK	yes	yes
03	260r	OK	yes	yes
03	260v	OK	yes	yes
03	261r	OK	yes	yes
03	261v	OK	yes	yes
03	262r	OK	yes	yes
03	262v	OK	yes	yes
03	263r	OK	yes	yes
03	263v	OK	yes	yes
03	264r	OK	yes	yes
03	264v	OK	yes	yes
03	265r	OK	yes	yes
03	265v	OK	yes	yes
03	266r	OK	yes	yes
03	266v	OK	yes	yes
03	267r	OK	yes	yes
03	267v	OK	yes	yes
03	268r	OK	yes	yes
03	268v	OK	yes	yes
03	269r	OK	yes	yes
03	269v	OK	yes	yes
03	270r	OK	yes	yes
03	270v	OK	yes	yes
03	271r	OK	yes	yes
03	271v	OK	yes	yes
03	272r	OK	yes	yes
03	272v	OK	yes	yes
03	273r	OK	yes	yes
03	273v	OK	yes	yes
03	274r	OK	yes	yes
03	274v	OK	yes	yes
03	275r	OK	yes	yes
03	275v	OK	yes	yes
03	276r	OK	yes	yes
03	276v	OK	yes	yes
03	277r	OK	yes	yes
03	277v	OK	yes	yes
03	278r	OK	yes	yes
03	278v	OK	yes	yes
03	279r	OK	yes	yes
03	279v	OK	yes	yes
03	280r	OK	yes	yes
03	280v	OK	yes	yes
03	281r	OK	yes	yes
03	281v	OK	yes	yes
03	282r	OK	yes	yes
03	282v	OK	yes	yes
03	283r	OK	yes	yes
03	283v	OK	yes	yes
03	284r	OK	yes	yes
03	284v	OK	yes	yes
03	285r	OK	yes	yes
03	285v	OK	yes	yes
03	286r	OK	yes	yes
03	286v	OK	yes	yes
03	287r	OK	yes	yes
03	287v	OK	yes	yes
03	288r	OK	yes	yes
03	288v	OK	yes	yes
03	289r	OK	yes	yes
03	289v	OK	yes	yes
03	290r	OK	yes	yes
03	290v	OK	yes	yes
03	291r	OK	yes	yes
03	291v	OK	yes	yes
03	292r	OK	yes	yes
03	292v	OK	yes	yes
03	293r	OK	yes	yes
03	293v	OK	yes	yes
03	294r	OK	yes	yes
03	294v	OK	yes	yes
03	295r	OK	yes	yes
03	295v	OK	yes	yes
03	296r	OK	yes	yes
03	296v	OK	yes	yes
03	297r	OK	yes	yes
03	297v	OK	yes	yes
03	298r	OK	yes	yes
03	298v	OK	yes	yes
03	299r	OK	yes	yes
03	299v	OK	yes	yes
03	300r	OK	yes	yes
03	300v	OK	yes	yes
03	301r	OK	yes	yes
03	301v	OK	yes	yes
03	302r	OK	yes	yes
03	302v	OK	yes	yes
03	303r	OK	yes	yes
03	303v	OK	yes	yes
03	304r	OK	yes	yes
03	304v	OK	yes	yes
03	305r	OK	yes	yes
03	305v	OK	yes	yes
03	306r	OK	yes	yes
03	306v	OK	yes	yes
03	307r	OK	yes	yes
03	307v	OK	yes	yes
03	308r	OK	yes	yes
03	308v	OK	yes	yes
03	309r	OK	yes	yes
03	309v	OK	yes	yes
03	310r	OK	yes	yes
03	310v	OK	yes	yes
03	311r	OK	yes	yes
03	311v	OK	yes	yes
03	312r	OK	yes	yes
03	312v	OK	yes	yes
03	313r	OK	yes	yes
03	313v	OK	yes	yes
03	314r	OK	yes	yes
03	314v	OK	yes	yes
03	315r	OK	yes	yes
03	315v	OK	yes	yes
03	316r	OK	yes	yes
03	316v	OK	yes	yes
03	317r	OK	yes	yes
03	317v	OK	yes	yes
03	318r	OK	yes	yes
03	318v	OK	yes	yes
03	319r	OK	yes	yes
03	319v	OK	yes	yes
03	320r	OK	yes	yes
03	320v	OK	yes	yes
03	321r	OK	yes	yes
03	321v	OK	yes	yes
03	322r	OK	yes	yes
03	322v	OK	yes	yes
03	323r	OK	yes	yes
03	323v	OK	yes	yes
03	324r	OK	yes	yes
03	324v	OK	yes	yes
03	325r	OK	yes	yes
03	325v	OK	yes	yes
03	326r	OK	yes	yes
03	326v	OK	yes	yes
03	327r	OK	yes	yes
03	327v	OK	yes	yes
03	328r	OK	yes	yes
03	328v	OK	yes	yes
03	329r	OK	yes	yes
03	329v	OK	yes	yes
03	330r	OK	yes	yes
03	330v	OK	yes	yes
04	001r	OK	yes	yes
04	001v	OK	yes	yes
04	002r	OK	yes	yes
04	002v	OK	yes	yes
04	003r	OK	yes	yes
04	003v	OK	yes	yes
04	004r	OK	yes	yes
04	004v	OK	yes	yes
04	005r	OK	yes	yes
04	005v	OK	yes	yes
04	006r	OK	yes	yes
04	006v	OK	yes	yes
04	007r	OK	yes	yes
04	007v	OK	yes	yes
04	008r	OK	yes	yes
04	008v	OK	yes	yes
04	009r	OK	yes	yes
04	009v	OK	yes	yes
04	010r	OK	yes	yes
04	010v	OK	yes	yes
04	011r	OK	yes	yes
04	011v	OK	yes	yes
04	012r	OK	yes	yes
04	012v	OK	yes	yes
04	013r	OK	yes	yes
04	013v	OK	yes	yes
04	014r	OK	yes	yes
04	014v	OK	yes	yes
04	015r	OK	yes	yes
04	015v	OK	yes	yes
04	016r	OK	yes	yes
04	016v	OK	yes	yes
04	017r	OK	yes	yes
04	017v	OK	yes	yes
04	018r	OK	yes	yes
04	018v	OK	yes	yes
04	019r	OK	yes	yes
04	019v	OK	yes	yes
04	020r	OK	yes	yes
04	020v	OK	yes	yes
04	021r	OK	yes	yes
04	021v	OK	yes	yes
04	022r	OK	yes	yes
04	022v	OK	yes	yes
04	023r	OK	yes	yes
04	023v	OK	yes	yes
04	024r	OK	yes	yes
04	024v	OK	yes	yes
04	025r	OK	yes	yes
04	025v	OK	yes	yes
04	026r	OK	yes	yes
04	026v	OK	yes	yes
04	027r	OK	yes	yes
04	027v	OK	yes	yes
04	028r	OK	yes	yes
04	028v	OK	yes	yes
04	029r	OK	yes	yes
04	029v	OK	yes	yes
04	030r	OK	yes	yes
04	030v	OK	yes	yes
04	031r	OK	yes	yes
04	031v	OK	yes	yes
04	032r	OK	yes	yes
04	032v	OK	yes	yes
04	033r	OK	yes	yes
04	033v	OK	yes	yes
04	034r	OK	yes	yes
04	034v	OK	yes	yes
04	035r	OK	yes	yes
04	035v	OK	yes	yes
04	036r	OK	yes	yes
04	036v	OK	yes	yes
04	037r	OK	yes	yes
04	037v	OK	yes	yes
04	038r	OK	yes	yes
04	038v	OK	yes	yes
04	039r	OK	yes	yes
04	039v	OK	yes	yes
04	040r	OK	yes	yes
04	040v	OK	yes	yes
04	041r	OK	yes	yes
04	041v	OK	yes	yes
04	042r	OK	yes	yes
04	042v	OK	yes	yes
04	043r	OK	yes	yes
04	043v	OK	yes	yes
04	044r	OK	yes	yes
04	044v	OK	yes	yes
04	045r	OK	yes	yes
04	045v	OK	yes	yes
04	046r	OK	yes	yes
04	046v	OK	yes	yes
04	047r	OK	yes	yes
04	047v	OK	yes	yes
04	048r	OK	yes	yes
04	048v	OK	yes	yes
04	049r	OK	yes	yes
04	049v	OK	yes	yes
04	050r	OK	yes	yes
04	050v	OK	yes	yes
04	051r	OK	yes	yes
04	051v	OK	yes	yes
04	052r	OK	yes	yes
04	052v	OK	yes	yes
04	053r	OK	yes	yes
04	053v	OK	yes	yes
04	054r	OK	yes	yes
04	054v	OK	yes	yes
04	055r	OK	yes	yes
04	055v	OK	yes	yes
04	056r	OK	yes	yes
04	056v	OK	yes	yes
04	057r	OK	yes	yes
04	057v	OK	yes	yes
04	058r	OK	yes	yes
04	058v	OK	yes	yes
04	059r	OK	yes	yes
04	059v	OK	yes	yes
04	060r	OK	yes	yes
04	060v	OK	yes	yes
04	061r	OK	yes	yes
04	061v	OK	yes	yes
04	062r	OK	yes	yes
04	062v	OK	yes	yes
04	063r	OK	yes	yes
04	063v	OK	yes	yes
04	064r	OK	yes	yes
04	064v	OK	yes	yes
04	065r	OK	yes	yes
04	065v	OK	yes	yes
04	066r	OK	yes	yes
04	066v	OK	yes	yes
04	067r	OK	yes	yes
04	067v	OK	yes	yes
04	068r	OK	yes	yes
04	068v	OK	yes	yes
04	069r	OK	yes	yes
04	069v	OK	yes	yes
04	070r	OK	yes	yes
04	070v	OK	yes	yes
04	071r	OK	yes	yes
04	071v	OK	yes	yes
04	072r	OK	yes	yes
04	072v	OK	yes	yes
04	073r	OK	yes	yes
04	073v	OK	yes	yes
04	074r	OK	yes	yes
04	074v	OK	yes	yes
04	075r	OK	yes	yes
04	075v	OK	yes	yes
04	076r	OK	yes	yes
04	076v	OK	yes	yes
04	077r	OK	yes	yes
04	077v	OK	yes	yes
04	078r	OK	yes	yes
04	078v	OK	yes	yes
04	079r	OK	yes	yes
04	079v	OK	yes	yes
04	080r	OK	yes	yes
04	080v	OK	yes	yes
04	081r	OK	yes	yes
04	081v	OK	yes	yes
04	082r	OK	yes	yes
04	082v	OK	yes	yes
04	083r	OK	yes	yes
04	083v	OK	yes	yes
04	084r	OK	yes	yes
04	084v	OK	yes	yes
04	085r	OK	yes	yes
04	085v	OK	yes	yes
04	086r	OK	yes	yes
04	086v	OK	yes	yes
04	087r	OK	yes	yes
04	087v	OK	yes	yes
04	088r	OK	yes	yes
04	088v	OK	yes	yes
04	089r	OK	yes	yes
04	089v	OK	yes	yes
04	090r	OK	yes	yes
04	090v	OK	yes	yes
04	091r	OK	yes	yes
04	091v	OK	yes	yes
04	092r	OK	yes	yes
04	092v	OK	yes	yes
04	093r	OK	yes	yes
04	093v	OK	yes	yes
04	094r	OK	yes	yes
04	094v	OK	yes	yes
04	095r	OK	yes	yes
04	095v	OK	yes	yes
04	096r	OK	yes	yes
04	096v	OK	yes	yes
04	097r	OK	yes	yes
04	097v	OK	yes	yes
04	098r	OK	yes	yes
04	098v	OK	yes	yes
04	099r	OK	yes	yes
04	099v	OK	yes	yes
04	100r	OK	yes	yes
04	100v	OK	yes	yes
04	101r	OK	yes	yes
04	101v	OK	yes	yes
04	102r	OK	yes	yes
04	102v	OK	yes	yes
04	103r	OK	yes	yes
04	103v	OK	yes	yes
04	104r	OK	yes	yes
04	104v	OK	yes	yes
04	105r	OK	yes	yes
04	105v	OK	yes	yes
04	106r	OK	yes	yes
04	106v	OK	yes	yes
04	107r	OK	yes	yes
04	107v	OK	yes	yes
04	108r	OK	yes	yes
04	108v	OK	yes	yes
04	109r	OK	yes	yes
04	109v	OK	yes	yes
04	110r	OK	yes	yes
04	110v	OK	yes	yes
04	111r	OK	yes	yes
04	111v	OK	yes	yes
04	112r	OK	yes	yes
04	112v	OK	yes	yes
04	113r	OK	yes	yes
04	113v	OK	yes	yes
04	114r	OK	yes	yes
04	114v	OK	yes	yes
04	115r	OK	yes	yes
04	115v	OK	yes	yes
04	116r	OK	yes	yes
04	116v	OK	yes	yes
04	117r	OK	yes	yes
04	117v	OK	yes	yes
04	118r	OK	yes	yes
04	118v	OK	yes	yes
04	119r	OK	yes	yes
04	119v	OK	yes	yes
04	120r	OK	yes	yes
04	120v	OK	yes	yes
04	121r	OK	yes	yes
04	121v	OK	yes	yes
04	122r	OK	yes	yes
04	122v	OK	yes	yes
04	123r	OK	yes	yes
04	123v	OK	yes	yes
04	124r	OK	yes	yes
04	124v	OK	yes	yes
04	125r	OK	yes	yes
04	125v	OK	yes	yes
04	126r	OK	yes	yes
04	126v	OK	yes	yes
04	127r	OK	yes	yes
04	127v	OK	yes	yes
04	128r	OK	yes	yes
04	128v	OK	yes	yes
04	129r	OK	yes	yes
04	129v	OK	yes	yes
04	130r	OK	yes	yes
04	130v	OK	yes	yes
04	131r	OK	yes	yes
04	131v	OK	yes	yes
04	132r	OK	yes	yes
04	132v	OK	yes	yes
04	133r	OK	yes	yes
04	133v	OK	yes	yes
04	134r	OK	yes	yes
04	134v	OK	yes	yes
04	135r	OK	yes	yes
04	135v	OK	yes	yes
04	136r	OK	yes	yes
04	136v	OK	yes	yes
04	137r	OK	yes	yes
04	137v	OK	yes	yes
04	138r	OK	yes	yes
04	138v	OK	yes	yes
04	139r	OK	yes	yes
04	139v	OK	yes	yes
04	140r	OK	yes	yes
04	140v	OK	yes	yes
04	141r	OK	yes	yes
04	141v	OK	yes	yes
04	142r	OK	yes	yes
04	142v	OK	yes	yes
04	143r	OK	yes	yes
04	143v	OK	yes	yes
04	144r	OK	yes	yes
04	144v	OK	yes	yes
04	145r	OK	yes	yes
04	145v	OK	yes	yes
04	146r	OK	yes	yes
04	146v	OK	yes	yes
04	147r	OK	yes	yes
04	147v	OK	yes	yes
04	148r	OK	yes	yes
04	148v	OK	yes	yes
04	149r	OK	yes	yes
04	149v	OK	yes	yes
04	150r	OK	yes	yes
04	150v	OK	yes	yes
04	151r	OK	yes	yes
04	151v	OK	yes	yes
04	152r	OK	yes	yes
04	152v	OK	yes	yes
04	153r	OK	yes	yes
04	153v	OK	yes	yes
04	154r	OK	yes	yes
04	154v	OK	yes	yes
04	155r	OK	yes	yes
04	155v	OK	yes	yes
04	156r	OK	yes	yes
04	156v	OK	yes	yes
04	157r	OK	yes	yes
04	157v	OK	yes	yes
04	158r	OK	yes	yes
04	158v	OK	yes	yes
04	159r	OK	yes	yes
04	159v	OK	yes	yes
04	160r	OK	yes	yes
04	160v	OK	yes	yes
04	161r	OK	yes	yes
04	161v	OK	yes	yes
04	162r	OK	yes	yes
04	162v	OK	yes	yes
04	163r	OK	yes	yes
04	163v	OK	yes	yes
04	164r	OK	yes	yes
04	164v	OK	yes	yes
04	165r	OK	yes	yes
04	165v	OK	yes	yes
04	166r	OK	yes	yes
04	166v	OK	yes	yes
04	167r	OK	yes	yes
04	167v	OK	yes	yes
04	168r	OK	yes	yes
04	168v	OK	yes	yes
04	169r	OK	yes	yes
04	169v	OK	yes	yes
04	170r	OK	yes	yes
04	170v	OK	yes	yes
04	171r	OK	yes	yes
04	171v	OK	yes	yes
04	172r	OK	yes	yes
04	172v	OK	yes	yes
04	173r	OK	yes	yes
04	173v	OK	yes	yes
04	174r	OK	yes	yes
04	174v	OK	yes	yes
04	175r	OK	yes	yes
04	175v	OK	yes	yes
04	176r	OK	yes	yes
04	176v	OK	yes	yes
04	177r	OK	yes	yes
04	177v	OK	yes	yes
04	178r	OK	yes	yes
04	178v	OK	yes	yes
04	179r	OK	yes	yes
04	179v	OK	yes	yes
04	180r	OK	yes	yes
04	180v	OK	yes	yes
04	181r	OK	yes	yes
04	181v	OK	yes	yes
04	182r	OK	yes	yes
04	182v	OK	yes	yes
04	183r	OK	yes	yes
04	183v	OK	yes	yes
04	184r	OK	yes	yes
04	184v	OK	yes	yes
04	185r	OK	yes	yes
04	185v	OK	yes	yes
04	186r	OK	yes	yes
04	186v	OK	yes	yes
04	187r	OK	yes	yes
04	187v	OK	yes	yes
04	188r	OK	yes	yes
04	188v	OK	yes	yes
04	189r	OK	yes	yes
04	189v	OK	yes	yes
04	190r	OK	yes	yes
04	190v	OK	yes	yes
04	191r	OK	yes	yes
04	191v	OK	yes	yes
04	192r	OK	yes	yes
04	192v	OK	yes	yes
04	193r	OK	yes	yes
04	193v	OK	yes	yes
04	194r	OK	yes	yes
04	194v	OK	yes	yes
04	195r	OK	yes	yes
04	195v	OK	yes	yes
04	196r	OK	yes	yes
04	196v	OK	yes	yes
04	197r	OK	yes	yes
04	197v	OK	yes	yes
04	198r	OK	yes	yes
04	198v	OK	yes	yes
04	199r	OK	yes	yes
04	199v	OK	yes	yes
04	200r	OK	yes	yes
04	200v	OK	yes	yes
04	201r	OK	yes	yes
04	201v	OK	yes	yes
04	202r	OK	yes	yes
04	202v	OK	yes	yes
04	203r	OK	yes	yes
04	203v	OK	yes	yes
04	204r	OK	yes	yes
04	204v	OK	yes	yes
04	205r	OK	yes	yes
04	205v	OK	yes	yes
04	206r	OK	yes	yes
04	206v	OK	yes	yes
04	207r	OK	yes	yes
04	207v	OK	yes	yes
04	208r	OK	yes	yes
04	208v	OK	yes	yes
04	209r	OK	yes	yes
04	209v	OK	yes	yes
04	210r	OK	yes	yes
04	210v	OK	yes	yes
04	211r	OK	yes	yes
04	211v	OK	yes	yes
04	212r	OK	yes	yes
04	212v	OK	yes	yes
04	213r	OK	yes	yes
04	213v	OK	yes	yes
04	214r	OK	yes	yes
04	214v	OK	yes	yes
04	215r	OK	yes	yes
04	215v	OK	yes	yes
04	216r	OK	yes	yes
04	216v	OK	yes	yes
04	217r	OK	yes	yes
04	217v	OK	yes	yes
04	218r	OK	yes	yes
04	218v	OK	yes	yes
04	219r	OK	yes	yes
04	219v	OK	yes	yes
04	220r	OK	yes	yes
04	220v	OK	yes	yes
04	221r	OK	yes	yes
04	221v	OK	yes	yes
04	222r	OK	yes	yes
04	222v	OK	yes	yes
04	223r	OK	yes	yes
04	223v	OK	yes	yes
04	224r	OK	yes	yes
04	224v	OK	yes	yes
04	225r	OK	yes	yes
04	225v	OK	yes	yes
04	226r	OK	yes	yes
04	226v	OK	yes	yes
04	227r	OK	yes	yes
04	227v	OK	yes	yes
04	228r	OK	yes	yes
04	228v	OK	yes	yes
04	229r	OK	yes	yes
04	229v	OK	yes	yes
04	230r	OK	yes	yes
04	230v	OK	yes	yes
04	231r	OK	yes	yes
04	231v	OK	yes	yes
04	232r	OK	yes	yes
04	232v	OK	yes	yes
04	233r	OK	yes	yes
04	233v	OK	yes	yes
04	234r	OK	yes	yes
04	234v	OK	yes	yes
04	235r	OK	yes	yes
04	235v	OK	yes	yes
04	236r	OK	yes	yes
04	236v	OK	yes	yes
04	237r	OK	yes	yes
04	237v	OK	yes	yes
04	238r	OK	yes	yes
04	238v	OK	yes	yes
04	239r	OK	yes	yes
04	239v	OK	yes	yes
04	240r	OK	yes	yes
04	240v	OK	yes	yes
04	241r	OK	yes	yes
04	241v	OK	yes	yes
04	242r	OK	yes	yes
04	242v	OK	yes	yes
04	243r	OK	yes	yes
04	243v	OK	yes	yes
04	244r	OK	yes	yes
04	244v	OK	yes	yes
04	245r	OK	yes	yes
04	245v	OK	yes	yes
04	246r	OK	yes	yes
04	246v	OK	yes	yes
04	247r	OK	yes	yes
04	247v	OK	yes	yes
04	248r	OK	yes	yes
04	248v	OK	yes	yes
04	249r	OK	yes	yes
04	249v	OK	yes	yes
04	250r	OK	yes	yes
04	250v	OK	yes	yes
04	251r	OK	yes	yes
04	251v	OK	yes	yes
04	252r	OK	yes	yes
04	252v	OK	yes	yes
04	253r	OK	yes	yes
04	253v	OK	yes	yes
04	254r	OK	yes	yes
04	254v	OK	yes	yes
04	255r	OK	yes	yes
04	255v	OK	yes	yes
04	256r	OK	yes	yes
04	256v	OK	yes	yes
04	257r	OK	yes	yes
04	257v	OK	yes	yes
04	258r	OK	yes	yes
04	258v	OK	yes	yes
04	259r	OK	yes	yes
04	259v	OK	yes	yes
04	260r	OK	yes	yes
04	260v	OK	yes	yes
04	261r	OK	yes	yes
04	261v	OK	yes	yes
04	262r	OK	yes	yes
04	262v	OK	yes	yes
04	263r	OK	yes	yes
04	263v	OK	yes	yes
04	264r	OK	yes	yes
04	264v	OK	yes	yes
04	265r	OK	yes	yes
04	265v	OK	yes	yes
04	266r	OK	yes	yes
04	266v	OK	yes	yes
04	267r	OK	yes	yes
04	267v	OK	yes	yes
04	268r	OK	yes	yes
04	268v	OK	yes	yes
04	269r	OK	yes	yes
04	269v	OK	yes	yes
04	270r	OK	yes	yes
04	270v	OK	yes	yes
04	271r	OK	yes	yes
04	271v	OK	yes	yes
04	272r	OK	yes	yes
04	272v	OK	yes	yes
04	273r	OK	yes	yes
04	273v	OK	yes	yes
04	274r	OK	yes	yes
04	274v	OK	yes	yes
04	275r	OK	yes	yes
04	275v	OK	yes	yes
04	276r	OK	yes	yes
04	276v	OK	yes	yes
04	277r	OK	yes	yes
04	277v	OK	yes	yes
04	278r	OK	yes	yes
04	278v	OK	yes	yes
04	279r	OK	yes	yes
04	279v	OK	yes	yes
04	280r	OK	yes	yes
04	280v	OK	yes	yes
04	281r	OK	yes	yes
04	281v	OK	yes	yes
04	282r	OK	yes	yes
04	282v	OK	yes	yes
04	283r	OK	yes	yes
04	283v	OK	yes	yes
04	284r	OK	yes	yes
04	284v	OK	yes	yes
04	285r	OK	yes	yes
04	285v	OK	yes	yes
04	286r	OK	yes	yes
04	286v	OK	yes	yes
04	287r	OK	yes	yes
04	287v	OK	yes	yes
04	288r	OK	yes	yes
04	288v	OK	yes	yes
04	289r	OK	yes	yes
04	289v	OK	yes	yes
04	290r	OK	yes	yes
04	290v	OK	yes	yes
04	291r	OK	yes	yes
04	291v	OK	yes	yes
04	292r	OK	yes	yes
04	292v	OK	yes	yes
04	293r	OK	yes	yes
04	293v	OK	yes	yes
04	294r	OK	yes	yes
04	294v	OK	yes	yes
04	295r	OK	yes	yes
04	295v	OK	yes	yes
04	296r	OK	yes	yes
04	296v	OK	yes	yes
04	297r	OK	yes	yes
04	297v	OK	yes	yes
04	298r	OK	yes	yes
04	298v	OK	yes	yes
04	299r	OK	yes	yes
04	299v	OK	yes	yes
04	300r	OK	yes	yes
04	300v	OK	yes	yes
04	301r	OK	yes	yes
04	301v	OK	yes	yes
04	302r	OK	yes	yes
04	302v	OK	yes	yes
04	303r	OK	yes	yes
04	303v	OK	yes	yes
04	304r	OK	yes	yes
04	304v	OK	yes	yes
04	305r	OK	yes	yes
04	305v	OK	yes	yes
04	306r	OK	yes	yes
04	306v	OK	yes	yes
04	307r	OK	yes	yes
04	307v	OK	yes	yes
04	308r	OK	yes	yes
04	308v	OK	yes	yes
04	309r	OK	yes	yes
04	309v	OK	yes	yes
04	310r	OK	yes	yes
04	310v	OK	yes	yes
04	311r	OK	yes	yes
04	311v	OK	yes	yes
04	312r	OK	yes	yes
04	312v	OK	yes	yes
04	313r	OK	yes	yes
04	313v	OK	yes	yes
04	314r	OK	yes	yes
04	314v	OK	yes	yes
04	315r	OK	yes	yes
04	315v	OK	yes	yes
04	316r	OK	yes	yes
04	316v	OK	yes	yes
04	317r	OK	yes	yes
04	317v	OK	yes	yes
04	318r	OK	yes	yes
04	318v	OK	yes	yes
04	318bisr	OK	yes	yes
04	318bisv	OK	yes	yes
04	319r	OK	yes	yes
04	319v	OK	yes	yes
04	320r	OK	yes	yes
04	320v	OK	yes	yes
04	321r	OK	yes	yes
04	321v	OK	yes	yes
04	322r	OK	yes	yes
04	322v	OK	yes	yes
04	323r	OK	yes	yes
04	323v	OK	yes	yes
04	324r	OK	yes	yes
04	324v	OK	yes	yes
04	325r	OK	yes	yes
04	325v	OK	yes	yes
04	326r	OK	yes	yes
04	326v	OK	yes	yes
04	327r	OK	yes	yes
04	327v	OK	yes	yes
04	328r	OK	yes	yes
04	328v	OK	yes	yes
04	329r	OK	yes	yes
04	329v	OK	yes	yes
04	330r	OK	yes	yes
04	330v	OK	yes	yes
04	331r	OK	yes	yes
04	331v	OK	yes	yes
04	332r	OK	yes	yes
04	332v	OK	yes	yes
04	333r	OK	yes	yes
04	333v	OK	yes	yes
04	334r	OK	yes	yes
04	334v	OK	yes	yes
04	335r	OK	yes	yes
04	335v	OK	yes	yes
04	336r	OK	yes	yes
04	336v	OK	yes	yes
04	337r	OK	yes	yes
04	337v	OK	yes	yes
04	338r	OK	yes	yes
04	338v	OK	yes	yes
04	339r	OK	yes	yes
04	339v	OK	yes	yes
04	340r	OK	yes	yes
04	340v	OK	yes	yes
04	341r	OK	yes	yes
04	341v	OK	yes	yes
04	342r	OK	yes	yes
04	342v	OK	yes	yes
04	343r	OK	yes	yes
04	343v	OK	yes	yes
04	344r	OK	yes	yes
04	344v	OK	yes	yes
04	345r	OK	yes	yes
04	345v	OK	yes	yes
04	346r	OK	yes	yes
04	346v	OK	yes	yes
04	347r	OK	yes	yes
04	347v	OK	yes	yes
04	348r	OK	yes	yes
04	348v	OK	yes	yes
04	349r	OK	yes	yes
04	349v	OK	yes	yes
04	350r	OK	yes	yes
04	350v	OK	yes	yes
04	351r	OK	yes	yes
04	351v	OK	yes	yes
04	352r	OK	yes	yes
04	352v	OK	yes	yes
04	353r	OK	yes	yes
04	353v	OK	yes	yes
04	354r	OK	yes	yes
04	354v	OK	yes	yes
04	355r	OK	yes	yes
04	355v	OK	yes	yes
04	356r	OK	yes	yes
04	356v	OK	yes	yes
04	357r	OK	yes	yes
04	357v	OK	yes	yes
04	358r	OK	yes	yes
04	358v	OK	yes	yes
04	359r	OK	yes	yes
04	359v	OK	yes	yes
04	360r	OK	yes	yes
04	360v	OK	yes	yes
04	361r	OK	yes	yes
04	361v	OK	yes	yes
04	362r	OK	yes	yes
04	362v	OK	yes	yes
04	363r	OK	yes	yes
04	363v	OK	yes	yes
04	364r	OK	yes	yes
04	364v	OK	yes	yes
04	365r	OK	yes	yes
04	365v	OK	yes	yes
04	366r	OK	yes	yes
04	366v	OK	yes	yes
04	367r	OK	yes	yes
04	367v	OK	yes	yes
04	368r	OK	yes	yes
04	368v	OK	yes	yes
04	369r	OK	yes	yes
04	369v	OK	yes	yes
04	370r	OK	yes	yes
04	370v	OK	yes	yes
04	371r	OK	yes	yes
04	371v	OK	yes	yes
04	372r	OK	yes	yes
04	372v	OK	yes	yes
04	373r	OK	yes	yes
04	373v	OK	yes	yes
04	374r	OK	yes	yes
04	374v	OK	yes	yes
04	375r	OK	yes	yes
04	375v	OK	yes	yes
04	376r	OK	yes	yes
04	376v	OK	yes	yes
04	377r	OK	yes	yes
04	377v	OK	yes	yes
04	378r	OK	yes	yes
04	378v	OK	yes	yes
04	379r	OK	yes	yes
04	379v	OK	yes	yes
04	380r	OK	yes	yes
04	380v	OK	yes	yes
04	381r	OK	yes	yes
04	381v	OK	yes	yes
04	382r	OK	yes	yes
04	382v	OK	yes	yes
04	383r	OK	yes	yes
04	383v	OK	yes	yes
04	384r	OK	yes	yes
04	384v	OK	yes	yes
04	385r	OK	yes	yes
04	385v	OK	yes	yes
04	386r	OK	yes	yes
04	386v	OK	yes	yes
04	387r	OK	yes	yes
04	387v	OK	yes	yes
04	388r	OK	yes	yes
04	388v	OK	yes	yes
04	389r	OK	yes	yes
04	389v	OK	yes	yes
04	390r	OK	yes	yes
04	390v	OK	yes	yes
04	391r	OK	yes	yes
04	391v	OK	yes	yes
04	392r	OK	yes	yes
04	392v	OK	yes	yes
04	393r	OK	yes	yes
04	393v	OK	yes	yes
04	393bisr	OK	yes	yes
04	393bisv	OK	yes	yes
04	394r	OK	yes	yes
04	394v	OK	yes	yes
04	395r	OK	yes	yes
04	395v	OK	yes	yes
04	396r	OK	yes	yes
04	396v	OK	yes	yes
04	397r	OK	yes	yes
04	397v	OK	yes	yes
04	398r	OK	yes	yes
04	398v	OK	yes	yes
04	399r	OK	yes	yes
04	399v	OK	yes	yes
04	400r	OK	yes	yes
04	400v	OK	yes	yes
04	400bisr	OK	yes	yes
04	400bisv	OK	yes	yes
05	001r	OK	yes	yes
05	001v	OK	yes	yes
05	002r	OK	yes	yes
05	002v	OK	yes	yes
05	003r	OK	yes	yes
05	003v	OK	yes	yes
05	004r	OK	yes	yes
05	004v	OK	yes	yes
05	005r	OK	yes	yes
05	005v	OK	yes	yes
05	006r	OK	yes	yes
05	006v	OK	yes	yes
05	007r	OK	yes	yes
05	007v	OK	yes	yes
05	008r	OK	yes	yes
05	008v	OK	yes	yes
05	009r	OK	yes	yes
05	009v	OK	yes	yes
05	010r	OK	yes	yes
05	010v	OK	yes	yes
05	011r	OK	yes	yes
05	011v	OK	yes	yes
05	012r	OK	yes	yes
05	012v	OK	yes	yes
05	013r	OK	yes	yes
05	013v	OK	yes	yes
05	014r	OK	yes	yes
05	014v	OK	yes	yes
05	015r	OK	yes	yes
05	015v	OK	yes	yes
05	016r	OK	yes	yes
05	016v	OK	yes	yes
05	017r	OK	yes	yes
05	017v	OK	yes	yes
05	018r	OK	yes	yes
05	018v	OK	yes	yes
05	019r	OK	yes	yes
05	019v	OK	yes	yes
05	020r	OK	yes	yes
05	020v	OK	yes	yes
05	021r	OK	yes	yes
05	021v	OK	yes	yes
05	022r	OK	yes	yes
05	022v	OK	yes	yes
05	023r	OK	yes	yes
05	023v	OK	yes	yes
05	024r	OK	yes	yes
05	024v	OK	yes	yes
05	025r	OK	yes	yes
05	025v	OK	yes	yes
05	026r	OK	yes	yes
05	026v	OK	yes	yes
05	027r	OK	yes	yes
05	027v	OK	yes	yes
05	028r	OK	yes	yes
05	028v	OK	yes	yes
05	029r	OK	yes	yes
05	029v	OK	yes	yes
05	030r	OK	yes	yes
05	030v	OK	yes	yes
05	031r	OK	yes	yes
05	031v	OK	yes	yes
05	032r	OK	yes	yes
05	032v	OK	yes	yes
05	033r	OK	yes	yes
05	033v	OK	yes	yes
05	034r	OK	yes	yes
05	034v	OK	yes	yes
05	035r	OK	yes	yes
05	035v	OK	yes	yes
05	036r	OK	yes	yes
05	036v	OK	yes	yes
05	037r	OK	yes	yes
05	037v	OK	yes	yes
05	038r	OK	yes	yes
05	038v	OK	yes	yes
05	039r	OK	yes	yes
05	039v	OK	yes	yes
05	040r	OK	yes	yes
05	040v	OK	yes	yes
05	041r	OK	yes	yes
05	041v	OK	yes	yes
05	042r	OK	yes	yes
05	042v	OK	yes	yes
05	043r	OK	yes	yes
05	043v	OK	yes	yes
05	044r	OK	yes	yes
05	044v	OK	yes	yes
05	045r	OK	yes	yes
05	045v	OK	yes	yes
05	046r	OK	yes	yes
05	046v	OK	yes	yes
05	047r	OK	yes	yes
05	047v	OK	yes	yes
05	048r	OK	yes	yes
05	048v	OK	yes	yes
05	049r	OK	yes	yes
05	049v	OK	yes	yes
05	050r	OK	yes	yes
05	050v	OK	yes	yes
05	051r	OK	yes	yes
05	051v	OK	yes	yes
05	052r	OK	yes	yes
05	052v	OK	yes	yes
05	053r	OK	yes	yes
05	053v	OK	yes	yes
05	054r	OK	yes	yes
05	054v	OK	yes	yes
05	055r	OK	yes	yes
05	055v	OK	yes	yes
05	056r	OK	yes	yes
05	056v	OK	yes	yes
05	057r	OK	yes	yes
05	057v	OK	yes	yes
05	058r	OK	yes	yes
05	058v	OK	yes	yes
05	059r	OK	yes	yes
05	059v	OK	yes	yes
05	060r	OK	yes	yes
05	060v	OK	yes	yes
05	061r	OK	yes	yes
05	061v	OK	yes	yes
05	062r	OK	yes	yes
05	062v	OK	yes	yes
05	063r	OK	yes	yes
05	063v	OK	yes	yes
05	064r	OK	yes	yes
05	064v	OK	yes	yes
05	065r	OK	yes	yes
05	065v	OK	yes	yes
05	066r	OK	yes	yes
05	066v	OK	yes	yes
05	067r	OK	yes	yes
05	067v	OK	yes	yes
05	068r	OK	yes	yes
05	068v	OK	yes	yes
05	069r	OK	yes	yes
05	069v	OK	yes	yes
05	070r	OK	yes	yes
05	070v	OK	yes	yes
05	071r	OK	yes	yes
05	071v	OK	yes	yes
05	072r	OK	yes	yes
05	072v	OK	yes	yes
05	073r	OK	yes	yes
05	073v	OK	yes	yes
05	074r	OK	yes	yes
05	074v	OK	yes	yes
05	075r	OK	yes	yes
05	075v	OK	yes	yes
05	076r	OK	yes	yes
05	076v	OK	yes	yes
05	077r	OK	yes	yes
05	077v	OK	yes	yes
05	078r	OK	yes	yes
05	078v	OK	yes	yes
05	079r	OK	yes	yes
05	079v	OK	yes	yes
05	080r	OK	yes	yes
05	080v	OK	yes	yes
05	081r	OK	yes	yes
05	081v	OK	yes	yes
05	082r	OK	yes	yes
05	082v	OK	yes	yes
05	083r	OK	yes	yes
05	083v	OK	yes	yes
05	084r	OK	yes	yes
05	084v	OK	yes	yes
05	085r	OK	yes	yes
05	085v	OK	yes	yes
05	086r	OK	yes	yes
05	086v	OK	yes	yes
05	087r	OK	yes	yes
05	087v	OK	yes	yes
05	088r	OK	yes	yes
05	088v	OK	yes	yes
05	089r	OK	yes	yes
05	089v	OK	yes	yes
05	090r	OK	yes	yes
05	090v	OK	yes	yes
05	091r	OK	yes	yes
05	091v	OK	yes	yes
05	092r	OK	yes	yes
05	092v	OK	yes	yes
05	093r	OK	yes	yes
05	093v	OK	yes	yes
05	094r	OK	yes	yes
05	094v	OK	yes	yes
05	095r	OK	yes	yes
05	095v	OK	yes	yes
05	096r	OK	yes	yes
05	096v	OK	yes	yes
05	097r	OK	yes	yes
05	097v	OK	yes	yes
05	098r	OK	yes	yes
05	098v	OK	yes	yes
05	099r	OK	yes	yes
05	099v	OK	yes	yes
05	100r	OK	yes	yes
05	100v	OK	yes	yes
05	101r	OK	yes	yes
05	101v	OK	yes	yes
05	102r	OK	yes	yes
05	102v	OK	yes	yes
05	103r	OK	yes	yes
05	103v	OK	yes	yes
05	104r	OK	yes	yes
05	104v	OK	yes	yes
05	105r	OK	yes	yes
05	105v	OK	yes	yes
05	106r	OK	yes	yes
05	106v	OK	yes	yes
05	107r	OK	yes	yes
05	107v	OK	yes	yes
05	108r	OK	yes	yes
05	108v	OK	yes	yes
05	109r	OK	yes	yes
05	109v	OK	yes	yes
05	110r	OK	yes	yes
05	110v	OK	yes	yes
05	111r	OK	yes	yes
05	111v	OK	yes	yes
05	112r	OK	yes	yes
05	112v	OK	yes	yes
05	113r	OK	yes	yes
05	113v	OK	yes	yes
05	114r	OK	yes	yes
05	114v	OK	yes	yes
05	115r	OK	yes	yes
05	115v	OK	yes	yes
05	116r	OK	yes	yes
05	116v	OK	yes	yes
05	117r	OK	yes	yes
05	117v	OK	yes	yes
05	118r	OK	yes	yes
05	118v	OK	yes	yes
05	119r	OK	yes	yes
05	119v	OK	yes	yes
05	120r	OK	yes	yes
05	120v	OK	yes	yes
05	121r	OK	yes	yes
05	121v	OK	yes	yes
05	122r	OK	yes	yes
05	122v	OK	yes	yes
05	123r	OK	yes	yes
05	123v	OK	yes	yes
05	124r	OK	yes	yes
05	124v	OK	yes	yes
05	125r	OK	yes	yes
05	125v	OK	yes	yes
05	126r	OK	yes	yes
05	126v	OK	yes	yes
05	127r	OK	yes	yes
05	127v	OK	yes	yes
05	128r	OK	yes	yes
05	128v	OK	yes	yes
05	129r	OK	yes	yes
05	129v	OK	yes	yes
05	130r	OK	yes	yes
05	130v	OK	yes	yes
05	131r	OK	yes	yes
05	131v	OK	yes	yes
05	132r	OK	yes	yes
05	132v	OK	yes	yes
05	133r	OK	yes	yes
05	133v	OK	yes	yes
05	134r	OK	yes	yes
05	134v	OK	yes	yes
05	135r	OK	yes	yes
05	135v	OK	yes	yes
05	136r	OK	yes	yes
05	136v	OK	yes	yes
05	137r	OK	yes	yes
05	137v	OK	yes	yes
05	138r	OK	yes	yes
05	138v	OK	yes	yes
05	139r	OK	yes	yes
05	139v	OK	yes	yes
05	140r	OK	yes	yes
05	140v	OK	yes	yes
05	141r	OK	yes	yes
05	141v	OK	yes	yes
05	142r	OK	yes	yes
05	142v	OK	yes	yes
05	143r	OK	yes	yes
05	143v	OK	yes	yes
05	144r	OK	yes	yes
05	144v	OK	yes	yes
05	145r	OK	yes	yes
05	145v	OK	yes	yes
05	146r	OK	yes	yes
05	146v	OK	yes	yes
05	147r	OK	yes	yes
05	147v	OK	yes	yes
05	148r	OK	yes	yes
05	148v	OK	yes	yes
05	149r	OK	yes	yes
05	149v	OK	yes	yes
05	150r	OK	yes	yes
05	150v	OK	yes	yes
05	151r	OK	yes	yes
05	151v	OK	yes	yes
05	152r	OK	yes	yes
05	152v	OK	yes	yes
05	153r	OK	yes	yes
05	153v	OK	yes	yes
05	154r	OK	yes	yes
05	154v	OK	yes	yes
05	155r	OK	yes	yes
05	155v	OK	yes	yes
05	156r	OK	yes	yes
05	156v	OK	yes	yes
05	157r	OK	yes	yes
05	157v	OK	yes	yes
05	158r	OK	yes	yes
05	158v	OK	yes	yes
05	159r	OK	yes	yes
05	159v	OK	yes	yes
05	160r	OK	yes	yes
05	160v	OK	yes	yes
05	161r	OK	yes	yes
05	161v	OK	yes	yes
05	162r	OK	yes	yes
05	162v	OK	yes	yes
05	163r	OK	yes	yes
05	163v	OK	yes	yes
05	164r	OK	yes	yes
05	164v	OK	yes	yes
05	165r	OK	yes	yes
05	165v	OK	yes	yes
05	166r	OK	yes	yes
05	166v	OK	yes	yes
05	167r	OK	yes	yes
05	167v	OK	yes	yes
05	168r	OK	yes	yes
05	168v	OK	yes	yes
05	169r	OK	yes	yes
05	169v	OK	yes	yes
05	170r	OK	yes	yes
05	170v	OK	yes	yes
05	171r	OK	yes	yes
05	171v	OK	yes	yes
05	172r	OK	yes	yes
05	172v	OK	yes	yes
05	173r	OK	yes	yes
05	173v	OK	yes	yes
05	174r	OK	yes	yes
05	174v	OK	yes	yes
05	175r	OK	yes	yes
05	175v	OK	yes	yes
05	176r	OK	yes	yes
05	176v	OK	yes	yes
05	177r	OK	yes	yes
05	177v	OK	yes	yes
05	178r	OK	yes	yes
05	178v	OK	yes	yes
05	179r	OK	yes	yes
05	179v	OK	yes	yes
05	180r	OK	yes	yes
05	180v	OK	yes	yes
05	181r	OK	yes	yes
05	181v	OK	yes	yes
05	182r	OK	yes	yes
05	182v	OK	yes	yes
05	183r	OK	yes	yes
05	183v	OK	yes	yes
05	184r	OK	yes	yes
05	184v	OK	yes	yes
05	185r	OK	yes	yes
05	185v	OK	yes	yes
05	186r	OK	yes	yes
05	186v	OK	yes	yes
05	187r	OK	yes	yes
05	187v	OK	yes	yes
05	188r	OK	yes	yes
05	188v	OK	yes	yes
05	189r	OK	yes	yes
05	189v	OK	yes	yes
05	190r	OK	yes	yes
05	190v	OK	yes	yes
05	191r	OK	yes	yes
05	191v	OK	yes	yes
05	192r	OK	yes	yes
05	192v	OK	yes	yes
05	193r	OK	yes	yes
05	193v	OK	yes	yes
05	194r	OK	yes	yes
05	194v	OK	yes	yes
05	195r	OK	yes	yes
05	195v	OK	yes	yes
05	196r	OK	yes	yes
05	196v	OK	yes	yes
05	197r	OK	yes	yes
05	197v	OK	yes	yes
05	198r	OK	yes	yes
05	198v	OK	yes	yes
05	199r	OK	yes	yes
05	199v	OK	yes	yes
05	200r	OK	yes	yes
05	200v	OK	yes	yes
05	201r	OK	yes	yes
05	201v	OK	yes	yes
05	202r	OK	yes	yes
05	202v	OK	yes	yes
05	203r	OK	yes	yes
05	203v	OK	yes	yes
05	204r	OK	yes	yes
05	204v	OK	yes	yes
05	205r	OK	yes	yes
05	205v	OK	yes	yes
05	206r	OK	yes	yes
05	206v	OK	yes	yes
05	207r	OK	yes	yes
05	207v	OK	yes	yes
05	208r	OK	yes	yes
05	208v	OK	yes	yes
05	209r	OK	yes	yes
05	209v	OK	yes	yes
05	210r	OK	yes	yes
05	210v	OK	yes	yes
05	211r	OK	yes	yes
05	211v	OK	yes	yes
05	212r	OK	yes	yes
05	212v	OK	yes	yes
05	213r	OK	yes	yes
05	213v	OK	yes	yes
05	214r	OK	yes	yes
05	214v	OK	yes	yes
05	215r	OK	yes	yes
05	215v	OK	yes	yes
05	216r	OK	yes	yes
05	216v	OK	yes	yes
05	217r	OK	yes	yes
05	217v	OK	yes	yes
05	218r	OK	yes	yes
05	218v	OK	yes	yes
05	219r	OK	yes	yes
05	219v	OK	yes	yes
05	220r	OK	yes	yes
05	220v	OK	yes	yes
05	221r	OK	yes	yes
05	221v	OK	yes	yes
05	222r	OK	yes	yes
05	222v	OK	yes	yes
05	223r	OK	yes	yes
05	223v	OK	yes	yes
05	224r	OK	yes	yes
05	224v	OK	yes	yes
05	225r	OK	yes	yes
05	225v	OK	yes	yes
05	226r	OK	yes	yes
05	226v	OK	yes	yes
05	227r	OK	yes	yes
05	227v	OK	yes	yes
05	228r	OK	yes	yes
05	228v	OK	yes	yes
05	229r	OK	yes	yes
05	229v	OK	yes	yes
05	230r	OK	yes	yes
05	230v	OK	yes	yes
05	231r	OK	yes	yes
05	231v	OK	yes	yes
05	232r	OK	yes	yes
05	232v	OK	yes	yes
05	233r	OK	yes	yes
05	233v	OK	yes	yes
05	234r	OK	yes	yes
05	234v	OK	yes	yes
05	235r	OK	yes	yes
05	235v	OK	yes	yes
05	236r	OK	yes	yes
05	236v	OK	yes	yes
05	237r	OK	yes	yes
05	237v	OK	yes	yes
05	238r	OK	yes	yes
05	238v	OK	yes	yes
05	239r	OK	yes	yes
05	239v	OK	yes	yes
05	240r	OK	yes	yes
05	240v	OK	yes	yes
05	241r	OK	yes	yes
05	241v	OK	yes	yes
05	242r	OK	yes	yes
05	242v	OK	yes	yes
05	243r	OK	yes	yes
05	243v	OK	yes	yes
05	244r	OK	yes	yes
05	244v	OK	yes	yes
05	245r	OK	yes	yes
05	245v	OK	yes	yes
05	246r	OK	yes	yes
05	246v	OK	yes	yes
05	247r	OK	yes	yes
05	247v	OK	yes	yes
05	248r	OK	yes	yes
05	248v	OK	yes	yes
05	249r	OK	yes	yes
05	249v	OK	yes	yes
05	250r	OK	yes	yes
05	250v	OK	yes	yes
05	251r	OK	yes	yes
05	251v	OK	yes	yes
05	252r	OK	yes	yes
05	252v	OK	yes	yes
05	253r	OK	yes	yes
05	253v	OK	yes	yes
05	254r	OK	yes	yes
05	254v	OK	yes	yes
05	255r	OK	yes	yes
05	255v	OK	yes	yes
05	256r	OK	yes	yes
05	256v	OK	yes	yes
05	257r	OK	yes	yes
05	257v	OK	yes	yes
05	258r	OK	yes	yes
05	258v	OK	yes	yes
05	259r	OK	yes	yes
05	259v	OK	yes	yes
05	260r	OK	yes	yes
05	260v	OK	yes	yes
05	261r	OK	yes	yes
05	261v	OK	yes	yes
05	262r	OK	yes	yes
05	262v	OK	yes	yes
05	263r	OK	yes	yes
05	263v	OK	yes	yes
05	264r	OK	yes	yes
05	264v	OK	yes	yes
05	265r	OK	yes	yes
05	265v	OK	yes	yes
05	266r	OK	yes	yes
05	266v	OK	yes	yes
05	267r	OK	yes	yes
05	267v	OK	yes	yes
05	268r	OK	yes	yes
05	268v	OK	yes	yes
05	269r	OK	yes	yes
05	269v	OK	yes	yes
05	270r	OK	yes	yes
05	270v	OK	yes	yes
05	271r	OK	yes	yes
05	271v	OK	yes	yes
05	272r	OK	yes	yes
05	272v	OK	yes	yes
05	273r	OK	yes	yes
05	273v	OK	yes	yes
05	274r	OK	yes	yes
05	274v	OK	yes	yes
05	275r	OK	yes	yes
05	275v	OK	yes	yes
05	276r	OK	yes	yes
05	276v	OK	yes	yes
05	277r	OK	yes	yes
05	277v	OK	yes	yes
05	278r	OK	yes	yes
05	278v	OK	yes	yes
05	279r	OK	yes	yes
05	279v	OK	yes	yes
05	280r	OK	yes	yes
05	280v	OK	yes	yes
05	281r	OK	yes	yes
05	281v	OK	yes	yes
05	282r	OK	yes	yes
05	282v	OK	yes	yes
05	283r	OK	yes	yes
05	283v	OK	yes	yes
05	284r	OK	yes	yes
05	284v	OK	yes	yes
05	285r	OK	yes	yes
05	285v	OK	yes	yes
05	286r	OK	yes	yes
05	286v	OK	yes	yes
05	287r	OK	yes	yes
05	287v	OK	yes	yes
05	288r	OK	yes	yes
05	288v	OK	yes	yes
05	289r	OK	yes	yes
05	289v	OK	yes	yes
05	290r	OK	yes	yes
05	290v	OK	yes	yes
05	291r	OK	yes	yes
05	291v	OK	yes	yes
05	292r	OK	yes	yes
05	292v	OK	yes	yes
05	293r	OK	yes	yes
05	293v	OK	yes	yes
05	294r	OK	yes	yes
05	294v	OK	yes	yes
05	295r	OK	yes	yes
05	295v	OK	yes	yes
05	296r	OK	yes	yes
05	296v	OK	yes	yes
05	297r	OK	yes	yes
05	297v	OK	yes	yes
05	298r	OK	yes	yes
05	298v	OK	yes	yes
05	299r	OK	yes	yes
05	299v	OK	yes	yes
05	300r	OK	yes	yes
05	300v	OK	yes	yes
05	301r	OK	yes	yes
05	301v	OK	yes	yes
05	302r	OK	yes	yes
05	302v	OK	yes	yes
05	303r	OK	yes	yes
05	303v	OK	yes	yes
05	304r	OK	yes	yes
05	304v	OK	yes	yes
05	305r	OK	yes	yes
05	305v	OK	yes	yes
05	306r	OK	yes	yes
05	306v	OK	yes	yes
05	307r	OK	yes	yes
05	307v	OK	yes	yes
05	308r	OK	yes	yes
05	308v	OK	yes	yes
05	309r	OK	yes	yes
05	309v	OK	yes	yes
05	310r	OK	yes	yes
05	310v	OK	yes	yes
05	311r	OK	yes	yes
05	311v	OK	yes	yes
05	312r	OK	yes	yes
05	312v	OK	yes	yes
05	313r	OK	yes	yes
05	313v	OK	yes	yes
05	314r	OK	yes	yes
05	314v	OK	yes	yes
05	315r	OK	yes	yes
05	315v	OK	yes	yes
05	316r	OK	yes	yes
05	316v	OK	yes	yes
05	317r	OK	yes	yes
05	317v	OK	yes	yes
05	318r	OK	yes	yes
05	318v	OK	yes	yes
05	319r	OK	yes	yes
05	319v	OK	yes	yes
05	320r	OK	yes	yes
05	320v	OK	yes	yes
05	321r	OK	yes	yes
05	321v	OK	yes	yes
05	322r	OK	yes	yes
05	322v	OK	yes	yes
05	323r	OK	yes	yes
05	323v	OK	yes	yes
05	324r	OK	yes	yes
05	324v	OK	yes	yes
05	325r	OK	yes	yes
05	325v	OK	yes	yes
05	326r	OK	yes	yes
05	326v	OK	yes	yes
05	327r	OK	yes	yes
05	327v	OK	yes	yes
05	328r	OK	yes	yes
05	328v	OK	yes	yes
05	329r	OK	yes	yes
05	329v	OK	yes	yes
05	330r	OK	yes	yes
05	330v	OK	yes	yes
05	331r	OK	yes	yes
05	331v	OK	yes	yes
05	332r	OK	yes	yes
05	332v	OK	yes	yes
05	333r	OK	yes	yes
05	333v	OK	yes	yes
05	334r	OK	yes	yes
05	334v	OK	yes	yes
05	335r	OK	yes	yes
05	335v	OK	yes	yes
05	336r	OK	yes	yes
05	336v	OK	yes	yes
05	337r	OK	yes	yes
05	337v	OK	yes	yes
05	338r	OK	yes	yes
05	338v	OK	yes	yes
05	339r	OK	yes	yes
05	339v	OK	yes	yes
05	340r	OK	yes	yes
05	340v	OK	yes	yes
05	341r	OK	yes	yes
05	341v	OK	yes	yes
05	342r	OK	yes	yes
05	342v	OK	yes	yes
05	343r	OK	yes	yes
05	343v	OK	yes	yes
05	344r	OK	yes	yes
05	344v	OK	yes	yes
06	002r	OK	yes	yes
06	002v	OK	yes	yes
06	003r	OK	yes	yes
06	003v	OK	yes	yes
06	004r	OK	yes	yes
06	004v	OK	yes	yes
06	005r	OK	yes	yes
06	005v	OK	yes	yes
06	006r	OK	yes	yes
06	006v	OK	yes	yes
06	007r	OK	yes	yes
06	007v	OK	yes	yes
06	008r	OK	yes	yes
06	008v	OK	yes	yes
06	009r	OK	yes	yes
06	009v	OK	yes	yes
06	010r	OK	yes	yes
06	010v	OK	yes	yes
06	011r	OK	yes	yes
06	011v	OK	yes	yes
06	012r	OK	yes	yes
06	012v	OK	yes	yes
06	013r	OK	yes	yes
06	013v	OK	yes	yes
06	014r	OK	yes	yes
06	014v	OK	yes	yes
06	015r	OK	yes	yes
06	015v	OK	yes	yes
06	016r	OK	yes	yes
06	016v	OK	yes	yes
06	017r	OK	yes	yes
06	017v	OK	yes	yes
06	018r	OK	yes	yes
06	018v	OK	yes	yes
06	019r	OK	yes	yes
06	019v	OK	yes	yes
06	020r	OK	yes	yes
06	020v	OK	yes	yes
06	021r	OK	yes	yes
06	021v	OK	yes	yes
06	022r	OK	yes	yes
06	022v	OK	yes	yes
06	023r	OK	yes	yes
06	023v	OK	yes	yes
06	024r	OK	yes	yes
06	024v	OK	yes	yes
06	025r	OK	yes	yes
06	025v	OK	yes	yes
06	026r	OK	yes	yes
06	026v	OK	yes	yes
06	027r	OK	yes	yes
06	027v	OK	yes	yes
06	028r	OK	yes	yes
06	028v	OK	yes	yes
06	029r	OK	yes	yes
06	029v	OK	yes	yes
06	030r	OK	yes	yes
06	030v	OK	yes	yes
06	031r	OK	yes	yes
06	031v	OK	yes	yes
06	032r	OK	yes	yes
06	032v	OK	yes	yes
06	033r	OK	yes	yes
06	033v	OK	yes	yes
06	034r	OK	yes	yes
06	034v	OK	yes	yes
06	035r	OK	yes	yes
06	035v	OK	yes	yes
06	036r	OK	yes	yes
06	036v	OK	yes	yes
06	037r	OK	yes	yes
06	037v	OK	yes	yes
06	038r	OK	yes	yes
06	038v	OK	yes	yes
06	039r	OK	yes	yes
06	039v	OK	yes	yes
06	040r	OK	yes	yes
06	040v	OK	yes	yes
06	041r	OK	yes	yes
06	041v	OK	yes	yes
06	042r	OK	yes	yes
06	042v	OK	yes	yes
06	043r	OK	yes	yes
06	043v	OK	yes	yes
06	044r	OK	yes	yes
06	044v	OK	yes	yes
06	045r	OK	yes	yes
06	045v	OK	yes	yes
06	046r	OK	yes	yes
06	046v	OK	yes	yes
06	047r	OK	yes	yes
06	047v	OK	yes	yes
06	048r	OK	yes	yes
06	048v	OK	yes	yes
06	049r	OK	yes	yes
06	049v	OK	yes	yes
06	050r	OK	yes	yes
06	050v	OK	yes	yes
06	051r	OK	yes	yes
06	051v	OK	yes	yes
06	052r	OK	yes	yes
06	052v	OK	yes	yes
06	053r	OK	yes	yes
06	053v	OK	yes	yes
06	054r	OK	yes	yes
06	054v	OK	yes	yes
06	055r	OK	yes	yes
06	055v	OK	yes	yes
06	056r	OK	yes	yes
06	056v	OK	yes	yes
06	057r	OK	yes	yes
06	057v	OK	yes	yes
06	058r	OK	yes	yes
06	058v	OK	yes	yes
06	059r	OK	yes	yes
06	059v	OK	yes	yes
06	060r	OK	yes	yes
06	060v	OK	yes	yes
06	061r	OK	yes	yes
06	061v	OK	yes	yes
06	062r	OK	yes	yes
06	062v	OK	yes	yes
06	063r	OK	yes	yes
06	063v	OK	yes	yes
06	064r	OK	yes	yes
06	064v	OK	yes	yes
06	065r	OK	yes	yes
06	065v	OK	yes	yes
06	066r	OK	yes	yes
06	066v	OK	yes	yes
06	067r	OK	yes	yes
06	067v	OK	yes	yes
06	068r	OK	yes	yes
06	068v	OK	yes	yes
06	069r	OK	yes	yes
06	069v	OK	yes	yes
06	070r	OK	yes	yes
06	070v	OK	yes	yes
06	071r	OK	yes	yes
06	071v	OK	yes	yes
06	072r	OK	yes	yes
06	072v	OK	yes	yes
06	073r	OK	yes	yes
06	073v	OK	yes	yes
06	074r	OK	yes	yes
06	074v	OK	yes	yes
06	075r	OK	yes	yes
06	075v	OK	yes	yes
06	076r	OK	yes	yes
06	076v	OK	yes	yes
06	077r	OK	yes	yes
06	077v	OK	yes	yes
06	078r	OK	yes	yes
06	078v	OK	yes	yes
06	079r	OK	yes	yes
06	079v	OK	yes	yes
06	080r	OK	yes	yes
06	080v	OK	yes	yes
06	081r	OK	yes	yes
06	081v	OK	yes	yes
06	082r	OK	yes	yes
06	082v	OK	yes	yes
06	083r	OK	yes	yes
06	083v	OK	yes	yes
06	084r	OK	yes	yes
06	084v	OK	yes	yes
06	085r	OK	yes	yes
06	085v	OK	yes	yes
06	086r	OK	yes	yes
06	086v	OK	yes	yes
06	087r	OK	yes	yes
06	087v	OK	yes	yes
06	088r	OK	yes	yes
06	088v	OK	yes	yes
06	089r	OK	yes	yes
06	089v	OK	yes	yes
06	090r	OK	yes	yes
06	090v	OK	yes	yes
06	091r	OK	yes	yes
06	091v	OK	yes	yes
06	092r	OK	yes	yes
06	092v	OK	yes	yes
06	093r	OK	yes	yes
06	093v	OK	yes	yes
06	094r	OK	yes	yes
06	094v	OK	yes	yes
06	095r	OK	yes	yes
06	095v	OK	yes	yes
06	096r	OK	yes	yes
06	096v	OK	yes	yes
06	097r	OK	yes	yes
06	097v	OK	yes	yes
06	098r	OK	yes	yes
06	098v	OK	yes	yes
06	099r	OK	yes	yes
06	099v	OK	yes	yes
06	100r	OK	yes	yes
06	100v	OK	yes	yes
06	101r	OK	yes	yes
06	101v	OK	yes	yes
06	102r	OK	yes	yes
06	102v	OK	yes	yes
06	103r	OK	yes	yes
06	103v	OK	yes	yes
06	104r	OK	yes	yes
06	104v	OK	yes	yes
06	105r	OK	yes	yes
06	105v	OK	yes	yes
06	106r	OK	yes	yes
06	106v	OK	yes	yes
06	107r	OK	yes	yes
06	107v	OK	yes	yes
06	108r	OK	yes	yes
06	108v	OK	yes	yes
06	109r	OK	yes	yes
06	109v	OK	yes	yes
06	110r	OK	yes	yes
06	110v	OK	yes	yes
06	111r	OK	yes	yes
06	111v	OK	yes	yes
06	112r	OK	yes	yes
06	112v	OK	yes	yes
06	113r	OK	yes	yes
06	113v	OK	yes	yes
06	114r	OK	yes	yes
06	114v	OK	yes	yes
06	115r	OK	yes	yes
06	115v	OK	yes	yes
06	116r	OK	yes	yes
06	116v	OK	yes	yes
06	117r	OK	yes	yes
06	117v	OK	yes	yes
06	118r	OK	yes	yes
06	118v	OK	yes	yes
06	119r	OK	yes	yes
06	119v	OK	yes	yes
06	120r	OK	yes	yes
06	120v	OK	yes	yes
06	121r	OK	yes	yes
06	121v	OK	yes	yes
06	122r	OK	yes	yes
06	122v	OK	yes	yes
06	123r	OK	yes	yes
06	123v	OK	yes	yes
06	124r	OK	yes	yes
06	124v	OK	yes	yes
06	125r	OK	yes	yes
06	125v	OK	yes	yes
06	126r	OK	yes	yes
06	126v	OK	yes	yes
06	127r	OK	yes	yes
06	127v	OK	yes	yes
06	128r	OK	yes	yes
06	128v	OK	yes	yes
06	129r	OK	yes	yes
06	129v	OK	yes	yes
06	130r	OK	yes	yes
06	130v	OK	yes	yes
06	131r	OK	yes	yes
06	131v	OK	yes	yes
06	132r	OK	yes	yes
06	132v	OK	yes	yes
06	133r	OK	yes	yes
06	133v	OK	yes	yes
06	134r	OK	yes	yes
06	134v	OK	yes	yes
06	135r	OK	yes	yes
06	135v	OK	yes	yes
06	136r	OK	yes	yes
06	136v	OK	yes	yes
06	137r	OK	yes	yes
06	137v	OK	yes	yes
06	138r	OK	yes	yes
06	138v	OK	yes	yes
06	139r	OK	yes	yes
06	139v	OK	yes	yes
06	140r	OK	yes	yes
06	140v	OK	yes	yes
06	141r	OK	yes	yes
06	141v	OK	yes	yes
06	142r	OK	yes	yes
06	142v	OK	yes	yes
06	143r	OK	yes	yes
06	143v	OK	yes	yes
06	144r	OK	yes	yes
06	144v	OK	yes	yes
06	145r	OK	yes	yes
06	145v	OK	yes	yes
06	146r	OK	yes	yes
06	146v	OK	yes	yes
06	147r	OK	yes	yes
06	147v	OK	yes	yes
06	148r	OK	yes	yes
06	148v	OK	yes	yes
06	149r	OK	yes	yes
06	149v	OK	yes	yes
06	150r	OK	yes	yes
06	150v	OK	yes	yes
06	151r	OK	yes	yes
06	151v	OK	yes	yes
06	152r	OK	yes	yes
06	152v	OK	yes	yes
06	153r	OK	yes	yes
06	153v	OK	yes	yes
06	154r	OK	yes	yes
06	154v	OK	yes	yes
06	155r	OK	yes	yes
06	155v	OK	yes	yes
06	156r	OK	yes	yes
06	156v	OK	yes	yes
06	157r	OK	yes	yes
06	157v	OK	yes	yes
06	158r	OK	yes	yes
06	158v	OK	yes	yes
06	159r	OK	yes	yes
06	159v	OK	yes	yes
06	160r	OK	yes	yes
06	160v	OK	yes	yes
06	161r	OK	yes	yes
06	161v	OK	yes	yes
06	162r	OK	yes	yes
06	162v	OK	yes	yes
06	163r	OK	yes	yes
06	163v	OK	yes	yes
06	164r	OK	yes	yes
06	164v	OK	yes	yes
06	165r	OK	yes	yes
06	165v	OK	yes	yes
06	166r	OK	yes	yes
06	166v	OK	yes	yes
06	167r	OK	yes	yes
06	167v	OK	yes	yes
06	168r	OK	yes	yes
06	168v	OK	yes	yes
06	169r	OK	yes	yes
06	169v	OK	yes	yes
06	170r	OK	yes	yes
06	170v	OK	yes	yes
06	171r	OK	yes	yes
06	171v	OK	yes	yes
06	172r	OK	yes	yes
06	172v	OK	yes	yes
06	173r	OK	yes	yes
06	173v	OK	yes	yes
06	174r	OK	yes	yes
06	174v	OK	yes	yes
06	175r	OK	yes	yes
06	175v	OK	yes	yes
06	176r	OK	yes	yes
06	176v	OK	yes	yes
06	177r	OK	yes	yes
06	177v	OK	yes	yes
06	178r	OK	yes	yes
06	178v	OK	yes	yes
06	179r	OK	yes	yes
06	179v	OK	yes	yes
06	180r	OK	yes	yes
06	180v	OK	yes	yes
06	181r	OK	yes	yes
06	181v	OK	yes	yes
06	182r	OK	yes	yes
06	182v	OK	yes	yes
06	183r	OK	yes	yes
06	183v	OK	yes	yes
06	184r	OK	yes	yes
06	184v	OK	yes	yes
06	185r	OK	yes	yes
06	185v	OK	yes	yes
06	186r	OK	yes	yes
06	186v	OK	yes	yes
06	187r	OK	yes	yes
06	187v	OK	yes	yes
06	188r	OK	yes	yes
06	188v	OK	yes	yes
06	189r	OK	yes	yes
06	189v	OK	yes	yes
06	190r	OK	yes	yes
06	190v	OK	yes	yes
06	191r	OK	yes	yes
06	191v	OK	yes	yes
06	192r	OK	yes	yes
06	192v	OK	yes	yes
06	193r	OK	yes	yes
06	193v	OK	yes	yes
06	194r	OK	yes	yes
06	194v	OK	yes	yes
06	195r	OK	yes	yes
06	195v	OK	yes	yes
06	196r	OK	yes	yes
06	196v	OK	yes	yes
06	197r	OK	yes	yes
06	197v	OK	yes	yes
06	198r	OK	yes	yes
06	198v	OK	yes	yes
06	199r	OK	yes	yes
06	199v	OK	yes	yes
06	200r	OK	yes	yes
06	200v	OK	yes	yes
06	201r	OK	yes	yes
06	201v	OK	yes	yes
06	202r	OK	yes	yes
06	202v	OK	yes	yes
06	203r	OK	yes	yes
06	203v	OK	yes	yes
06	204r	OK	yes	yes
06	204v	OK	yes	yes
06	205r	OK	yes	yes
06	205v	OK	yes	yes
06	206r	OK	yes	yes
06	206v	OK	yes	yes
06	207r	OK	yes	yes
06	207v	OK	yes	yes
06	208r	OK	yes	yes
06	208v	OK	yes	yes
06	209r	OK	yes	yes
06	209v	OK	yes	yes
06	210r	OK	yes	yes
06	210v	OK	yes	yes
06	211r	OK	yes	yes
06	211v	OK	yes	yes
06	212r	OK	yes	yes
06	212v	OK	yes	yes
06	213r	OK	yes	yes
06	213v	OK	yes	yes
06	214r	OK	yes	yes
06	214v	OK	yes	yes
06	215r	OK	yes	yes
06	215v	OK	yes	yes
06	216r	OK	yes	yes
06	216v	OK	yes	yes
06	217r	OK	yes	yes
06	217v	OK	yes	yes
06	218r	OK	yes	yes
06	218v	OK	yes	yes
06	219r	OK	yes	yes
06	219v	OK	yes	yes
06	220r	OK	yes	yes
06	220v	OK	yes	yes
06	221r	OK	yes	yes
06	221v	OK	yes	yes
06	222r	OK	yes	yes
06	222v	OK	yes	yes
06	223r	OK	yes	yes
06	223v	OK	yes	yes
06	224r	OK	yes	yes
06	224v	OK	yes	yes
06	225r	OK	yes	yes
06	225v	OK	yes	yes
06	226r	OK	yes	yes
06	226v	OK	yes	yes
06	227r	OK	yes	yes
06	227v	OK	yes	yes
06	228r	OK	yes	yes
06	228v	OK	yes	yes
06	229r	OK	yes	yes
06	229v	OK	yes	yes
06	230r	OK	yes	yes
06	230v	OK	yes	yes
06	231r	OK	yes	yes
06	231v	OK	yes	yes
06	232r	OK	yes	yes
06	232v	OK	yes	yes
06	233r	OK	yes	yes
06	233v	OK	yes	yes
06	234r	OK	yes	yes
06	234v	OK	yes	yes
06	235r	OK	yes	yes
06	235v	OK	yes	yes
06	236r	OK	yes	yes
06	236v	OK	yes	yes
06	237r	OK	yes	yes
06	237v	OK	yes	yes
06	238r	OK	yes	yes
06	238v	OK	yes	yes
06	239r	OK	yes	yes
06	239v	OK	yes	yes
06	240r	OK	yes	yes
06	240v	OK	yes	yes
06	241r	OK	yes	yes
06	241v	OK	yes	yes
06	242r	OK	yes	yes
06	242v	OK	yes	yes
06	243r	OK	yes	yes
06	243v	OK	yes	yes
06	244r	OK	yes	yes
06	244v	OK	yes	yes
06	245r	OK	yes	yes
06	245v	OK	yes	yes
06	246r	OK	yes	yes
06	246v	OK	yes	yes
06	247r	OK	yes	yes
06	247v	OK	yes	yes
06	248r	OK	yes	yes
06	248v	OK	yes	yes
06	249r	OK	yes	yes
06	249v	OK	yes	yes
06	250r	OK	yes	yes
06	250v	OK	yes	yes
06	251r	OK	yes	yes
06	251v	OK	yes	yes
06	252r	OK	yes	yes
06	252v	OK	yes	yes
06	253r	OK	yes	yes
06	253v	OK	yes	yes
06	254r	OK	yes	yes
06	254v	OK	yes	yes
06	255r	OK	yes	yes
06	255v	OK	yes	yes
06	256r	OK	yes	yes
06	256v	OK	yes	yes
06	257r	OK	yes	yes
06	257v	OK	yes	yes
06	258r	OK	yes	yes
06	258v	OK	yes	yes
06	259r	OK	yes	yes
06	259v	OK	yes	yes
06	260r	OK	yes	yes
06	260v	OK	yes	yes
06	261r	OK	yes	yes
06	261v	OK	yes	yes
06	262r	OK	yes	yes
06	262v	OK	yes	yes
06	263r	OK	yes	yes
06	263v	OK	yes	yes
06	264r	OK	yes	yes
06	264v	OK	yes	yes
06	265r	OK	yes	yes
06	265v	OK	yes	yes
06	266r	OK	yes	yes
06	266v	OK	yes	yes
06	267r	OK	yes	yes
06	267v	OK	yes	yes
06	268r	OK	yes	yes
06	268v	OK	yes	yes
06	269r	OK	yes	yes
06	269v	OK	yes	yes
06	270r	OK	yes	yes
06	270v	OK	yes	yes
06	271r	OK	yes	yes
06	271v	OK	yes	yes
06	272r	OK	yes	yes
06	272v	OK	yes	yes
06	273r	OK	yes	yes
06	273v	OK	yes	yes
06	274r	OK	yes	yes
06	274v	OK	yes	yes
06	275r	OK	yes	yes
06	275v	OK	yes	yes
06	276r	OK	yes	yes
06	276v	OK	yes	yes
06	277r	OK	yes	yes
06	277v	OK	yes	yes
06	278r	OK	yes	yes
06	278v	OK	yes	yes
06	279r	OK	yes	yes
06	279v	OK	yes	yes
06	280r	OK	yes	yes
06	280v	OK	yes	yes
06	281r	OK	yes	yes
06	281v	OK	yes	yes
06	282r	OK	yes	yes
06	282v	OK	yes	yes
06	283r	OK	yes	yes
06	283v	OK	yes	yes
06	284r	OK	yes	yes
06	284v	OK	yes	yes
06	285r	OK	yes	yes
06	285v	OK	yes	yes
06	286r	OK	yes	yes
06	286v	OK	yes	yes
06	287r	OK	yes	yes
06	287v	OK	yes	yes
06	288r	OK	yes	yes
06	288v	OK	yes	yes
06	289r	OK	yes	yes
06	289v	OK	yes	yes
06	290r	OK	yes	yes
06	290v	OK	yes	yes
06	291r	OK	yes	yes
06	291v	OK	yes	yes
06	292r	OK	yes	yes
06	292v	OK	yes	yes
06	293r	OK	yes	yes
06	293v	OK	yes	yes
06	294r	OK	yes	yes
06	294v	OK	yes	yes
06	295r	OK	yes	yes
06	295v	OK	yes	yes
06	296r	OK	yes	yes
06	296v	OK	yes	yes
06	297r	OK	yes	yes
06	297v	OK	yes	yes
06	298r	OK	yes	yes
06	298v	OK	yes	yes
06	299r	OK	yes	yes
06	299v	OK	yes	yes
06	300r	OK	yes	yes
06	300v	OK	yes	yes
06	301r	OK	yes	yes
06	301v	OK	yes	yes
06	302r	OK	yes	yes
06	302v	OK	yes	yes
06	303r	OK	yes	yes
06	303v	OK	yes	yes
06	304r	OK	yes	yes
06	304v	OK	yes	yes
06	305r	OK	yes	yes
06	305v	OK	yes	yes
06	306r	OK	yes	yes
06	306v	OK	yes	yes
06	307r	OK	yes	yes
06	307v	OK	yes	yes
06	308r	OK	yes	yes
06	308v	OK	yes	yes
06	309r	OK	yes	yes
06	309v	OK	yes	yes
06	310r	OK	yes	yes
06	310v	OK	yes	yes
06	311r	OK	yes	yes
06	311v	OK	yes	yes
06	312r	OK	yes	yes
06	312v	OK	yes	yes
06	313r	OK	yes	yes
06	313v	OK	yes	yes
06	314r	OK	yes	yes
06	314v	OK	yes	yes
06	315r	OK	yes	yes
06	315v	OK	yes	yes
06	316r	OK	yes	yes
06	316v	OK	yes	yes
06	317r	OK	yes	yes
06	317v	OK	yes	yes
06	318r	OK	yes	yes
06	318v	OK	yes	yes
06	319r	OK	yes	yes
06	319v	OK	yes	yes
06	320r	OK	yes	yes
06	320v	OK	yes	yes
06	321r	OK	yes	yes
06	321v	OK	yes	yes
06	322r	OK	yes	yes
06	322v	OK	yes	yes
06	323r	OK	yes	yes
06	323v	OK	yes	yes
06	324r	OK	yes	yes
06	324v	OK	yes	yes
06	325r	OK	yes	yes
06	325v	OK	yes	yes
06	326r	OK	yes	yes
06	326v	OK	yes	yes
06	327r	OK	yes	yes
06	327v	OK	yes	yes
06	328r	OK	yes	yes
06	328v	OK	yes	yes
06	329r	OK	yes	yes
06	329v	OK	yes	yes
06	330r	OK	yes	yes
06	330v	OK	yes	yes
06	331r	OK	yes	yes
06	331v	OK	yes	yes
06	332r	OK	yes	yes
06	332v	OK	yes	yes
06	333r	OK	yes	yes
06	333v	OK	yes	yes
06	334r	OK	yes	yes
06	334v	OK	yes	yes
06	335r	OK	yes	yes
06	335v	OK	yes	yes
06	336r	OK	yes	yes
06	336v	OK	yes	yes
06	337r	OK	yes	yes
06	337v	OK	yes	yes
06	338r	OK	yes	yes
06	338v	OK	yes	yes
06	339r	OK	yes	yes
06	339v	OK	yes	yes
06	340r	OK	yes	yes
06	340v	OK	yes	yes
06	341r	OK	yes	yes
06	341v	OK	yes	yes
06	342r	OK	yes	yes
06	342v	OK	yes	yes
06	343r	OK	yes	yes
06	343v	OK	yes	yes
07	001r	OK	yes	yes
07	001v	OK	yes	yes
07	002r	OK	yes	yes
07	002v	OK	yes	yes
07	003r	OK	yes	yes
07	003v	OK	yes	yes
07	004r	OK	yes	yes
07	004v	OK	yes	yes
07	005r	OK	yes	yes
07	005v	OK	yes	yes
07	006r	OK	yes	yes
07	006v	OK	yes	yes
07	007r	OK	yes	yes
07	007v	OK	yes	yes
07	008r	OK	yes	yes
07	008v	OK	yes	yes
07	009r	OK	yes	yes
07	009v	OK	yes	yes
07	010r	OK	yes	yes
07	010v	OK	yes	yes
07	011r	OK	yes	yes
07	011v	OK	yes	yes
07	012r	OK	yes	yes
07	012v	OK	yes	yes
07	013r	OK	yes	yes
07	013v	OK	yes	yes
07	014r	OK	yes	yes
07	014v	OK	yes	yes
07	015r	OK	yes	yes
07	015v	OK	yes	yes
07	016r	OK	yes	yes
07	016v	OK	yes	yes
07	017r	OK	yes	yes
07	017v	OK	yes	yes
07	018r	OK	yes	yes
07	018v	OK	yes	yes
07	019r	OK	yes	yes
07	019v	OK	yes	yes
07	020r	OK	yes	yes
07	020v	OK	yes	yes
07	021r	OK	yes	yes
07	021v	OK	yes	yes
07	022r	OK	yes	yes
07	022v	OK	yes	yes
07	023r	OK	yes	yes
07	023v	OK	yes	yes
07	024r	OK	yes	yes
07	024v	OK	yes	yes
07	025r	OK	yes	yes
07	025v	OK	yes	yes
07	026r	OK	yes	yes
07	026v	OK	yes	yes
07	027r	OK	yes	yes
07	027v	OK	yes	yes
07	028r	OK	yes	yes
07	028v	OK	yes	yes
07	029r	OK	yes	yes
07	029v	OK	yes	yes
07	030r	OK	yes	yes
07	030v	OK	yes	yes
07	031r	OK	yes	yes
07	031v	OK	yes	yes
07	032r	OK	yes	yes
07	032v	OK	yes	yes
07	033r	OK	yes	yes
07	033v	OK	yes	yes
07	034r	OK	yes	yes
07	034v	OK	yes	yes
07	035r	OK	yes	yes
07	035v	OK	yes	yes
07	036r	OK	yes	yes
07	036v	OK	yes	yes
07	037r	OK	yes	yes
07	037v	OK	yes	yes
07	038r	OK	yes	yes
07	038v	OK	yes	yes
07	039r	OK	yes	yes
07	039v	OK	yes	yes
07	040r	OK	yes	yes
07	040v	OK	yes	yes
07	041r	OK	yes	yes
07	041v	OK	yes	yes
07	042r	OK	yes	yes
07	042v	OK	yes	yes
07	043r	OK	yes	yes
07	043v	OK	yes	yes
07	044r	OK	yes	yes
07	044v	OK	yes	yes
07	045r	OK	yes	yes
07	045v	OK	yes	yes
07	046r	OK	yes	yes
07	046v	OK	yes	yes
07	047r	OK	yes	yes
07	047v	OK	yes	yes
07	048r	OK	yes	yes
07	048v	OK	yes	yes
07	049r	OK	yes	yes
07	049v	OK	yes	yes
07	050r	OK	yes	yes
07	050v	OK	yes	yes
07	051r	OK	yes	yes
07	051v	OK	yes	yes
07	052r	OK	yes	yes
07	052v	OK	yes	yes
07	053r	OK	yes	yes
07	053v	OK	yes	yes
07	054r	OK	yes	yes
07	054v	OK	yes	yes
07	055r	OK	yes	yes
07	055v	OK	yes	yes
07	056r	OK	yes	yes
07	056v	OK	yes	yes
07	057r	OK	yes	yes
07	057v	OK	yes	yes
07	058r	OK	yes	yes
07	058v	OK	yes	yes
07	059r	OK	yes	yes
07	059v	OK	yes	yes
07	060r	OK	yes	yes
07	060v	OK	yes	yes
07	061r	OK	yes	yes
07	061v	OK	yes	yes
07	062r	OK	yes	yes
07	062v	OK	yes	yes
07	063r	OK	yes	yes
07	063v	OK	yes	yes
07	064r	OK	yes	yes
07	064v	OK	yes	yes
07	065r	OK	yes	yes
07	065v	OK	yes	yes
07	066r	OK	yes	yes
07	066v	OK	yes	yes
07	067r	OK	yes	yes
07	067v	OK	yes	yes
07	068r	OK	yes	yes
07	068v	OK	yes	yes
07	069r	OK	yes	yes
07	069v	OK	yes	yes
07	070r	OK	yes	yes
07	070v	OK	yes	yes
07	071r	OK	yes	yes
07	071v	OK	yes	yes
07	072r	OK	yes	yes
07	072v	OK	yes	yes
07	073r	OK	yes	yes
07	073v	OK	yes	yes
07	074r	OK	yes	yes
07	074v	OK	yes	yes
07	075r	OK	yes	yes
07	075v	OK	yes	yes
07	076r	OK	yes	yes
07	076v	OK	yes	yes
07	077r	OK	yes	yes
07	077v	OK	yes	yes
07	078r	OK	yes	yes
07	078v	OK	yes	yes
07	079r	OK	yes	yes
07	079v	OK	yes	yes
07	080r	OK	yes	yes
07	080v	OK	yes	yes
07	081r	OK	yes	yes
07	081v	OK	yes	yes
07	082r	OK	yes	yes
07	082v	OK	yes	yes
07	083r	OK	yes	yes
07	083v	OK	yes	yes
07	084r	OK	yes	yes
07	084v	OK	yes	yes
07	085r	OK	yes	yes
07	085v	OK	yes	yes
07	086r	OK	yes	yes
07	086v	OK	yes	yes
07	087r	OK	yes	yes
07	087v	OK	yes	yes
07	088r	OK	yes	yes
07	088v	OK	yes	yes
07	089r	OK	yes	yes
07	089v	OK	yes	yes
07	090r	OK	yes	yes
07	090v	OK	yes	yes
07	091r	OK	yes	yes
07	091v	OK	yes	yes
07	092r	OK	yes	yes
07	092v	OK	yes	yes
07	093r	OK	yes	yes
07	093v	OK	yes	yes
07	094r	OK	yes	yes
07	094v	OK	yes	yes
07	095r	OK	yes	yes
07	095v	OK	yes	yes
07	096r	OK	yes	yes
07	096v	OK	yes	yes
07	097r	OK	yes	yes
07	097v	OK	yes	yes
07	098r	OK	yes	yes
07	098v	OK	yes	yes
07	099r	OK	yes	yes
07	099v	OK	yes	yes
07	100r	OK	yes	yes
07	100v	OK	yes	yes
07	101r	OK	yes	yes
07	101v	OK	yes	yes
07	102r	OK	yes	yes
07	102v	OK	yes	yes
07	103r	OK	yes	yes
07	103v	OK	yes	yes
07	104r	OK	yes	yes
07	104v	OK	yes	yes
07	105r	OK	yes	yes
07	105v	OK	yes	yes
07	106r	OK	yes	yes
07	106v	OK	yes	yes
07	107r	OK	yes	yes
07	107v	OK	yes	yes
07	108r	OK	yes	yes
07	108v	OK	yes	yes
07	109r	OK	yes	yes
07	109v	OK	yes	yes
07	110r	OK	yes	yes
07	110v	OK	yes	yes
07	111r	OK	yes	yes
07	111v	OK	yes	yes
07	112r	OK	yes	yes
07	112v	OK	yes	yes
07	113r	OK	yes	yes
07	113v	OK	yes	yes
07	114r	OK	yes	yes
07	114v	OK	yes	yes
07	115r	OK	yes	yes
07	115v	OK	yes	yes
07	116r	OK	yes	yes
07	116v	OK	yes	yes
07	117r	OK	yes	yes
07	117v	OK	yes	yes
07	118r	OK	yes	yes
07	118v	OK	yes	yes
07	119r	OK	yes	yes
07	119v	OK	yes	yes
07	120r	OK	yes	yes
07	120v	OK	yes	yes
07	121r	OK	yes	yes
07	121v	OK	yes	yes
07	122r	OK	yes	yes
07	122v	OK	yes	yes
07	123r	OK	yes	yes
07	123v	OK	yes	yes
07	124r	OK	yes	yes
07	124v	OK	yes	yes
07	125r	OK	yes	yes
07	125v	OK	yes	yes
07	126r	OK	yes	yes
07	126v	OK	yes	yes
07	127r	OK	yes	yes
07	127v	OK	yes	yes
07	128r	OK	yes	yes
07	128v	OK	yes	yes
07	129r	OK	yes	yes
07	129v	OK	yes	yes
07	130r	OK	yes	yes
07	130v	OK	yes	yes
07	131r	OK	yes	yes
07	131v	OK	yes	yes
07	132r	OK	yes	yes
07	132v	OK	yes	yes
07	133r	OK	yes	yes
07	133v	OK	yes	yes
07	134r	OK	yes	yes
07	134v	OK	yes	yes
07	135r	OK	yes	yes
07	135v	OK	yes	yes
07	136r	OK	yes	yes
07	136v	OK	yes	yes
07	137r	OK	yes	yes
07	137v	OK	yes	yes
07	138r	OK	yes	yes
07	138v	OK	yes	yes
07	139r	OK	yes	yes
07	139v	OK	yes	yes
07	140r	OK	yes	yes
07	140v	OK	yes	yes
07	141r	OK	yes	yes
07	141v	OK	yes	yes
07	142r	OK	yes	yes
07	142v	OK	yes	yes
07	143r	OK	yes	yes
07	143v	OK	yes	yes
07	144r	OK	yes	yes
07	144v	OK	yes	yes
07	145r	OK	yes	yes
07	145v	OK	yes	yes
07	146r	OK	yes	yes
07	146v	OK	yes	yes
07	147r	OK	yes	yes
07	147v	OK	yes	yes
07	148r	OK	yes	yes
07	148v	OK	yes	yes
07	149r	OK	yes	yes
07	149v	OK	yes	yes
07	150r	OK	yes	yes
07	150v	OK	yes	yes
07	151r	OK	yes	yes
07	151v	OK	yes	yes
07	152r	OK	yes	yes
07	152v	OK	yes	yes
07	153r	OK	yes	yes
07	153v	OK	yes	yes
07	154r	OK	yes	yes
07	154v	OK	yes	yes
07	155r	OK	yes	yes
07	155v	OK	yes	yes
07	156r	OK	yes	yes
07	156v	OK	yes	yes
07	157r	OK	yes	yes
07	157v	OK	yes	yes
07	158r	OK	yes	yes
07	158v	OK	yes	yes
07	159r	OK	yes	yes
07	159v	OK	yes	yes
07	160r	OK	yes	yes
07	160v	OK	yes	yes
07	161r	OK	yes	yes
07	161v	OK	yes	yes
07	162r	OK	yes	yes
07	162v	OK	yes	yes
07	163r	OK	yes	yes
07	163v	OK	yes	yes
07	164r	OK	yes	yes
07	164v	OK	yes	yes
07	165r	OK	yes	yes
07	165v	OK	yes	yes
07	166r	OK	yes	yes
07	166v	OK	yes	yes
07	167r	OK	yes	yes
07	167v	OK	yes	yes
07	168r	OK	yes	yes
07	168v	OK	yes	yes
07	169r	OK	yes	yes
07	169v	OK	yes	yes
07	170r	OK	yes	yes
07	170v	OK	yes	yes
07	171r	OK	yes	yes
07	171v	OK	yes	yes
07	172r	OK	yes	yes
07	172v	OK	yes	yes
07	173r	OK	yes	yes
07	173v	OK	yes	yes
07	174r	OK	yes	yes
07	174v	OK	yes	yes
07	175r	OK	yes	yes
07	175v	OK	yes	yes
07	176r	OK	yes	yes
07	176v	OK	yes	yes
07	177r	OK	yes	yes
07	177v	OK	yes	yes
07	178r	OK	yes	yes
07	178v	OK	yes	yes
07	179r	OK	yes	yes
07	179v	OK	yes	yes
07	180r	OK	yes	yes
07	180v	OK	yes	yes
07	181r	OK	yes	yes
07	181v	OK	yes	yes
07	182r	OK	yes	yes
07	182v	OK	yes	yes
07	183r	OK	yes	yes
07	183v	OK	yes	yes
07	184r	OK	yes	yes
07	184v	OK	yes	yes
07	185r	OK	yes	yes
07	185v	OK	yes	yes
07	186r	OK	yes	yes
07	186v	OK	yes	yes
07	187r	OK	yes	yes
07	187v	OK	yes	yes
07	188r	OK	yes	yes
07	188v	OK	yes	yes
07	189r	OK	yes	yes
07	189v	OK	yes	yes
07	190r	OK	yes	yes
07	190v	OK	yes	yes
07	191r	OK	yes	yes
07	191v	OK	yes	yes
07	192r	OK	yes	yes
07	192v	OK	yes	yes
07	193r	OK	yes	yes
07	193v	OK	yes	yes
07	194r	OK	yes	yes
07	194v	OK	yes	yes
07	195r	OK	yes	yes
07	195v	OK	yes	yes
07	196r	OK	yes	yes
07	196v	OK	yes	yes
07	197r	OK	yes	yes
07	197v	OK	yes	yes
07	198r	OK	yes	yes
07	198v	OK	yes	yes
07	199r	OK	yes	yes
07	199v	OK	yes	yes
07	200r	OK	yes	yes
07	200v	OK	yes	yes
07	201r	OK	yes	yes
07	201v	OK	yes	yes
07	202r	OK	yes	yes
07	202v	OK	yes	yes
07	203r	OK	yes	yes
07	203v	OK	yes	yes
07	204r	OK	yes	yes
07	204v	OK	yes	yes
07	205r	OK	yes	yes
07	205v	OK	yes	yes
07	206r	OK	yes	yes
07	206v	OK	yes	yes
07	207r	OK	yes	yes
07	207v	OK	yes	yes
07	208r	OK	yes	yes
07	208v	OK	yes	yes
07	209r	OK	yes	yes
07	209v	OK	yes	yes
07	210r	OK	yes	yes
07	210v	OK	yes	yes
07	211r	OK	yes	yes
07	211v	OK	yes	yes
07	212r	OK	yes	yes
07	212v	OK	yes	yes
07	213r	OK	yes	yes
07	213v	OK	yes	yes
07	214r	OK	yes	yes
07	214v	OK	yes	yes
07	215r	OK	yes	yes
07	215v	OK	yes	yes
07	216r	OK	yes	yes
07	216v	OK	yes	yes
07	217r	OK	yes	yes
07	217v	OK	yes	yes
07	218r	OK	yes	yes
07	218v	OK	yes	yes
07	219r	OK	yes	yes
07	219v	OK	yes	yes
07	220r	OK	yes	yes
07	220v	OK	yes	yes
07	221r	OK	yes	yes
07	221v	OK	yes	yes
07	222r	OK	yes	yes
07	222v	OK	yes	yes
07	223r	OK	yes	yes
07	223v	OK	yes	yes
07	224r	OK	yes	yes
07	224v	OK	yes	yes
07	225r	OK	yes	yes
07	225v	OK	yes	yes
07	226r	OK	yes	yes
07	226v	OK	yes	yes
07	227r	OK	yes	yes
07	227v	OK	yes	yes
07	228r	OK	yes	yes
07	228v	OK	yes	yes
07	229r	OK	yes	yes
07	229v	OK	yes	yes
07	230r	OK	yes	yes
07	230v	OK	yes	yes
07	231r	OK	yes	yes
07	231v	OK	yes	yes
07	232r	OK	yes	yes
07	232v	OK	yes	yes
07	233r	OK	yes	yes
07	233v	OK	yes	yes
07	234r	OK	yes	yes
07	234v	OK	yes	yes
07	235r	OK	yes	yes
07	235v	OK	yes	yes
07	236r	OK	yes	yes
07	236v	OK	yes	yes
07	237r	OK	yes	yes
07	237v	OK	yes	yes
07	238r	OK	yes	yes
07	238v	OK	yes	yes
07	239r	OK	yes	yes
07	239v	OK	yes	yes
07	240r	OK	yes	yes
07	240v	OK	yes	yes
07	241r	OK	yes	yes
07	241v	OK	yes	yes
07	242r	OK	yes	yes
07	242v	OK	yes	yes
07	243r	OK	yes	yes
07	243v	OK	yes	yes
07	244r	OK	yes	yes
07	244v	OK	yes	yes
07	245r	OK	yes	yes
07	245v	OK	yes	yes
07	246r	OK	yes	yes
07	246v	OK	yes	yes
07	247r	OK	yes	yes
07	247v	OK	yes	yes
07	248r	OK	yes	yes
07	248v	OK	yes	yes
07	249r	OK	yes	yes
07	249v	OK	yes	yes
07	250r	OK	yes	yes
07	250v	OK	yes	yes
07	251r	OK	yes	yes
07	251v	OK	yes	yes
07	252r	OK	yes	yes
07	252v	OK	yes	yes
07	253r	OK	yes	yes
07	253v	OK	yes	yes
07	254r	OK	yes	yes
07	254v	OK	yes	yes
07	255r	OK	yes	yes
07	255v	OK	yes	yes
07	256r	OK	yes	yes
07	256v	OK	yes	yes
07	257r	OK	yes	yes
07	257v	OK	yes	yes
07	258r	OK	yes	yes
07	258v	OK	yes	yes
07	259r	OK	yes	yes
07	259v	OK	yes	yes
07	260r	OK	yes	yes
07	260v	OK	yes	yes
07	261r	OK	yes	yes
07	261v	OK	yes	yes
07	262r	OK	yes	yes
07	262v	OK	yes	yes
07	263r	OK	yes	yes
07	263v	OK	yes	yes
07	264r	OK	yes	yes
07	264v	OK	yes	yes
07	265r	OK	yes	yes
07	265v	OK	yes	yes
07	266r	OK	yes	yes
07	266v	OK	yes	yes
07	267r	OK	yes	yes
07	267v	OK	yes	yes
07	268r	OK	yes	yes
07	268v	OK	yes	yes
07	269r	OK	yes	yes
07	269v	OK	yes	yes
07	270r	OK	yes	yes
07	270v	OK	yes	yes
07	271r	OK	yes	yes
07	271v	OK	yes	yes
07	272r	OK	yes	yes
07	272v	OK	yes	yes
07	273r	OK	yes	yes
07	273v	OK	yes	yes
07	274r	OK	yes	yes
07	274v	OK	yes	yes
07	275r	OK	yes	yes
07	275v	OK	yes	yes
07	276r	OK	yes	yes
07	276v	OK	yes	yes
07	277r	OK	yes	yes
07	277v	OK	yes	yes
07	278r	OK	yes	yes
07	278v	OK	yes	yes
07	279r	OK	yes	yes
07	279v	OK	yes	yes
07	280r	OK	yes	yes
07	280v	OK	yes	yes
07	281r	OK	yes	yes
07	281v	OK	yes	yes
07	282r	OK	yes	yes
07	282v	OK	yes	yes
07	283r	OK	yes	yes
07	283v	OK	yes	yes
07	284r	OK	yes	yes
07	284v	OK	yes	yes
07	285r	OK	yes	yes
07	285v	OK	yes	yes
07	286r	OK	yes	yes
07	286v	OK	yes	yes
07	287r	OK	yes	yes
07	287v	OK	yes	yes
07	288r	OK	yes	yes
07	288v	OK	yes	yes
07	289r	OK	yes	yes
07	289v	OK	yes	yes
07	290r	OK	yes	yes
07	290v	OK	yes	yes
07	291r	OK	yes	yes
07	291v	OK	yes	yes
07	292r	OK	yes	yes
07	292v	OK	yes	yes
07	293r	OK	yes	yes
07	293v	OK	yes	yes
07	294r	OK	yes	yes
07	294v	OK	yes	yes
07	295r	OK	yes	yes
07	295v	OK	yes	yes
07	296r	OK	yes	yes
07	296v	OK	yes	yes
07	297r	OK	yes	yes
07	297v	OK	yes	yes
07	298r	OK	yes	yes
07	298v	OK	yes	yes
07	299r	OK	yes	yes
07	299v	OK	yes	yes
07	300r	OK	yes	yes
07	300v	OK	yes	yes
07	301r	OK	yes	yes
07	301v	OK	yes	yes
07	302r	OK	yes	yes
07	302v	OK	yes	yes
07	303r	OK	yes	yes
07	303v	OK	yes	yes
07	304r	OK	yes	yes
07	304v	OK	yes	yes
07	305r	OK	yes	yes
07	305v	OK	yes	yes
07	306r	OK	yes	yes
07	306v	OK	yes	yes
07	307r	OK	yes	yes
07	307v	OK	yes	yes
07	308r	OK	yes	yes
07	308v	OK	yes	yes
07	309r	OK	yes	yes
07	309v	OK	yes	yes
07	310r	OK	yes	yes
07	310v	OK	yes	yes
07	311r	OK	yes	yes
07	311v	OK	yes	yes
07	312r	OK	yes	yes
07	312v	OK	yes	yes
07	313r	OK	yes	yes
07	313v	OK	yes	yes
07	314r	OK	yes	yes
07	314v	OK	yes	yes
08	001r	OK	yes	yes
08	001v	OK	yes	yes
08	002r	OK	yes	yes
08	002v	OK	yes	yes
08	003r	OK	yes	yes
08	003v	OK	yes	yes
08	004r	OK	yes	yes
08	004v	OK	yes	yes
08	005r	OK	yes	yes
08	005v	OK	yes	yes
08	006r	OK	yes	yes
08	006v	OK	yes	yes
08	007r	OK	yes	yes
08	007v	OK	yes	yes
08	008r	OK	yes	yes
08	008v	OK	yes	yes
08	009r	OK	yes	yes
08	009v	OK	yes	yes
08	010r	OK	yes	yes
08	010v	OK	yes	yes
08	011r	OK	yes	yes
08	011v	OK	yes	yes
08	012r	OK	yes	yes
08	012v	OK	yes	yes
08	013r	OK	yes	yes
08	013v	OK	yes	yes
08	014r	OK	yes	yes
08	014v	OK	yes	yes
08	015r	OK	yes	yes
08	015v	OK	yes	yes
08	016r	OK	yes	yes
08	016v	OK	yes	yes
08	017r	OK	yes	yes
08	017v	OK	yes	yes
08	018r	OK	yes	yes
08	018v	OK	yes	yes
08	019r	OK	yes	yes
08	019v	OK	yes	yes
08	020r	OK	yes	yes
08	020v	OK	yes	yes
08	021r	OK	yes	yes
08	021v	OK	yes	yes
08	022r	OK	yes	yes
08	022v	OK	yes	yes
08	023r	OK	yes	yes
08	023v	OK	yes	yes
08	024r	OK	yes	yes
08	024v	OK	yes	yes
08	025r	OK	yes	yes
08	025v	OK	yes	yes
08	026r	OK	yes	yes
08	026v	OK	yes	yes
08	027r	OK	yes	yes
08	027v	OK	yes	yes
08	028r	OK	yes	yes
08	028v	OK	yes	yes
08	029r	OK	yes	yes
08	029v	OK	yes	yes
08	030r	OK	yes	yes
08	030v	OK	yes	yes
08	031r	OK	yes	yes
08	031v	OK	yes	yes
08	032r	OK	yes	yes
08	032v	OK	yes	yes
08	033r	OK	yes	yes
08	033v	OK	yes	yes
08	034r	OK	yes	yes
08	034v	OK	yes	yes
08	035r	OK	yes	yes
08	035v	OK	yes	yes
08	036r	OK	yes	yes
08	036v	OK	yes	yes
08	037r	OK	yes	yes
08	037v	OK	yes	yes
08	038r	OK	yes	yes
08	038v	OK	yes	yes
08	039r	OK	yes	yes
08	039v	OK	yes	yes
08	040r	OK	yes	yes
08	040v	OK	yes	yes
08	041r	OK	yes	yes
08	041v	OK	yes	yes
08	042r	OK	yes	yes
08	042v	OK	yes	yes
08	043r	OK	yes	yes
08	043v	OK	yes	yes
08	044r	OK	yes	yes
08	044v	OK	yes	yes
08	045r	OK	yes	yes
08	045v	OK	yes	yes
08	046r	OK	yes	yes
08	046v	OK	yes	yes
08	047r	OK	yes	yes
08	047v	OK	yes	yes
08	048r	OK	yes	yes
08	048v	OK	yes	yes
08	049r	OK	yes	yes
08	049v	OK	yes	yes
08	050r	OK	yes	yes
08	050v	OK	yes	yes
08	051r	OK	yes	yes
08	051v	OK	yes	yes
08	052r	OK	yes	yes
08	052v	OK	yes	yes
08	053r	OK	yes	yes
08	053v	OK	yes	yes
08	054r	OK	yes	yes
08	054v	OK	yes	yes
08	055r	OK	yes	yes
08	055v	OK	yes	yes
08	056r	OK	yes	yes
08	056v	OK	yes	yes
08	057r	OK	yes	yes
08	057v	OK	yes	yes
08	058r	OK	yes	yes
08	058v	OK	yes	yes
08	059r	OK	yes	yes
08	059v	OK	yes	yes
08	060r	OK	yes	yes
08	060v	OK	yes	yes
08	061r	OK	yes	yes
08	061v	OK	yes	yes
08	062r	OK	yes	yes
08	062v	OK	yes	yes
08	063r	OK	yes	yes
08	063v	OK	yes	yes
08	064r	OK	yes	yes
08	064v	OK	yes	yes
08	065r	OK	yes	yes
08	065v	OK	yes	yes
08	066r	OK	yes	yes
08	066v	OK	yes	yes
08	067r	OK	yes	yes
08	067v	OK	yes	yes
08	068r	OK	yes	yes
08	068v	OK	yes	yes
08	069r	OK	yes	yes
08	069v	OK	yes	yes
08	070r	OK	yes	yes
08	070v	OK	yes	yes
08	071r	OK	yes	yes
08	071v	OK	yes	yes
08	072r	OK	yes	yes
08	072v	OK	yes	yes
08	073r	OK	yes	yes
08	073v	OK	yes	yes
08	074r	OK	yes	yes
08	074v	OK	yes	yes
08	075r	OK	yes	yes
08	075v	OK	yes	yes
08	076r	OK	yes	yes
08	076v	OK	yes	yes
08	077r	OK	yes	yes
08	077v	OK	yes	yes
08	078r	OK	yes	yes
08	078v	OK	yes	yes
08	079r	OK	yes	yes
08	079v	OK	yes	yes
08	080r	OK	yes	yes
08	080v	OK	yes	yes
08	081r	OK	yes	yes
08	081v	OK	yes	yes
08	082r	OK	yes	yes
08	082v	OK	yes	yes
08	083r	OK	yes	yes
08	083v	OK	yes	yes
08	084r	OK	yes	yes
08	084v	OK	yes	yes
08	085r	OK	yes	yes
08	085v	OK	yes	yes
08	086r	OK	yes	yes
08	086v	OK	yes	yes
08	087r	OK	yes	yes
08	087v	OK	yes	yes
08	088r	OK	yes	yes
08	088v	OK	yes	yes
08	089r	OK	yes	yes
08	089v	OK	yes	yes
08	090r	OK	yes	yes
08	090v	OK	yes	yes
08	091r	OK	yes	yes
08	091v	OK	yes	yes
08	092r	OK	yes	yes
08	092v	OK	yes	yes
08	093r	OK	yes	yes
08	093v	OK	yes	yes
08	094r	OK	yes	yes
08	094v	OK	yes	yes
08	095r	OK	yes	yes
08	095v	OK	yes	yes
08	096r	OK	yes	yes
08	096v	OK	yes	yes
08	097r	OK	yes	yes
08	097v	OK	yes	yes
08	098r	OK	yes	yes
08	098v	OK	yes	yes
08	099r	OK	yes	yes
08	099v	OK	yes	yes
08	100r	OK	yes	yes
08	100v	OK	yes	yes
08	101r	OK	yes	yes
08	101v	OK	yes	yes
08	102r	OK	yes	yes
08	102v	OK	yes	yes
08	103r	OK	yes	yes
08	103v	OK	yes	yes
08	104r	OK	yes	yes
08	104v	OK	yes	yes
08	105r	OK	yes	yes
08	105v	OK	yes	yes
08	106r	OK	yes	yes
08	106v	OK	yes	yes
08	107r	OK	yes	yes
08	107v	OK	yes	yes
08	108r	OK	yes	yes
08	108v	OK	yes	yes
08	109r	OK	yes	yes
08	109v	OK	yes	yes
08	110r	OK	yes	yes
08	110v	OK	yes	yes
08	111r	OK	yes	yes
08	111v	OK	yes	yes
08	112r	OK	yes	yes
08	112v	OK	yes	yes
08	113r	OK	yes	yes
08	113v	OK	yes	yes
08	114r	OK	yes	yes
08	114v	OK	yes	yes
08	115r	OK	yes	yes
08	115v	OK	yes	yes
08	116r	OK	yes	yes
08	116v	OK	yes	yes
08	117r	OK	yes	yes
08	117v	OK	yes	yes
08	118r	OK	yes	yes
08	118v	OK	yes	yes
08	119r	OK	yes	yes
08	119v	OK	yes	yes
08	120r	OK	yes	yes
08	120v	OK	yes	yes
08	121r	OK	yes	yes
08	121v	OK	yes	yes
08	122r	OK	yes	yes
08	122v	OK	yes	yes
08	123r	OK	yes	yes
08	123v	OK	yes	yes
08	124r	OK	yes	yes
08	124v	OK	yes	yes
08	125r	OK	yes	yes
08	125v	OK	yes	yes
08	126r	OK	yes	yes
08	126v	OK	yes	yes
08	127r	OK	yes	yes
08	127v	OK	yes	yes
08	128r	OK	yes	yes
08	128v	OK	yes	yes
08	129r	OK	yes	yes
08	129v	OK	yes	yes
08	130r	OK	yes	yes
08	130v	OK	yes	yes
08	131r	OK	yes	yes
08	131v	OK	yes	yes
08	132r	OK	yes	yes
08	132v	OK	yes	yes
08	133r	OK	yes	yes
08	133v	OK	yes	yes
08	134r	OK	yes	yes
08	134v	OK	yes	yes
08	135r	OK	yes	yes
08	135v	OK	yes	yes
08	136r	OK	yes	yes
08	136v	OK	yes	yes
08	137r	OK	yes	yes
08	137v	OK	yes	yes
08	138r	OK	yes	yes
08	138v	OK	yes	yes
08	139r	OK	yes	yes
08	139v	OK	yes	yes
08	140r	OK	yes	yes
08	140v	OK	yes	yes
08	141r	OK	yes	yes
08	141v	OK	yes	yes
08	142r	OK	yes	yes
08	142v	OK	yes	yes
08	143r	OK	yes	yes
08	143v	OK	yes	yes
08	144r	OK	yes	yes
08	144v	OK	yes	yes
08	145r	OK	yes	yes
08	145v	OK	yes	yes
08	146r	OK	yes	yes
08	146v	OK	yes	yes
08	147r	OK	yes	yes
08	147v	OK	yes	yes
08	148r	OK	yes	yes
08	148v	OK	yes	yes
08	149r	OK	yes	yes
08	149v	OK	yes	yes
08	150r	OK	yes	yes
08	150v	OK	yes	yes
08	151r	OK	yes	yes
08	151v	OK	yes	yes
08	152r	OK	yes	yes
08	152v	OK	yes	yes
08	153r	OK	yes	yes
08	153v	OK	yes	yes
08	154r	OK	yes	yes
08	154v	OK	yes	yes
08	155r	OK	yes	yes
08	155v	OK	yes	yes
08	156r	OK	yes	yes
08	156v	OK	yes	yes
08	157r	OK	yes	yes
08	157v	OK	yes	yes
08	158r	OK	yes	yes
08	158v	OK	yes	yes
08	159r	OK	yes	yes
08	159v	OK	yes	yes
08	160r	OK	yes	yes
08	160v	OK	yes	yes
08	161r	OK	yes	yes
08	161v	OK	yes	yes
08	162r	OK	yes	yes
08	162v	OK	yes	yes
08	163r	OK	yes	yes
08	163v	OK	yes	yes
08	164r	OK	yes	yes
08	164v	OK	yes	yes
08	165r	OK	yes	yes
08	165v	OK	yes	yes
08	166r	OK	yes	yes
08	166v	OK	yes	yes
08	167r	OK	yes	yes
08	167v	OK	yes	yes
08	168r	OK	yes	yes
08	168v	OK	yes	yes
08	169r	OK	yes	yes
08	169v	OK	yes	yes
08	170r	OK	yes	yes
08	170v	OK	yes	yes
08	171r	OK	yes	yes
08	171v	OK	yes	yes
08	172r	OK	yes	yes
08	172v	OK	yes	yes
08	173r	OK	yes	yes
08	173v	OK	yes	yes
08	174r	OK	yes	yes
08	174v	OK	yes	yes
08	175r	OK	yes	yes
08	175v	OK	yes	yes
08	176r	OK	yes	yes
08	176v	OK	yes	yes
08	177r	OK	yes	yes
08	177v	OK	yes	yes
08	178r	OK	yes	yes
08	178v	OK	yes	yes
08	179r	OK	yes	yes
08	179v	OK	yes	yes
08	180r	OK	yes	yes
08	180v	OK	yes	yes
08	181r	OK	yes	yes
08	181v	OK	yes	yes
08	182r	OK	yes	yes
08	182v	OK	yes	yes
08	183r	OK	yes	yes
08	183v	OK	yes	yes
08	184r	OK	yes	yes
08	184v	OK	yes	yes
08	185r	OK	yes	yes
08	185v	OK	yes	yes
08	186r	OK	yes	yes
08	186v	OK	yes	yes
08	187r	OK	yes	yes
08	187v	OK	yes	yes
08	188r	OK	yes	yes
08	188v	OK	yes	yes
08	189r	OK	yes	yes
08	189v	OK	yes	yes
08	190r	OK	yes	yes
08	190v	OK	yes	yes
08	191r	OK	yes	yes
08	191v	OK	yes	yes
08	192r	OK	yes	yes
08	192v	OK	yes	yes
08	193r	OK	yes	yes
08	193v	OK	yes	yes
08	194r	OK	yes	yes
08	194v	OK	yes	yes
08	195r	OK	yes	yes
08	195v	OK	yes	yes
08	196r	OK	yes	yes
08	196v	OK	yes	yes
08	197r	OK	yes	yes
08	197v	OK	yes	yes
08	198r	OK	yes	yes
08	198v	OK	yes	yes
08	199r	OK	yes	yes
08	199v	OK	yes	yes
08	200r	OK	yes	yes
08	200v	OK	yes	yes
08	201r	OK	yes	yes
08	201v	OK	yes	yes
08	202r	OK	yes	yes
08	202v	OK	yes	yes
08	203r	OK	yes	yes
08	203v	OK	yes	yes
08	204r	OK	yes	yes
08	204v	OK	yes	yes
08	205r	OK	yes	yes
08	205v	OK	yes	yes
08	206r	OK	yes	yes
08	206v	OK	yes	yes
08	207r	OK	yes	yes
08	207v	OK	yes	yes
08	208r	OK	yes	yes
08	208v	OK	yes	yes
08	209r	OK	yes	yes
08	209v	OK	yes	yes
08	210r	OK	yes	yes
08	210v	OK	yes	yes
08	211r	OK	yes	yes
08	211v	OK	yes	yes
08	212r	OK	yes	yes
08	212v	OK	yes	yes
08	213r	OK	yes	yes
08	213v	OK	yes	yes
08	214r	OK	yes	yes
08	214v	OK	yes	yes
08	215r	OK	yes	yes
08	215v	OK	yes	yes
08	216r	OK	yes	yes
08	216v	OK	yes	yes
08	217r	OK	yes	yes
08	217v	OK	yes	yes
08	218r	OK	yes	yes
08	218v	OK	yes	yes
08	219r	OK	yes	yes
08	219v	OK	yes	yes
08	220r	OK	yes	yes
08	220v	OK	yes	yes
08	221r	OK	yes	yes
08	221v	OK	yes	yes
08	222r	OK	yes	yes
08	222v	OK	yes	yes
08	223r	OK	yes	yes
08	223v	OK	yes	yes
08	224r	OK	yes	yes
08	224v	OK	yes	yes
08	225r	OK	yes	yes
08	225v	OK	yes	yes
08	226r	OK	yes	yes
08	226v	OK	yes	yes
08	227r	OK	yes	yes
08	227v	OK	yes	yes
08	228r	OK	yes	yes
08	228v	OK	yes	yes
08	229r	OK	yes	yes
08	229v	OK	yes	yes
08	230r	OK	yes	yes
08	230v	OK	yes	yes
08	231r	OK	yes	yes
08	231v	OK	yes	yes
08	232r	OK	yes	yes
08	232v	OK	yes	yes
08	233r	OK	yes	yes
08	233v	OK	yes	yes
08	234r	OK	yes	yes
08	234v	OK	yes	yes
08	235r	OK	yes	yes
08	235v	OK	yes	yes
08	236r	OK	yes	yes
08	236v	OK	yes	yes
08	237r	OK	yes	yes
08	237v	OK	yes	yes
08	238r	OK	yes	yes
08	238v	OK	yes	yes
08	239r	OK	yes	yes
08	239v	OK	yes	yes
08	240r	OK	yes	yes
08	240v	OK	yes	yes
08	241r	OK	yes	yes
08	241v	OK	yes	yes
08	242r	OK	yes	yes
08	242v	OK	yes	yes
08	243r	OK	yes	yes
08	243v	OK	yes	yes
08	244r	OK	yes	yes
08	244v	OK	yes	yes
08	245r	OK	yes	yes
08	245v	OK	yes	yes
08	246r	OK	yes	yes
08	246v	OK	yes	yes
08	247r	OK	yes	yes
08	247v	OK	yes	yes
08	248r	OK	yes	yes
08	248v	OK	yes	yes
08	249r	OK	yes	yes
08	249v	OK	yes	yes
08	250r	OK	yes	yes
08	250v	OK	yes	yes
08	251r	OK	yes	yes
08	251v	OK	yes	yes
08	252r	OK	yes	yes
08	252v	OK	yes	yes
08	253r	OK	yes	yes
08	253v	OK	yes	yes
08	254r	OK	yes	yes
08	254v	OK	yes	yes
08	255r	OK	yes	yes
08	255v	OK	yes	yes
08	256r	OK	yes	yes
08	256v	OK	yes	yes
08	257r	OK	yes	yes
08	257v	OK	yes	yes
08	258r	OK	yes	yes
08	258v	OK	yes	yes
08	259r	OK	yes	yes
08	259v	OK	yes	yes
08	260r	OK	yes	yes
08	260v	OK	yes	yes
08	261r	OK	yes	yes
08	261v	OK	yes	yes
08	262r	OK	yes	yes
08	262v	OK	yes	yes
08	263r	OK	yes	yes
08	263v	OK	yes	yes
08	264r	OK	yes	yes
08	264v	OK	yes	yes
08	265r	OK	yes	yes
08	265v	OK	yes	yes
08	266r	OK	yes	yes
08	266v	OK	yes	yes
08	267r	OK	yes	yes
08	267v	OK	yes	yes
08	268r	OK	yes	yes
08	268v	OK	yes	yes
08	269r	OK	yes	yes
08	269v	OK	yes	yes
08	270r	OK	yes	yes
08	270v	OK	yes	yes
08	271r	OK	yes	yes
08	271v	OK	yes	yes
08	272r	OK	yes	yes
08	272v	OK	yes	yes
08	273r	OK	yes	yes
08	273v	OK	yes	yes
08	274r	OK	yes	yes
08	274v	OK	yes	yes
08	275r	OK	yes	yes
08	275v	OK	yes	yes
08	276r	OK	yes	yes
08	276v	OK	yes	yes
08	277r	OK	yes	yes
08	277v	OK	yes	yes
08	278r	OK	yes	yes
08	278v	OK	yes	yes
08	279r	OK	yes	yes
08	279v	OK	yes	yes
08	280r	OK	yes	yes
08	280v	OK	yes	yes
08	281r	OK	yes	yes
08	281v	OK	yes	yes
08	282r	OK	yes	yes
08	282v	OK	yes	yes
08	283r	OK	yes	yes
08	283v	OK	yes	yes
08	284r	OK	yes	yes
08	284v	OK	yes	yes
08	285r	OK	yes	yes
08	285v	OK	yes	yes
08	286r	OK	yes	yes
08	286v	OK	yes	yes
08	287r	OK	yes	yes
08	287v	OK	yes	yes
08	288r	OK	yes	yes
08	288v	OK	yes	yes
08	289r	OK	yes	yes
08	289v	OK	yes	yes
08	290r	OK	yes	yes
08	290v	OK	yes	yes
08	291r	OK	yes	yes
08	291v	OK	yes	yes
08	292r	OK	yes	yes
08	292v	OK	yes	yes
08	293r	OK	yes	yes
08	293v	OK	yes	yes
08	294r	OK	yes	yes
08	294v	OK	yes	yes
08	295r	OK	yes	yes
08	295v	OK	yes	yes
08	296r	OK	yes	yes
08	296v	OK	yes	yes
08	297r	OK	yes	yes
08	297v	OK	yes	yes
08	298r	OK	yes	yes
08	298v	OK	yes	yes
08	299r	OK	yes	yes
08	299v	OK	yes	yes
08	300r	OK	yes	yes
08	300v	OK	yes	yes
08	301r	OK	yes	yes
08	301v	OK	yes	yes
08	302r	OK	yes	yes
08	302v	OK	yes	yes
08	303r	OK	yes	yes
08	303v	OK	yes	yes
08	304r	OK	yes	yes
08	304v	OK	yes	yes
08	305r	OK	yes	yes
08	305v	OK	yes	yes
08	306r	OK	yes	yes
08	306v	OK	yes	yes
08	307r	OK	yes	yes
08	307v	OK	yes	yes
08	308r	OK	yes	yes
08	308v	OK	yes	yes
08	309r	OK	yes	yes
08	309v	OK	yes	yes
08	310r	OK	yes	yes
08	310v	OK	yes	yes
08	311r	OK	yes	yes
08	311v	OK	yes	yes
08	312r	OK	yes	yes
08	312v	OK	yes	yes
08	313r	OK	yes	yes
08	313v	OK	yes	yes
08	314r	OK	yes	yes
08	314v	OK	yes	yes
08	315r	OK	yes	yes
08	315v	OK	yes	yes
08	316r	OK	yes	yes
08	316v	OK	yes	yes
08	317r	OK	yes	yes
08	317v	OK	yes	yes
08	318r	OK	yes	yes
08	318v	OK	yes	yes
08	319r	OK	yes	yes
08	319v	OK	yes	yes
08	320r	OK	yes	yes
08	320v	OK	yes	yes
08	321r	OK	yes	yes
08	321v	OK	yes	yes
08	322r	OK	yes	yes
08	322v	OK	yes	yes
08	323r	OK	yes	yes
08	323v	OK	yes	yes
08	324r	OK	yes	yes
08	324v	OK	yes	yes
08	325r	OK	yes	yes
08	325v	OK	yes	yes
08	326r	OK	yes	yes
08	326v	OK	yes	yes
08	327r	OK	yes	yes
08	327v	OK	yes	yes
08	328r	OK	yes	yes
08	328v	OK	yes	yes
08	329r	OK	yes	yes
08	329v	OK	yes	yes
08	330r	OK	yes	yes
08	330v	OK	yes	yes
08	331r	OK	yes	yes
08	331v	OK	yes	yes
08	332r	OK	yes	yes
08	332v	OK	yes	yes
08	333r	OK	yes	yes
08	333v	OK	yes	yes
08	334r	OK	yes	yes
08	334v	OK	yes	yes
08	335r	OK	yes	yes
08	335v	OK	yes	yes
08	336r	OK	yes	yes
08	336v	OK	yes	yes
08	337r	OK	yes	yes
08	337v	OK	yes	yes
08	338r	OK	yes	yes
08	338v	OK	yes	yes
08	339r	OK	yes	yes
08	339v	OK	yes	yes
08	340r	OK	yes	yes
08	340v	OK	yes	yes
08	341r	OK	yes	yes
08	341v	OK	yes	yes
08	342r	OK	yes	yes
08	342v	OK	yes	yes
08	343r	OK	yes	yes
08	343v	OK	yes	yes
08	344r	OK	yes	yes
08	344v	OK	yes	yes
08	345r	OK	yes	yes
08	345v	OK	yes	yes
08	346r	OK	yes	yes
08	346v	OK	yes	yes
08	347r	OK	yes	yes
08	347v	OK	yes	yes
08	348r	OK	yes	yes
08	348v	OK	yes	yes
08	349r	OK	yes	yes
08	349v	OK	yes	yes
08	350r	OK	yes	yes
08	350v	OK	yes	yes
08	351r	OK	yes	yes
08	351v	OK	yes	yes
08	352r	OK	yes	yes
08	352v	OK	yes	yes
08	353r	OK	yes	yes
08	353v	OK	yes	yes
08	354r	OK	yes	yes
08	354v	OK	yes	yes
08	355r	OK	yes	yes
08	355v	OK	yes	yes
08	356r	OK	yes	yes
08	356v	OK	yes	yes
08	357r	OK	yes	yes
08	357v	OK	yes	yes
08	358r	OK	yes	yes
08	358v	OK	yes	yes
08	359r	OK	yes	yes
08	359v	OK	yes	yes
08	360r	OK	yes	yes
08	360v	OK	yes	yes
08	361r	OK	yes	yes
08	361v	OK	yes	yes
08	362r	OK	yes	yes
08	362v	OK	yes	yes
08	363r	OK	yes	yes
08	363v	OK	yes	yes
08	364r	OK	yes	yes
08	364v	OK	yes	yes
08	365r	OK	yes	yes
08	365v	OK	yes	yes
08	366r	OK	yes	yes
08	366v	OK	yes	yes
08	367r	OK	yes	yes
08	367v	OK	yes	yes
08	368r	OK	yes	yes
08	368v	OK	yes	yes
08	369r	OK	yes	yes
08	369v	OK	yes	yes
08	370r	OK	yes	yes
08	370v	OK	yes	yes
08	371r	OK	yes	yes
08	371v	OK	yes	yes
08	372r	OK	yes	yes
08	372v	OK	yes	yes
08	373r	OK	yes	yes
08	373v	OK	yes	yes
08	374r	OK	yes	yes
08	374v	OK	yes	yes
08	375r	OK	yes	yes
08	375v	OK	yes	yes
08	376r	OK	yes	yes
08	376v	OK	yes	yes
08	377r	OK	yes	yes
08	377v	OK	yes	yes
08	378r	OK	yes	yes
08	378v	OK	yes	yes
08	379r	OK	yes	yes
08	379v	OK	yes	yes
08	380r	OK	yes	yes
08	380v	OK	yes	yes
08	381r	OK	yes	yes
08	381v	OK	yes	yes
08	382r	OK	yes	yes
08	382v	OK	yes	yes
08	383r	OK	yes	yes
08	383v	OK	yes	yes
08	384r	OK	yes	yes
08	384v	OK	yes	yes
08	385r	OK	yes	yes
08	385v	OK	yes	yes
08	386r	OK	yes	yes
08	386v	OK	yes	yes
08	387r	OK	yes	yes
08	387v	OK	yes	yes
08	388r	OK	yes	yes
08	388v	OK	yes	yes
08	389r	OK	yes	yes
08	389v	OK	yes	yes
08	390r	OK	yes	yes
08	390v	OK	yes	yes
08	391r	OK	yes	yes
08	391v	OK	yes	yes
08	392r	OK	yes	yes
08	392v	OK	yes	yes
08	393r	OK	yes	yes
08	393v	OK	yes	yes
08	394r	OK	yes	yes
08	394v	OK	yes	yes
08	395r	OK	yes	yes
08	395v	OK	yes	yes
08	396r	OK	yes	yes
08	396v	OK	yes	yes
08	397r	OK	yes	yes
08	397v	OK	yes	yes
08	398r	OK	yes	yes
08	398v	OK	yes	yes
08	399r	OK	yes	yes
08	399v	OK	yes	yes
08	400r	OK	yes	yes
08	400v	OK	yes	yes
08	401r	OK	yes	yes
08	401v	OK	yes	yes
08	402r	OK	yes	yes
08	402v	OK	yes	yes
08	403r	OK	yes	yes
08	403v	OK	yes	yes
08	404r	OK	yes	yes
08	404v	OK	yes	yes
08	405r	OK	yes	yes
08	405v	OK	yes	yes
08	406r	OK	yes	yes
08	406v	OK	yes	yes
08	407r	OK	yes	yes
08	407v	OK	yes	yes
08	408r	OK	yes	yes
08	408v	OK	yes	yes
08	409r	OK	yes	yes
08	409v	OK	yes	yes
08	410r	OK	yes	yes
08	410v	OK	yes	yes
08	411r	OK	yes	yes
08	411v	OK	yes	yes
08	412r	OK	yes	yes
08	412v	OK	yes	yes
08	413r	OK	yes	yes
08	413v	OK	yes	yes
08	414r	OK	yes	yes
08	414v	OK	yes	yes
08	415r	OK	yes	yes
08	415v	OK	yes	yes
08	416r	OK	yes	yes
08	416v	OK	yes	yes
08	417r	OK	yes	yes
08	417v	OK	yes	yes
08	418r	OK	yes	yes
08	418v	OK	yes	yes
08	419r	OK	yes	yes
08	419v	OK	yes	yes
08	420r	OK	yes	yes
08	420v	OK	yes	yes
08	421r	OK	yes	yes
08	421v	OK	yes	yes
08	422r	OK	yes	yes
08	422v	OK	yes	yes
08	423r	OK	yes	yes
08	423v	OK	yes	yes
08	424r	OK	yes	yes
08	424v	OK	yes	yes
08	425r	OK	yes	yes
08	425v	OK	yes	yes
08	426r	OK	yes	yes
08	426v	OK	yes	yes
08	427r	OK	yes	yes
08	427v	OK	yes	yes
08	428r	OK	yes	yes
08	428v	OK	yes	yes
08	429r	OK	yes	yes
08	429v	OK	yes	yes
08	430r	OK	yes	yes
08	430v	OK	yes	yes
08	431r	OK	yes	yes
08	431v	OK	yes	yes
08	432r	OK	yes	yes
08	432v	OK	yes	yes
08	433r	OK	yes	yes
08	433v	OK	yes	yes
08	434r	OK	yes	yes
08	434v	OK	yes	yes
08	435r	OK	yes	yes
08	435v	OK	yes	yes
08	436r	OK	yes	yes
08	436v	OK	yes	yes
08	437r	OK	yes	yes
08	437v	OK	yes	yes
08	438r	OK	yes	yes
08	438v	OK	yes	yes
08	439r	OK	yes	yes
08	439v	OK	yes	yes
08	440r	OK	yes	yes
08	440v	OK	yes	yes
08	441r	OK	yes	yes
08	441v	OK	yes	yes
08	442r	OK	yes	yes
08	442v	OK	yes	yes
08	443r	OK	yes	yes
08	443v	OK	yes	yes
08	444r	OK	yes	yes
08	444v	OK	yes	yes
08	445r	OK	yes	yes
08	445v	OK	yes	yes
08	446r	OK	yes	yes
08	446v	OK	yes	yes
08	447r	OK	yes	yes
08	447v	OK	yes	yes
08	448r	OK	yes	yes
08	448v	OK	yes	yes
08	449r	OK	yes	yes
08	449v	OK	yes	yes
08	450r	OK	yes	yes
08	450v	OK	yes	yes
08	451r	OK	yes	yes
08	451v	OK	yes	yes
08	452r	OK	yes	yes
08	452v	OK	yes	yes
08	453r	OK	yes	yes
08	453v	OK	yes	yes
08	454r	OK	yes	yes
08	454v	OK	yes	yes
08	455r	OK	yes	yes
08	455v	OK	yes	yes
08	456r	OK	yes	yes
08	456v	OK	yes	yes
08	457r	OK	yes	yes
08	457v	OK	yes	yes
08	458r	OK	yes	yes
08	458v	OK	yes	yes
08	459r	OK	yes	yes
08	459v	OK	yes	yes
08	460r	OK	yes	yes
08	460v	OK	yes	yes
08	461r	OK	yes	yes
08	461v	OK	yes	yes
08	462r	OK	yes	yes
08	462v	OK	yes	yes
08	463r	OK	yes	yes
08	463v	OK	yes	yes
08	464r	OK	yes	yes
08	464v	OK	yes	yes
08	465r	OK	yes	yes
08	465v	OK	yes	yes
08	466r	OK	yes	yes
08	466v	OK	yes	yes
08	467r	OK	yes	yes
08	467v	OK	yes	yes
08	468r	OK	yes	yes
08	468v	OK	yes	yes
08	469r	OK	yes	yes
08	469v	OK	yes	yes
08	470r	OK	yes	yes
08	470v	OK	yes	yes
08	471r	OK	yes	yes
08	471v	OK	yes	yes
08	472r	OK	yes	yes
08	472v	OK	yes	yes
08	473r	OK	yes	yes
08	473v	OK	yes	yes
08	474r	OK	yes	yes
08	474v	OK	yes	yes
08	475r	OK	yes	yes
08	475v	OK	yes	yes
08	476r	OK	yes	yes
08	476v	OK	yes	yes
08	477r	OK	yes	yes
08	477v	OK	yes	yes
08	478r	OK	yes	yes
08	478v	OK	yes	yes
08	479r	OK	yes	yes
08	479v	OK	yes	yes
08	480r	OK	yes	yes
08	480v	OK	yes	yes
08	481r	OK	yes	yes
08	481v	OK	yes	yes
08	482r	OK	yes	yes
08	482v	OK	yes	yes
08	483r	OK	yes	yes
08	483v	OK	yes	yes
08	484r	OK	yes	yes
08	484v	OK	yes	yes
08	485r	OK	yes	yes
08	485v	OK	yes	yes
08	486r	OK	yes	yes
08	486v	OK	yes	yes
08	487r	OK	yes	yes
08	487v	OK	yes	yes
08	488r	OK	yes	yes
08	488v	OK	yes	yes
08	489r	OK	yes	yes
08	489v	OK	yes	yes
08	490r	OK	yes	yes
08	490v	OK	yes	yes
08	491r	OK	yes	yes
08	491v	OK	yes	yes
08	492r	OK	yes	yes
08	492v	OK	yes	yes
08	493r	OK	yes	yes
08	493v	OK	yes	yes
08	494r	OK	yes	yes
08	494v	OK	yes	yes
09	001r	OK	yes	yes
09	001v	OK	yes	yes
09	002r	OK	yes	yes
09	002v	OK	yes	yes
09	003r	OK	yes	yes
09	003v	OK	yes	yes
09	004r	OK	yes	yes
09	004v	OK	yes	yes
09	005r	OK	yes	yes
09	005v	OK	yes	yes
09	006r	OK	yes	yes
09	006v	OK	yes	yes
09	007r	OK	yes	yes
09	007v	OK	yes	yes
09	008r	OK	yes	yes
09	008v	OK	yes	yes
09	009r	OK	yes	yes
09	009v	OK	yes	yes
09	010r	OK	yes	yes
09	010v	OK	yes	yes
09	011r	OK	yes	yes
09	011v	OK	yes	yes
09	012r	OK	yes	yes
09	012v	OK	yes	yes
09	013r	OK	yes	yes
09	013v	OK	yes	yes
09	014r	OK	yes	yes
09	014v	OK	yes	yes
09	015r	OK	yes	yes
09	015v	OK	yes	yes
09	016r	OK	yes	yes
09	016v	OK	yes	yes
09	017r	OK	yes	yes
09	017v	OK	yes	yes
09	018r	OK	yes	yes
09	018v	OK	yes	yes
09	019r	OK	yes	yes
09	019v	OK	yes	yes
09	020r	OK	yes	yes
09	020v	OK	yes	yes
09	021r	OK	yes	yes
09	021v	OK	yes	yes
09	022r	OK	yes	yes
09	022v	OK	yes	yes
09	023r	OK	yes	yes
09	023v	OK	yes	yes
09	024r	OK	yes	yes
09	024v	OK	yes	yes
09	025r	OK	yes	yes
09	025v	OK	yes	yes
09	026r	OK	yes	yes
09	026v	OK	yes	yes
09	027r	OK	yes	yes
09	027v	OK	yes	yes
09	028r	OK	yes	yes
09	028v	OK	yes	yes
09	029r	OK	yes	yes
09	029v	OK	yes	yes
09	030r	OK	yes	yes
09	030v	OK	yes	yes
09	031r	OK	yes	yes
09	031v	OK	yes	yes
09	032r	OK	yes	yes
09	032v	OK	yes	yes
09	033r	OK	yes	yes
09	033v	OK	yes	yes
09	034r	OK	yes	yes
09	034v	OK	yes	yes
09	035r	OK	yes	yes
09	035v	OK	yes	yes
09	036r	OK	yes	yes
09	036v	OK	yes	yes
09	037r	OK	yes	yes
09	037v	OK	yes	yes
09	038r	OK	yes	yes
09	038v	OK	yes	yes
09	039r	OK	yes	yes
09	039v	OK	yes	yes
09	040r	OK	yes	yes
09	040v	OK	yes	yes
09	041r	OK	yes	yes
09	041v	OK	yes	yes
09	042r	OK	yes	yes
09	042v	OK	yes	yes
09	043r	OK	yes	yes
09	043v	OK	yes	yes
09	044r	OK	yes	yes
09	044v	OK	yes	yes
09	045r	OK	yes	yes
09	045v	OK	yes	yes
09	046r	OK	yes	yes
09	046v	OK	yes	yes
09	047r	OK	yes	yes
09	047v	OK	yes	yes
09	048r	OK	yes	yes
09	048v	OK	yes	yes
09	049r	OK	yes	yes
09	049v	OK	yes	yes
09	050r	OK	yes	yes
09	050v	OK	yes	yes
09	051r	OK	yes	yes
09	051v	OK	yes	yes
09	052r	OK	yes	yes
09	052v	OK	yes	yes
09	053r	OK	yes	yes
09	053v	OK	yes	yes
09	054r	OK	yes	yes
09	054v	OK	yes	yes
09	055r	OK	yes	yes
09	055v	OK	yes	yes
09	056r	OK	yes	yes
09	056v	OK	yes	yes
09	057r	OK	yes	yes
09	057v	OK	yes	yes
09	058r	OK	yes	yes
09	058v	OK	yes	yes
09	059r	OK	yes	yes
09	059v	OK	yes	yes
09	060r	OK	yes	yes
09	060v	OK	yes	yes
09	061r	OK	yes	yes
09	061v	OK	yes	yes
09	062r	OK	yes	yes
09	062v	OK	yes	yes
09	063r	OK	yes	yes
09	063v	OK	yes	yes
09	064r	OK	yes	yes
09	064v	OK	yes	yes
09	065r	OK	yes	yes
09	065v	OK	yes	yes
09	066r	OK	yes	yes
09	066v	OK	yes	yes
09	067r	OK	yes	yes
09	067v	OK	yes	yes
09	068r	OK	yes	yes
09	068v	OK	yes	yes
09	069r	OK	yes	yes
09	069v	OK	yes	yes
09	070r	OK	yes	yes
09	070v	OK	yes	yes
09	071r	OK	yes	yes
09	071v	OK	yes	yes
09	072r	OK	yes	yes
09	072v	OK	yes	yes
09	073r	OK	yes	yes
09	073v	OK	yes	yes
09	074r	OK	yes	yes
09	074v	OK	yes	yes
09	075r	OK	yes	yes
09	075v	OK	yes	yes
09	076r	OK	yes	yes
09	076v	OK	yes	yes
09	077r	OK	yes	yes
09	077v	OK	yes	yes
09	078r	OK	yes	yes
09	078v	OK	yes	yes
09	079r	OK	yes	yes
09	079v	OK	yes	yes
09	080r	OK	yes	yes
09	080v	OK	yes	yes
09	081r	OK	yes	yes
09	081v	OK	yes	yes
09	082r	OK	yes	yes
09	082v	OK	yes	yes
09	083r	OK	yes	yes
09	083v	OK	yes	yes
09	084r	OK	yes	yes
09	084v	OK	yes	yes
09	085r	OK	yes	yes
09	085v	OK	yes	yes
09	086r	OK	yes	yes
09	086v	OK	yes	yes
09	087r	OK	yes	yes
09	087v	OK	yes	yes
09	088r	OK	yes	yes
09	088v	OK	yes	yes
09	089r	OK	yes	yes
09	089v	OK	yes	yes
09	090r	OK	yes	yes
09	090v	OK	yes	yes
09	091r	OK	yes	yes
09	091v	OK	yes	yes
09	092r	OK	yes	yes
09	092v	OK	yes	yes
09	093r	OK	yes	yes
09	093v	OK	yes	yes
09	094r	OK	yes	yes
09	094v	OK	yes	yes
09	095r	OK	yes	yes
09	095v	OK	yes	yes
09	096r	OK	yes	yes
09	096v	OK	yes	yes
09	097r	OK	yes	yes
09	097v	OK	yes	yes
09	098r	OK	yes	yes
09	098v	OK	yes	yes
09	099r	OK	yes	yes
09	099v	OK	yes	yes
09	100r	OK	yes	yes
09	100v	OK	yes	yes
09	101r	OK	yes	yes
09	101v	OK	yes	yes
09	102r	OK	yes	yes
09	102v	OK	yes	yes
09	103r	OK	yes	yes
09	103v	OK	yes	yes
09	104r	OK	yes	yes
09	104v	OK	yes	yes
09	105r	OK	yes	yes
09	105v	OK	yes	yes
09	106r	OK	yes	yes
09	106v	OK	yes	yes
09	107r	OK	yes	yes
09	107v	OK	yes	yes
09	108r	OK	yes	yes
09	108v	OK	yes	yes
09	109r	OK	yes	yes
09	109v	OK	yes	yes
09	110r	OK	yes	yes
09	110v	OK	yes	yes
09	111r	OK	yes	yes
09	111v	OK	yes	yes
09	112r	OK	yes	yes
09	112v	OK	yes	yes
09	113r	OK	yes	yes
09	113v	OK	yes	yes
09	114r	OK	yes	yes
09	114v	OK	yes	yes
09	115r	OK	yes	yes
09	115v	OK	yes	yes
09	116r	OK	yes	yes
09	116v	OK	yes	yes
09	117r	OK	yes	yes
09	117v	OK	yes	yes
09	118r	OK	yes	yes
09	118v	OK	yes	yes
09	119r	OK	yes	yes
09	119v	OK	yes	yes
09	121r	OK	yes	yes
09	121v	OK	yes	yes
09	122r	OK	yes	yes
09	122v	OK	yes	yes
09	123r	OK	yes	yes
09	123v	OK	yes	yes
09	124r	OK	yes	yes
09	124v	OK	yes	yes
09	125r	OK	yes	yes
09	125v	OK	yes	yes
09	126r	OK	yes	yes
09	126v	OK	yes	yes
09	127r	OK	yes	yes
09	127v	OK	yes	yes
09	128r	OK	yes	yes
09	128v	OK	yes	yes
09	129r	OK	yes	yes
09	129v	OK	yes	yes
09	130r	OK	yes	yes
09	130v	OK	yes	yes
09	131r	OK	yes	yes
09	131v	OK	yes	yes
09	132r	OK	yes	yes
09	132v	OK	yes	yes
09	133r	OK	yes	yes
09	133v	OK	yes	yes
09	134r	OK	yes	yes
09	134v	OK	yes	yes
09	135r	OK	yes	yes
09	135v	OK	yes	yes
09	136r	OK	yes	yes
09	136v	OK	yes	yes
09	137r	OK	yes	yes
09	137v	OK	yes	yes
09	138r	OK	yes	yes
09	138v	OK	yes	yes
09	139r	OK	yes	yes
09	139v	OK	yes	yes
09	140r	OK	yes	yes
09	140v	OK	yes	yes
09	141r	OK	yes	yes
09	141v	OK	yes	yes
09	142r	OK	yes	yes
09	142v	OK	yes	yes
09	143r	OK	yes	yes
09	143v	OK	yes	yes
09	144r	OK	yes	yes
09	144v	OK	yes	yes
09	145r	OK	yes	yes
09	145v	OK	yes	yes
09	146r	OK	yes	yes
09	146v	OK	yes	yes
09	147r	OK	yes	yes
09	147v	OK	yes	yes
09	148r	OK	yes	yes
09	148v	OK	yes	yes
09	149r	OK	yes	yes
09	149v	OK	yes	yes
09	150r	OK	yes	yes
09	150v	OK	yes	yes
09	151r	OK	yes	yes
09	151v	OK	yes	yes
09	152r	OK	yes	yes
09	152v	OK	yes	yes
09	153r	OK	yes	yes
09	153v	OK	yes	yes
09	154r	OK	yes	yes
09	154v	OK	yes	yes
09	155r	OK	yes	yes
09	155v	OK	yes	yes
09	156r	OK	yes	yes
09	156v	OK	yes	yes
09	157r	OK	yes	yes
09	157v	OK	yes	yes
09	158r	OK	yes	yes
09	158v	OK	yes	yes
09	159r	OK	yes	yes
09	159v	OK	yes	yes
09	160r	OK	yes	yes
09	160v	OK	yes	yes
09	161r	OK	yes	yes
09	161v	OK	yes	yes
09	162r	OK	yes	yes
09	162v	OK	yes	yes
09	163r	OK	yes	yes
09	163v	OK	yes	yes
09	164r	OK	yes	yes
09	164v	OK	yes	yes
09	165r	OK	yes	yes
09	165v	OK	yes	yes
09	166r	OK	yes	yes
09	166v	OK	yes	yes
09	167r	OK	yes	yes
09	167v	OK	yes	yes
09	168r	OK	yes	yes
09	168v	OK	yes	yes
09	169r	OK	yes	yes
09	169v	OK	yes	yes
09	170r	OK	yes	yes
09	170v	OK	yes	yes
09	171r	OK	yes	yes
09	171v	OK	yes	yes
09	172r	OK	yes	yes
09	172v	OK	yes	yes
09	173r	OK	yes	yes
09	173v	OK	yes	yes
09	174r	OK	yes	yes
09	174v	OK	yes	yes
09	175r	OK	yes	yes
09	175v	OK	yes	yes
09	176r	OK	yes	yes
09	176v	OK	yes	yes
09	177r	OK	yes	yes
09	177v	OK	yes	yes
09	178r	OK	yes	yes
09	178v	OK	yes	yes
09	179r	OK	yes	yes
09	179v	OK	yes	yes
09	180r	OK	yes	yes
09	180v	OK	yes	yes
09	181r	OK	yes	yes
09	181v	OK	yes	yes
09	182r	OK	yes	yes
09	182v	OK	yes	yes
09	183r	OK	yes	yes
09	183v	OK	yes	yes
09	184r	OK	yes	yes
09	184v	OK	yes	yes
09	185r	OK	yes	yes
09	185v	OK	yes	yes
09	186r	OK	yes	yes
09	186v	OK	yes	yes
09	187r	OK	yes	yes
09	187v	OK	yes	yes
09	188r	OK	yes	yes
09	188v	OK	yes	yes
09	189r	OK	yes	yes
09	189v	OK	yes	yes
09	190r	OK	yes	yes
09	190v	OK	yes	yes
09	191r	OK	yes	yes
09	191v	OK	yes	yes
09	192r	OK	yes	yes
09	192v	OK	yes	yes
09	193r	OK	yes	yes
09	193v	OK	yes	yes
09	194r	OK	yes	yes
09	194v	OK	yes	yes
09	195r	OK	yes	yes
09	195v	OK	yes	yes
09	196r	OK	yes	yes
09	196v	OK	yes	yes
09	197r	OK	yes	yes
09	197v	OK	yes	yes
09	198r	OK	yes	yes
09	198v	OK	yes	yes
09	199r	OK	yes	yes
09	199v	OK	yes	yes
09	200r	OK	yes	yes
09	200v	OK	yes	yes
09	201r	OK	yes	yes
09	201v	OK	yes	yes
09	202r	OK	yes	yes
09	202v	OK	yes	yes
09	203r	OK	yes	yes
09	203v	OK	yes	yes
09	204r	OK	yes	yes
09	204v	OK	yes	yes
09	205r	OK	yes	yes
09	205v	OK	yes	yes
09	206r	OK	yes	yes
09	206v	OK	yes	yes
09	207r	OK	yes	yes
09	207v	OK	yes	yes
09	208r	OK	yes	yes
09	208v	OK	yes	yes
09	209r	OK	yes	yes
09	209v	OK	yes	yes
09	210r	OK	yes	yes
09	210v	OK	yes	yes
09	211r	OK	yes	yes
09	211v	OK	yes	yes
09	212r	OK	yes	yes
09	212v	OK	yes	yes
09	213r	OK	yes	yes
09	213v	OK	yes	yes
09	214r	OK	yes	yes
09	214v	OK	yes	yes
09	215r	OK	yes	yes
09	215v	OK	yes	yes
09	216r	OK	yes	yes
09	216v	OK	yes	yes
09	217r	OK	yes	yes
09	217v	OK	yes	yes
09	218r	OK	yes	yes
09	218v	OK	yes	yes
09	219r	OK	yes	yes
09	219v	OK	yes	yes
09	220r	OK	yes	yes
09	220v	OK	yes	yes
09	221r	OK	yes	yes
09	221v	OK	yes	yes
09	222r	OK	yes	yes
09	222v	OK	yes	yes
09	223r	OK	yes	yes
09	223v	OK	yes	yes
09	224r	OK	yes	yes
09	224v	OK	yes	yes
09	225r	OK	yes	yes
09	225v	OK	yes	yes
09	226r	OK	yes	yes
09	226v	OK	yes	yes
09	227r	OK	yes	yes
09	227v	OK	yes	yes
09	228r	OK	yes	yes
09	228v	OK	yes	yes
09	229r	OK	yes	yes
09	229v	OK	yes	yes
09	230r	OK	yes	yes
09	230v	OK	yes	yes
09	231r	OK	yes	yes
09	231v	OK	yes	yes
09	232r	OK	yes	yes
09	232v	OK	yes	yes
09	233r	OK	yes	yes
09	233v	OK	yes	yes
09	234r	OK	yes	yes
09	234v	OK	yes	yes
09	235r	OK	yes	yes
09	235v	OK	yes	yes
09	236r	OK	yes	yes
09	236v	OK	yes	yes
09	237r	OK	yes	yes
09	237v	OK	yes	yes
09	238r	OK	yes	yes
09	238v	OK	yes	yes
09	239r	OK	yes	yes
09	239v	OK	yes	yes
09	240r	OK	yes	yes
09	240v	OK	yes	yes
09	241r	OK	yes	yes
09	241v	OK	yes	yes
09	242r	OK	yes	yes
09	242v	OK	yes	yes
09	243r	OK	yes	yes
09	243v	OK	yes	yes
09	244r	OK	yes	yes
09	244v	OK	yes	yes
09	245r	OK	yes	yes
09	245v	OK	yes	yes
09	246r	OK	yes	yes
09	246v	OK	yes	yes
09	247r	OK	yes	yes
09	247v	OK	yes	yes
09	248r	OK	yes	yes
09	248v	OK	yes	yes
09	249r	OK	yes	yes
09	249v	OK	yes	yes
09	250r	OK	yes	yes
09	250v	OK	yes	yes
09	251r	OK	yes	yes
09	251v	OK	yes	yes
09	252r	OK	yes	yes
09	252v	OK	yes	yes
09	253r	OK	yes	yes
09	253v	OK	yes	yes
09	254r	OK	yes	yes
09	254v	OK	yes	yes
09	255r	OK	yes	yes
09	255v	OK	yes	yes
09	256r	OK	yes	yes
09	256v	OK	yes	yes
09	257r	OK	yes	yes
09	257v	OK	yes	yes
09	258r	OK	yes	yes
09	258v	OK	yes	yes
09	259r	OK	yes	yes
09	259v	OK	yes	yes
09	260r	OK	yes	yes
09	260v	OK	yes	yes
09	261r	OK	yes	yes
09	261v	OK	yes	yes
09	262r	OK	yes	yes
09	262v	OK	yes	yes
09	263r	OK	yes	yes
09	263v	OK	yes	yes
09	264r	OK	yes	yes
09	264v	OK	yes	yes
09	265r	OK	yes	yes
09	265v	OK	yes	yes
09	266r	OK	yes	yes
09	266v	OK	yes	yes
09	267r	OK	yes	yes
09	267v	OK	yes	yes
09	268r	OK	yes	yes
09	268v	OK	yes	yes
09	269r	OK	yes	yes
09	269v	OK	yes	yes
09	270r	OK	yes	yes
09	270v	OK	yes	yes
09	271r	OK	yes	yes
09	271v	OK	yes	yes
09	272r	OK	yes	yes
09	272v	OK	yes	yes
09	273r	OK	yes	yes
09	273v	OK	yes	yes
09	274r	OK	yes	yes
09	274v	OK	yes	yes
09	275r	OK	yes	yes
09	275v	OK	yes	yes
09	276r	OK	yes	yes
09	276v	OK	yes	yes
09	277r	OK	yes	yes
09	277v	OK	yes	yes
09	278r	OK	yes	yes
09	278v	OK	yes	yes
09	279r	OK	yes	yes
09	279v	OK	yes	yes
09	280r	OK	yes	yes
09	280v	OK	yes	yes
09	281r	OK	yes	yes
09	281v	OK	yes	yes
09	282r	OK	yes	yes
09	282v	OK	yes	yes
09	283r	OK	yes	yes
09	283v	OK	yes	yes
09	284r	OK	yes	yes
09	284v	OK	yes	yes
09	285r	OK	yes	yes
09	285v	OK	yes	yes
09	286r	OK	yes	yes
09	286v	OK	yes	yes
09	287r	OK	yes	yes
09	287v	OK	yes	yes
09	288r	OK	yes	yes
09	288v	OK	yes	yes
09	289r	OK	yes	yes
09	289v	OK	yes	yes
09	290r	OK	yes	yes
09	290v	OK	yes	yes
09	291r	OK	yes	yes
09	291v	OK	yes	yes
09	292r	OK	yes	yes
09	292v	OK	yes	yes
09	293r	OK	yes	yes
09	293v	OK	yes	yes
09	294r	OK	yes	yes
09	294v	OK	yes	yes
09	295r	OK	yes	yes
09	295v	OK	yes	yes
09	296r	OK	yes	yes
09	296v	OK	yes	yes
09	297r	OK	yes	yes
09	297v	OK	yes	yes
09	298r	OK	yes	yes
09	298v	OK	yes	yes
09	299r	OK	yes	yes
09	299v	OK	yes	yes
09	300r	OK	yes	yes
09	300v	OK	yes	yes
09	301r	OK	yes	yes
09	301v	OK	yes	yes
09	302r	OK	yes	yes
09	302v	OK	yes	yes
09	303r	OK	yes	yes
09	303v	OK	yes	yes
09	304r	OK	yes	yes
09	304v	OK	yes	yes
09	305r	OK	yes	yes
09	305v	OK	yes	yes
09	306r	OK	yes	yes
09	306v	OK	yes	yes
09	307r	OK	yes	yes
09	307v	OK	yes	yes
09	308r	OK	yes	yes
09	308v	OK	yes	yes
09	309r	OK	yes	yes
09	309v	OK	yes	yes
09	310r	OK	yes	yes
09	310v	OK	yes	yes
09	311r	OK	yes	yes
09	311v	OK	yes	yes
09	312r	OK	yes	yes
09	312v	OK	yes	yes
09	313r	OK	yes	yes
09	313v	OK	yes	yes
09	314r	OK	yes	yes
09	314v	OK	yes	yes
09	315r	OK	yes	yes
09	315v	OK	yes	yes
09	316r	OK	yes	yes
09	316v	OK	yes	yes
09	317r	OK	yes	yes
09	317v	OK	yes	yes
09	318r	OK	yes	yes
09	318v	OK	yes	yes
09	319r	OK	yes	yes
09	319v	OK	yes	yes
09	320r	OK	yes	yes
09	320v	OK	yes	yes
09	321r	OK	yes	yes
09	321v	OK	yes	yes
09	322r	OK	yes	yes
09	322v	OK	yes	yes
09	323r	OK	yes	yes
09	323v	OK	yes	yes
09	324r	OK	yes	yes
09	324v	OK	yes	yes
09	325r	OK	yes	yes
09	325v	OK	yes	yes
09	326r	OK	yes	yes
09	326v	OK	yes	yes
09	327r	OK	yes	yes
09	327v	OK	yes	yes
09	328r	OK	yes	yes
09	328v	OK	yes	yes
09	329r	OK	yes	yes
09	329v	OK	yes	yes
09	330r	OK	yes	yes
09	330v	OK	yes	yes
09	331r	OK	yes	yes
09	331v	OK	yes	yes
09	332r	OK	yes	yes
09	332v	OK	yes	yes
09	333r	OK	yes	yes
09	333v	OK	yes	yes
09	334r	OK	yes	yes
09	334v	OK	yes	yes
09	335r	OK	yes	yes
09	335v	OK	yes	yes
09	336r	OK	yes	yes
09	336v	OK	yes	yes
09	337r	OK	yes	yes
09	337v	OK	yes	yes
09	338r	OK	yes	yes
09	338v	OK	yes	yes
09	339r	OK	yes	yes
09	339v	OK	yes	yes
09	340r	OK	yes	yes
09	340v	OK	yes	yes
09	341r	OK	yes	yes
09	341v	OK	yes	yes
09	342r	OK	yes	yes
09	342v	OK	yes	yes
09	343r	OK	yes	yes
09	343v	OK	yes	yes
09	344r	OK	yes	yes
09	344v	OK	yes	yes
09	345r	OK	yes	yes
09	345v	OK	yes	yes
09	346r	OK	yes	yes
09	346v	OK	yes	yes
09	347r	OK	yes	yes
09	347v	OK	yes	yes
09	348r	OK	yes	yes
09	348v	OK	yes	yes
09	349r	OK	yes	yes
09	349v	OK	yes	yes
09	350r	OK	yes	yes
09	350v	OK	yes	yes
09	351r	OK	yes	yes
09	351v	OK	yes	yes
09	352r	OK	yes	yes
09	352v	OK	yes	yes
09	353r	OK	yes	yes
09	353v	OK	yes	yes
09	354r	OK	yes	yes
09	354v	OK	yes	yes
09	355r	OK	yes	yes
09	355v	OK	yes	yes
09	356r	OK	yes	yes
09	356v	OK	yes	yes
09	357r	OK	yes	yes
09	357v	OK	yes	yes
09	358r	OK	yes	yes
09	358v	OK	yes	yes
09	359r	OK	yes	yes
09	359v	OK	yes	yes
09	360r	OK	yes	yes
09	360v	OK	yes	yes
09	361r	OK	yes	yes
09	361v	OK	yes	yes
09	362r	OK	yes	yes
09	362v	OK	yes	yes
09	363r	OK	yes	yes
09	363v	OK	yes	yes
09	364r	OK	yes	yes
09	364v	OK	yes	yes
09	365r	OK	yes	yes
09	365v	OK	yes	yes
09	366r	OK	yes	yes
09	366v	OK	yes	yes
09	367r	OK	yes	yes
09	367v	OK	yes	yes
09	368r	OK	yes	yes
09	368v	OK	yes	yes
09	369r	OK	yes	yes
09	369v	OK	yes	yes
09	370r	OK	yes	yes
09	370v	OK	yes	yes
09	371r	OK	yes	yes
09	371v	OK	yes	yes
09	372r	OK	yes	yes
09	372v	OK	yes	yes
09	373r	OK	yes	yes
09	373v	OK	yes	yes
09	374r	OK	yes	yes
09	374v	OK	yes	yes
09	375r	OK	yes	yes
09	375v	OK	yes	yes
09	376r	OK	yes	yes
09	376v	OK	yes	yes
09	377r	OK	yes	yes
09	377v	OK	yes	yes
09	378r	OK	yes	yes
09	378v	OK	yes	yes
09	379r	OK	yes	yes
09	379v	OK	yes	yes
09	380r	OK	yes	yes
09	380v	OK	yes	yes
09	381r	OK	yes	yes
09	381v	OK	yes	yes
09	382r	OK	yes	yes
09	382v	OK	yes	yes
09	383r	OK	yes	yes
09	383v	OK	yes	yes
09	384r	OK	yes	yes
09	384v	OK	yes	yes
09	385r	OK	yes	yes
09	385v	OK	yes	yes
09	386r	OK	yes	yes
09	386v	OK	yes	yes
09	387r	OK	yes	yes
09	387v	OK	yes	yes
09	388r	OK	yes	yes
09	388v	OK	yes	yes
09	389r	OK	yes	yes
09	389v	OK	yes	yes
09	390r	OK	yes	yes
09	390v	OK	yes	yes
09	391r	OK	yes	yes
09	391v	OK	yes	yes
09	392r	OK	yes	yes
09	392v	OK	yes	yes
09	393r	OK	yes	yes
09	393v	OK	yes	yes
09	394r	OK	yes	yes
09	394v	OK	yes	yes
09	395r	OK	yes	yes
09	395v	OK	yes	yes
09	396r	OK	yes	yes
09	396v	OK	yes	yes
09	397r	OK	yes	yes
09	397v	OK	yes	yes
09	398r	OK	yes	yes
09	398v	OK	yes	yes
09	399r	OK	yes	yes
09	399v	OK	yes	yes
09	400r	OK	yes	yes
09	400v	OK	yes	yes
09	401r	OK	yes	yes
09	401v	OK	yes	yes
09	402r	OK	yes	yes
09	402v	OK	yes	yes
09	403r	OK	yes	yes
09	403v	OK	yes	yes
09	404r	OK	yes	yes
09	404v	OK	yes	yes
09	405r	OK	yes	yes
09	405v	OK	yes	yes
09	406r	OK	yes	yes
09	406v	OK	yes	yes
09	406bisr	OK	yes	yes
09	406bisv	OK	yes	yes
09	407r	OK	yes	yes
09	407v	OK	yes	yes
09	408r	OK	yes	yes
09	408v	OK	yes	yes
09	409r	OK	yes	yes
09	409v	OK	yes	yes
09	410r	OK	yes	yes
09	410v	OK	yes	yes
09	411r	OK	yes	yes
09	411v	OK	yes	yes
09	412r	OK	yes	yes
09	412v	OK	yes	yes
09	413r	OK	yes	yes
09	413v	OK	yes	yes
09	414r	OK	yes	yes
09	414v	OK	yes	yes
09	415r	OK	yes	yes
09	415v	OK	yes	yes
09	416r	OK	yes	yes
09	416v	OK	yes	yes
09	417r	OK	yes	yes
09	417v	OK	yes	yes
09	418r	OK	yes	yes
09	418v	OK	yes	yes
09	419r	OK	yes	yes
09	419v	OK	yes	yes
09	420r	OK	yes	yes
09	420v	OK	yes	yes
09	421r	OK	yes	yes
09	421v	OK	yes	yes
09	422r	OK	yes	yes
09	422v	OK	yes	yes
09	423r	OK	yes	yes
09	423v	OK	yes	yes
09	424r	OK	yes	yes
09	424v	OK	yes	yes
09	425r	OK	yes	yes
09	425v	OK	yes	yes
09	426r	OK	yes	yes
09	426v	OK	yes	yes
09	427r	OK	yes	yes
09	427v	OK	yes	yes
09	428r	OK	yes	yes
09	428v	OK	yes	yes
09	429r	OK	yes	yes
09	429v	OK	yes	yes
09	430r	OK	yes	yes
09	430v	OK	yes	yes
09	431r	OK	yes	yes
09	431v	OK	yes	yes
09	432r	OK	yes	yes
09	432v	OK	yes	yes
09	433r	OK	yes	yes
09	433v	OK	yes	yes
09	434r	OK	yes	yes
09	434v	OK	yes	yes
09	435r	OK	yes	yes
09	435v	OK	yes	yes
09	436r	OK	yes	yes
09	436v	OK	yes	yes
09	437r	OK	yes	yes
09	437v	OK	yes	yes
09	438r	OK	yes	yes
09	438v	OK	yes	yes
09	439r	OK	yes	yes
09	439v	OK	yes	yes
09	440r	OK	yes	yes
09	440v	OK	yes	yes
09	441r	OK	yes	yes
09	441v	OK	yes	yes
09	442r	OK	yes	yes
09	442v	OK	yes	yes
09	443r	OK	yes	yes
09	443v	OK	yes	yes
09	444r	OK	yes	yes
09	444v	OK	yes	yes
09	445r	OK	yes	yes
09	445v	OK	yes	yes
09	446r	OK	yes	yes
09	446v	OK	yes	yes
09	447r	OK	yes	yes
09	447v	OK	yes	yes
09	448r	OK	yes	yes
09	448v	OK	yes	yes
09	449r	OK	yes	yes
09	449v	OK	yes	yes
09	450r	OK	yes	yes
09	450v	OK	yes	yes
09	451r	OK	yes	yes
09	451v	OK	yes	yes
09	452r	OK	yes	yes
09	452v	OK	yes	yes
09	453r	OK	yes	yes
09	453v	OK	yes	yes
09	454r	OK	yes	yes
09	454v	OK	yes	yes
09	455r	OK	yes	yes
09	455v	OK	yes	yes
09	456r	OK	yes	yes
09	456v	OK	yes	yes
09	457r	OK	yes	yes
09	457v	OK	yes	yes
09	458r	OK	yes	yes
09	458v	OK	yes	yes
09	459r	OK	yes	yes
09	459v	OK	yes	yes
09	460r	OK	yes	yes
09	460v	OK	yes	yes
09	461r	OK	yes	yes
09	461v	OK	yes	yes
09	462r	OK	yes	yes
09	462v	OK	yes	yes
09	463r	OK	yes	yes
09	463v	OK	yes	yes
09	464r	OK	yes	yes
09	464v	OK	yes	yes
09	465r	OK	yes	yes
09	465v	OK	yes	yes
09	466r	OK	yes	yes
09	466v	OK	yes	yes
09	467r	OK	yes	yes
09	467v	OK	yes	yes
09	468r	OK	yes	yes
09	468v	OK	yes	yes
09	469r	OK	yes	yes
09	469v	OK	yes	yes
09	470r	OK	yes	yes
09	470v	OK	yes	yes
09	471r	OK	yes	yes
09	471v	OK	yes	yes
09	472r	OK	yes	yes
09	472v	OK	yes	yes
09b	001r	XX	no	yes
09b	001v	XX	no	yes
09b	002r	XX	no	yes
09b	002v	XX	no	yes
09b	003r	OK	yes	yes
09b	003v	OK	yes	yes
09b	004r	OK	yes	yes
09b	004v	OK	yes	yes
09b	005r	OK	yes	yes
09b	005v	OK	yes	yes
09b	006r	OK	yes	yes
09b	006v	OK	yes	yes
09b	007r	OK	yes	yes
09b	007v	OK	yes	yes
09b	008r	OK	yes	yes
09b	008v	OK	yes	yes
09b	009r	OK	yes	yes
09b	009v	OK	yes	yes
09b	010r	OK	yes	yes
09b	010v	OK	yes	yes
09b	011r	OK	yes	yes
09b	011v	OK	yes	yes
09b	012r	OK	yes	yes
09b	012v	OK	yes	yes
09b	013r	OK	yes	yes
09b	013v	OK	yes	yes
09b	014r	OK	yes	yes
09b	014v	OK	yes	yes
09b	015r	OK	yes	yes
09b	015v	OK	yes	yes
09b	016r	OK	yes	yes
09b	016v	OK	yes	yes
09b	017r	OK	yes	yes
09b	017v	OK	yes	yes
09b	018r	OK	yes	yes
09b	018v	OK	yes	yes
09b	019r	OK	yes	yes
09b	019v	OK	yes	yes
09b	020r	OK	yes	yes
09b	020v	OK	yes	yes
09b	021r	OK	yes	yes
09b	021v	OK	yes	yes
09b	022r	OK	yes	yes
09b	022v	OK	yes	yes
09b	023r	OK	yes	yes
09b	023v	OK	yes	yes
09b	024r	OK	yes	yes
09b	024v	OK	yes	yes
09b	025r	OK	yes	yes
09b	025v	OK	yes	yes
09b	025bisr	XX	yes	no
09b	025bisv	XX	yes	no
09b	026r	OK	yes	yes
09b	026v	OK	yes	yes
09b	027r	OK	yes	yes
09b	027v	OK	yes	yes
09b	028r	OK	yes	yes
09b	028v	OK	yes	yes
09b	029r	OK	yes	yes
09b	029v	OK	yes	yes
09b	030r	OK	yes	yes
09b	030v	OK	yes	yes
09b	031r	OK	yes	yes
09b	031v	OK	yes	yes
09b	032r	OK	yes	yes
09b	032v	OK	yes	yes
09b	033r	OK	yes	yes
09b	033v	OK	yes	yes
09b	034r	OK	yes	yes
09b	034v	OK	yes	yes
09b	035r	OK	yes	yes
09b	035v	OK	yes	yes
09b	036r	OK	yes	yes
09b	036v	OK	yes	yes
09b	037r	OK	yes	yes
09b	037v	OK	yes	yes
09b	038r	OK	yes	yes
09b	038v	OK	yes	yes
09b	039r	OK	yes	yes
09b	039v	OK	yes	yes
09b	040r	OK	yes	yes
09b	040v	OK	yes	yes
09b	041r	OK	yes	yes
09b	041v	OK	yes	yes
09b	042r	OK	yes	yes
09b	042v	OK	yes	yes
09b	043r	OK	yes	yes
09b	043v	OK	yes	yes
09b	044r	OK	yes	yes
09b	044v	OK	yes	yes
09b	045r	OK	yes	yes
09b	045v	OK	yes	yes
09b	046r	OK	yes	yes
09b	046v	OK	yes	yes
09b	047r	OK	yes	yes
09b	047v	OK	yes	yes
09b	048r	OK	yes	yes
09b	048v	OK	yes	yes
09b	049r	OK	yes	yes
09b	049v	OK	yes	yes
09b	050r	OK	yes	yes
09b	050v	OK	yes	yes
09b	051r	OK	yes	yes
09b	051v	OK	yes	yes
09b	052r	OK	yes	yes
09b	052v	OK	yes	yes
09b	053r	OK	yes	yes
09b	053v	OK	yes	yes
09b	054r	OK	yes	yes
09b	054v	OK	yes	yes
09b	055r	OK	yes	yes
09b	055v	OK	yes	yes
09b	056r	OK	yes	yes
09b	056v	OK	yes	yes
09b	057r	OK	yes	yes
09b	057v	OK	yes	yes
09b	058r	OK	yes	yes
09b	058v	OK	yes	yes
09b	059r	OK	yes	yes
09b	059v	OK	yes	yes
09b	059bisr	XX	yes	no
09b	059bisv	XX	yes	no
09b	060r	OK	yes	yes
09b	060v	OK	yes	yes
09b	061r	OK	yes	yes
09b	061v	OK	yes	yes
09b	062r	OK	yes	yes
09b	062v	OK	yes	yes
09b	063r	OK	yes	yes
09b	063v	OK	yes	yes
09b	064r	OK	yes	yes
09b	064v	OK	yes	yes
09b	065r	OK	yes	yes
09b	065v	OK	yes	yes
09b	066r	OK	yes	yes
09b	066v	OK	yes	yes
09b	067r	OK	yes	yes
09b	067v	OK	yes	yes
09b	068r	OK	yes	yes
09b	068v	OK	yes	yes
09b	069r	OK	yes	yes
09b	069v	OK	yes	yes
09b	070r	OK	yes	yes
09b	070v	OK	yes	yes
09b	071r	OK	yes	yes
09b	071v	OK	yes	yes
09b	072r	OK	yes	yes
09b	072v	OK	yes	yes
09b	073r	OK	yes	yes
09b	073v	OK	yes	yes
09b	074r	OK	yes	yes
09b	074v	OK	yes	yes
09b	075r	OK	yes	yes
09b	075v	OK	yes	yes
09b	076r	OK	yes	yes
09b	076v	OK	yes	yes
09b	077r	OK	yes	yes
09b	077v	OK	yes	yes
09b	078r	OK	yes	yes
09b	078v	OK	yes	yes
09b	078bisr	XX	yes	no
09b	078bisv	XX	yes	no
09b	079r	OK	yes	yes
09b	079v	OK	yes	yes
09b	080r	OK	yes	yes
09b	080v	OK	yes	yes
09b	081r	OK	yes	yes
09b	081v	OK	yes	yes
09b	082r	OK	yes	yes
09b	082v	OK	yes	yes
09b	083r	OK	yes	yes
09b	083v	OK	yes	yes
09b	084r	OK	yes	yes
09b	084v	OK	yes	yes
09b	085r	OK	yes	yes
09b	085v	OK	yes	yes
09b	086r	OK	yes	yes
09b	086v	OK	yes	yes
09b	087r	OK	yes	yes
09b	087v	OK	yes	yes
09b	088r	OK	yes	yes
09b	088v	OK	yes	yes
09b	089r	OK	yes	yes
09b	089v	OK	yes	yes
09b	090r	OK	yes	yes
09b	090v	OK	yes	yes
09b	091r	OK	yes	yes
09b	091v	OK	yes	yes
09b	092r	OK	yes	yes
09b	092v	OK	yes	yes
09b	093r	OK	yes	yes
09b	093v	OK	yes	yes
10	001r	OK	yes	yes
10	001v	OK	yes	yes
10	002r	OK	yes	yes
10	002v	OK	yes	yes
10	003r	OK	yes	yes
10	003v	OK	yes	yes
10	004r	OK	yes	yes
10	004v	OK	yes	yes
10	005r	OK	yes	yes
10	005v	OK	yes	yes
10	006r	OK	yes	yes
10	006v	OK	yes	yes
10	007r	OK	yes	yes
10	007v	OK	yes	yes
10	008r	OK	yes	yes
10	008v	OK	yes	yes
10	009r	OK	yes	yes
10	009v	OK	yes	yes
10	010r	OK	yes	yes
10	010v	OK	yes	yes
10	011r	OK	yes	yes
10	011v	OK	yes	yes
10	012r	OK	yes	yes
10	012v	OK	yes	yes
10	013r	OK	yes	yes
10	013v	OK	yes	yes
10	014r	OK	yes	yes
10	014v	OK	yes	yes
10	015r	OK	yes	yes
10	015v	OK	yes	yes
10	016r	OK	yes	yes
10	016v	OK	yes	yes
10	017r	OK	yes	yes
10	017v	OK	yes	yes
10	018r	OK	yes	yes
10	018v	OK	yes	yes
10	019r	OK	yes	yes
10	019v	OK	yes	yes
10	020r	OK	yes	yes
10	020v	OK	yes	yes
10	021r	OK	yes	yes
10	021v	OK	yes	yes
10	022r	OK	yes	yes
10	022v	OK	yes	yes
10	023r	OK	yes	yes
10	023v	OK	yes	yes
10	024r	OK	yes	yes
10	024v	OK	yes	yes
10	025r	OK	yes	yes
10	025v	OK	yes	yes
10	026r	OK	yes	yes
10	026v	OK	yes	yes
10	027r	OK	yes	yes
10	027v	OK	yes	yes
10	028r	OK	yes	yes
10	028v	OK	yes	yes
10	029r	OK	yes	yes
10	029v	OK	yes	yes
10	030r	OK	yes	yes
10	030v	OK	yes	yes
10	031r	OK	yes	yes
10	031v	OK	yes	yes
10	032r	OK	yes	yes
10	032v	OK	yes	yes
10	033r	OK	yes	yes
10	033v	OK	yes	yes
10	034r	OK	yes	yes
10	034v	OK	yes	yes
10	035r	OK	yes	yes
10	035v	OK	yes	yes
10	036r	OK	yes	yes
10	036v	OK	yes	yes
10	037r	OK	yes	yes
10	037v	OK	yes	yes
10	038r	OK	yes	yes
10	038v	OK	yes	yes
10	039r	OK	yes	yes
10	039v	OK	yes	yes
10	040r	OK	yes	yes
10	040v	OK	yes	yes
10	041r	OK	yes	yes
10	041v	OK	yes	yes
10	042r	OK	yes	yes
10	042v	OK	yes	yes
10	043r	OK	yes	yes
10	043v	OK	yes	yes
10	044r	OK	yes	yes
10	044v	OK	yes	yes
10	045r	OK	yes	yes
10	045v	OK	yes	yes
10	046r	OK	yes	yes
10	046v	OK	yes	yes
10	047r	OK	yes	yes
10	047v	OK	yes	yes
10	048r	OK	yes	yes
10	048v	OK	yes	yes
10	049r	OK	yes	yes
10	049v	OK	yes	yes
10	050r	OK	yes	yes
10	050v	OK	yes	yes
10	051r	OK	yes	yes
10	051v	OK	yes	yes
10	052r	OK	yes	yes
10	052v	OK	yes	yes
10	053r	OK	yes	yes
10	053v	OK	yes	yes
10	054r	OK	yes	yes
10	054v	OK	yes	yes
10	055r	OK	yes	yes
10	055v	OK	yes	yes
10	056r	OK	yes	yes
10	056v	OK	yes	yes
10	057r	OK	yes	yes
10	057v	OK	yes	yes
10	058r	OK	yes	yes
10	058v	OK	yes	yes
10	059r	OK	yes	yes
10	059v	OK	yes	yes
10	060r	OK	yes	yes
10	060v	OK	yes	yes
10	061r	OK	yes	yes
10	061v	OK	yes	yes
10	062r	OK	yes	yes
10	062v	OK	yes	yes
10	063r	OK	yes	yes
10	063v	OK	yes	yes
10	064r	OK	yes	yes
10	064v	OK	yes	yes
10	065r	OK	yes	yes
10	065v	OK	yes	yes
10	066r	OK	yes	yes
10	066v	OK	yes	yes
10	067r	OK	yes	yes
10	067v	OK	yes	yes
10	068r	OK	yes	yes
10	068v	OK	yes	yes
10	069r	OK	yes	yes
10	069v	OK	yes	yes
10	070r	OK	yes	yes
10	070v	OK	yes	yes
10	071r	OK	yes	yes
10	071v	OK	yes	yes
10	072r	OK	yes	yes
10	072v	OK	yes	yes
10	073r	OK	yes	yes
10	073v	OK	yes	yes
10	074r	OK	yes	yes
10	074v	OK	yes	yes
10	075r	OK	yes	yes
10	075v	OK	yes	yes
10	076r	OK	yes	yes
10	076v	OK	yes	yes
10	077r	OK	yes	yes
10	077v	OK	yes	yes
10	078r	OK	yes	yes
10	078v	OK	yes	yes
10	079r	OK	yes	yes
10	079v	OK	yes	yes
10	080r	OK	yes	yes
10	080v	OK	yes	yes
10	081r	OK	yes	yes
10	081v	OK	yes	yes
10	082r	OK	yes	yes
10	082v	OK	yes	yes
10	083r	OK	yes	yes
10	083v	OK	yes	yes
10	084r	OK	yes	yes
10	084v	OK	yes	yes
10	085r	OK	yes	yes
10	085v	OK	yes	yes
10	086r	OK	yes	yes
10	086v	OK	yes	yes
10	087r	OK	yes	yes
10	087v	OK	yes	yes
10	088r	OK	yes	yes
10	088v	OK	yes	yes
10	089r	OK	yes	yes
10	089v	OK	yes	yes
10	090r	OK	yes	yes
10	090v	OK	yes	yes
10	091r	OK	yes	yes
10	091v	OK	yes	yes
10	092r	OK	yes	yes
10	092v	OK	yes	yes
10	093r	OK	yes	yes
10	093v	OK	yes	yes
10	094r	OK	yes	yes
10	094v	OK	yes	yes
10	095r	OK	yes	yes
10	095v	OK	yes	yes
10	096r	OK	yes	yes
10	096v	OK	yes	yes
10	097r	OK	yes	yes
10	097v	OK	yes	yes
10	098r	OK	yes	yes
10	098v	OK	yes	yes
10	099r	OK	yes	yes
10	099v	OK	yes	yes
10	100r	OK	yes	yes
10	100v	OK	yes	yes
10	101r	OK	yes	yes
10	101v	OK	yes	yes
10	102r	OK	yes	yes
10	102v	OK	yes	yes
10	103r	OK	yes	yes
10	103v	OK	yes	yes
10	104r	OK	yes	yes
10	104v	OK	yes	yes
10	105r	OK	yes	yes
10	105v	OK	yes	yes
10	106r	OK	yes	yes
10	106v	OK	yes	yes
10	107r	OK	yes	yes
10	107v	OK	yes	yes
10	108r	OK	yes	yes
10	108v	OK	yes	yes
10	109r	OK	yes	yes
10	109v	OK	yes	yes
10	110r	OK	yes	yes
10	110v	OK	yes	yes
10	111r	OK	yes	yes
10	111v	OK	yes	yes
10	112r	OK	yes	yes
10	112v	OK	yes	yes
10	113r	OK	yes	yes
10	113v	OK	yes	yes
10	114r	OK	yes	yes
10	114v	OK	yes	yes
10	115r	OK	yes	yes
10	115v	OK	yes	yes
10	116r	OK	yes	yes
10	116v	OK	yes	yes
10	117r	OK	yes	yes
10	117v	OK	yes	yes
10	118r	OK	yes	yes
10	118v	OK	yes	yes
10	119r	OK	yes	yes
10	119v	OK	yes	yes
10	120r	OK	yes	yes
10	120v	OK	yes	yes
10	121r	OK	yes	yes
10	121v	OK	yes	yes
10	122r	OK	yes	yes
10	122v	OK	yes	yes
10	123r	OK	yes	yes
10	123v	OK	yes	yes
10	124r	OK	yes	yes
10	124v	OK	yes	yes
10	125r	OK	yes	yes
10	125v	OK	yes	yes
10	126r	OK	yes	yes
10	126v	OK	yes	yes
10	127r	OK	yes	yes
10	127v	OK	yes	yes
10	128r	OK	yes	yes
10	128v	OK	yes	yes
10	129r	OK	yes	yes
10	129v	OK	yes	yes
10	130r	OK	yes	yes
10	130v	OK	yes	yes
10	131r	OK	yes	yes
10	131v	OK	yes	yes
10	132r	OK	yes	yes
10	132v	OK	yes	yes
10	133r	OK	yes	yes
10	133v	OK	yes	yes
10	134r	OK	yes	yes
10	134v	OK	yes	yes
10	135r	OK	yes	yes
10	135v	OK	yes	yes
10	136r	OK	yes	yes
10	136v	OK	yes	yes
10	137r	OK	yes	yes
10	137v	OK	yes	yes
10	138r	OK	yes	yes
10	138v	OK	yes	yes
10	139r	OK	yes	yes
10	139v	OK	yes	yes
10	140r	OK	yes	yes
10	140v	OK	yes	yes
10	141r	OK	yes	yes
10	141v	OK	yes	yes
10	142r	OK	yes	yes
10	142v	OK	yes	yes
10	143r	OK	yes	yes
10	143v	OK	yes	yes
10	144r	OK	yes	yes
10	144v	OK	yes	yes
10	145r	OK	yes	yes
10	145v	OK	yes	yes
10	146r	OK	yes	yes
10	146v	OK	yes	yes
10	147r	OK	yes	yes
10	147v	OK	yes	yes
10	148r	OK	yes	yes
10	148v	OK	yes	yes
10	149r	OK	yes	yes
10	149v	OK	yes	yes
10	150r	OK	yes	yes
10	150v	OK	yes	yes
10	151r	OK	yes	yes
10	151v	OK	yes	yes
10	152r	OK	yes	yes
10	152v	OK	yes	yes
10	153r	OK	yes	yes
10	153v	OK	yes	yes
10	154r	OK	yes	yes
10	154v	OK	yes	yes
10	155r	OK	yes	yes
10	155v	OK	yes	yes
10	156r	OK	yes	yes
10	156v	OK	yes	yes
10	157r	OK	yes	yes
10	157v	OK	yes	yes
10	158r	OK	yes	yes
10	158v	OK	yes	yes
10	159r	OK	yes	yes
10	159v	OK	yes	yes
10	160r	OK	yes	yes
10	160v	OK	yes	yes
10	161r	OK	yes	yes
10	161v	OK	yes	yes
10	162r	OK	yes	yes
10	162v	OK	yes	yes
10	163r	OK	yes	yes
10	163v	OK	yes	yes
10	164r	OK	yes	yes
10	164v	OK	yes	yes
10	165r	OK	yes	yes
10	165v	OK	yes	yes
10	166r	OK	yes	yes
10	166v	OK	yes	yes
10	167r	OK	yes	yes
10	167v	OK	yes	yes
10	168r	OK	yes	yes
10	168v	OK	yes	yes
10	169r	OK	yes	yes
10	169v	OK	yes	yes
10	170r	OK	yes	yes
10	170v	OK	yes	yes
10	171r	OK	yes	yes
10	171v	OK	yes	yes
10	172r	OK	yes	yes
10	172v	OK	yes	yes
10	173r	OK	yes	yes
10	173v	OK	yes	yes
10	174r	OK	yes	yes
10	174v	OK	yes	yes
10	175r	OK	yes	yes
10	175v	OK	yes	yes
10	176r	OK	yes	yes
10	176v	OK	yes	yes
10	177r	OK	yes	yes
10	177v	OK	yes	yes
10	178r	OK	yes	yes
10	178v	OK	yes	yes
10	179r	OK	yes	yes
10	179v	OK	yes	yes
10	180r	OK	yes	yes
10	180v	OK	yes	yes
10	181r	OK	yes	yes
10	181v	OK	yes	yes
10	182r	OK	yes	yes
10	182v	OK	yes	yes
10	183r	OK	yes	yes
10	183v	OK	yes	yes
10	184r	OK	yes	yes
10	184v	OK	yes	yes
10	185r	OK	yes	yes
10	185v	OK	yes	yes
10	186r	OK	yes	yes
10	186v	OK	yes	yes
10	187r	OK	yes	yes
10	187v	OK	yes	yes
10	188r	OK	yes	yes
10	188v	OK	yes	yes
10	189r	OK	yes	yes
10	189v	OK	yes	yes
10	190r	OK	yes	yes
10	190v	OK	yes	yes
10	191r	OK	yes	yes
10	191v	OK	yes	yes
10	192r	OK	yes	yes
10	192v	OK	yes	yes
10	193r	OK	yes	yes
10	193v	OK	yes	yes
10	194r	OK	yes	yes
10	194v	OK	yes	yes
10	195r	OK	yes	yes
10	195v	OK	yes	yes
10	196r	OK	yes	yes
10	196v	OK	yes	yes
10	197r	OK	yes	yes
10	197v	OK	yes	yes
10	198r	OK	yes	yes
10	198v	OK	yes	yes
10	199r	OK	yes	yes
10	199v	OK	yes	yes
10	200r	OK	yes	yes
10	200v	OK	yes	yes
10	201r	OK	yes	yes
10	201v	OK	yes	yes
10	202r	OK	yes	yes
10	202v	OK	yes	yes
10	203r	OK	yes	yes
10	203v	OK	yes	yes
10	204r	OK	yes	yes
10	204v	OK	yes	yes
10	205r	OK	yes	yes
10	205v	OK	yes	yes
10	206r	OK	yes	yes
10	206v	OK	yes	yes
10	207r	OK	yes	yes
10	207v	OK	yes	yes
10	208r	OK	yes	yes
10	208v	OK	yes	yes
10	209r	OK	yes	yes
10	209v	OK	yes	yes
10	210r	OK	yes	yes
10	210v	OK	yes	yes
10	211r	OK	yes	yes
10	211v	OK	yes	yes
10	212r	OK	yes	yes
10	212v	OK	yes	yes
10	213r	OK	yes	yes
10	213v	OK	yes	yes
10	214r	OK	yes	yes
10	214v	OK	yes	yes
10	215r	OK	yes	yes
10	215v	OK	yes	yes
10	216r	OK	yes	yes
10	216v	OK	yes	yes
10	217r	OK	yes	yes
10	217v	OK	yes	yes
10	218r	OK	yes	yes
10	218v	OK	yes	yes
10	219r	OK	yes	yes
10	219v	OK	yes	yes
10	220r	OK	yes	yes
10	220v	OK	yes	yes
10	221r	OK	yes	yes
10	221v	OK	yes	yes
10	222r	OK	yes	yes
10	222v	OK	yes	yes
10	223r	OK	yes	yes
10	223v	OK	yes	yes
10	224r	OK	yes	yes
10	224v	OK	yes	yes
10	225r	OK	yes	yes
10	225v	OK	yes	yes
10	226r	OK	yes	yes
10	226v	OK	yes	yes
10	227r	OK	yes	yes
10	227v	OK	yes	yes
10	228r	OK	yes	yes
10	228v	OK	yes	yes
10	229r	OK	yes	yes
10	229v	OK	yes	yes
10	230r	OK	yes	yes
10	230v	OK	yes	yes
10	231r	OK	yes	yes
10	231v	OK	yes	yes
10	232r	OK	yes	yes
10	232v	OK	yes	yes
10	233r	OK	yes	yes
10	233v	OK	yes	yes
10	234r	OK	yes	yes
10	234v	OK	yes	yes
10	235r	OK	yes	yes
10	235v	OK	yes	yes
10	236r	OK	yes	yes
10	236v	OK	yes	yes
10	237r	OK	yes	yes
10	237v	OK	yes	yes
10	238r	OK	yes	yes
10	238v	OK	yes	yes
10	239r	OK	yes	yes
10	239v	OK	yes	yes
10	240r	OK	yes	yes
10	240v	OK	yes	yes
10	241r	OK	yes	yes
10	241v	OK	yes	yes
10	242r	OK	yes	yes
10	242v	OK	yes	yes
10	243r	OK	yes	yes
10	243v	OK	yes	yes
10	244r	OK	yes	yes
10	244v	OK	yes	yes
10	245r	OK	yes	yes
10	245v	OK	yes	yes
10	246r	OK	yes	yes
10	246v	OK	yes	yes
10	247r	OK	yes	yes
10	247v	OK	yes	yes
10	248r	OK	yes	yes
10	248v	OK	yes	yes
10	249r	OK	yes	yes
10	249v	OK	yes	yes
10	250r	OK	yes	yes
10	250v	OK	yes	yes
10	251r	OK	yes	yes
10	251v	OK	yes	yes
10	252r	OK	yes	yes
10	252v	OK	yes	yes
10	253r	OK	yes	yes
10	253v	OK	yes	yes
10	254r	OK	yes	yes
10	254v	OK	yes	yes
10	255r	OK	yes	yes
10	255v	OK	yes	yes
10	256r	OK	yes	yes
10	256v	OK	yes	yes
10	257r	OK	yes	yes
10	257v	OK	yes	yes
10	258r	OK	yes	yes
10	258v	OK	yes	yes
10	259r	OK	yes	yes
10	259v	OK	yes	yes
10	260r	OK	yes	yes
10	260v	OK	yes	yes
10	261r	OK	yes	yes
10	261v	OK	yes	yes
10	262r	OK	yes	yes
10	262v	OK	yes	yes
10	263r	OK	yes	yes
10	263v	OK	yes	yes
10	264r	OK	yes	yes
10	264v	OK	yes	yes
10	265r	OK	yes	yes
10	265v	OK	yes	yes
10	266r	OK	yes	yes
10	266v	OK	yes	yes
10	267r	OK	yes	yes
10	267v	OK	yes	yes
10	268r	OK	yes	yes
10	268v	OK	yes	yes
10	269r	OK	yes	yes
10	269v	OK	yes	yes
10	270r	OK	yes	yes
10	270v	OK	yes	yes
10	271r	OK	yes	yes
10	271v	OK	yes	yes
10	272r	OK	yes	yes
10	272v	OK	yes	yes
10	273r	OK	yes	yes
10	273v	OK	yes	yes
10	274r	OK	yes	yes
10	274v	OK	yes	yes
10	275r	OK	yes	yes
10	275v	OK	yes	yes
10	276r	OK	yes	yes
10	276v	OK	yes	yes
10	277r	OK	yes	yes
10	277v	OK	yes	yes
10	278r	OK	yes	yes
10	278v	OK	yes	yes
10	279r	OK	yes	yes
10	279v	OK	yes	yes
10	280r	OK	yes	yes
10	280v	OK	yes	yes
10	281r	OK	yes	yes
10	281v	OK	yes	yes
10	282r	OK	yes	yes
10	282v	OK	yes	yes
10	283r	OK	yes	yes
10	283v	OK	yes	yes
10	284r	OK	yes	yes
10	284v	OK	yes	yes
10	285r	OK	yes	yes
10	285v	OK	yes	yes
10	286r	OK	yes	yes
10	286v	OK	yes	yes
10	287r	OK	yes	yes
10	287v	OK	yes	yes
10	288r	OK	yes	yes
10	288v	OK	yes	yes
10	289r	OK	yes	yes
10	289v	OK	yes	yes
10	290r	OK	yes	yes
10	290v	OK	yes	yes
10	291r	OK	yes	yes
10	291v	OK	yes	yes
10	292r	OK	yes	yes
10	292v	OK	yes	yes
10	293r	OK	yes	yes
10	293v	OK	yes	yes
10	294r	OK	yes	yes
10	294v	OK	yes	yes
10	295r	OK	yes	yes
10	295v	OK	yes	yes
10	296r	OK	yes	yes
10	296v	OK	yes	yes
10	297r	OK	yes	yes
10	297v	OK	yes	yes
10	298r	OK	yes	yes
10	298v	OK	yes	yes
10	299r	OK	yes	yes
10	299v	OK	yes	yes
10	300r	OK	yes	yes
10	300v	OK	yes	yes
10	301r	OK	yes	yes
10	301v	OK	yes	yes
10	302r	OK	yes	yes
10	302v	OK	yes	yes
10	303r	OK	yes	yes
10	303v	OK	yes	yes
10	304r	OK	yes	yes
10	304v	OK	yes	yes
10	305r	OK	yes	yes
10	305v	OK	yes	yes
10	306r	OK	yes	yes
10	306v	OK	yes	yes
10	307r	OK	yes	yes
10	307v	OK	yes	yes
10	308r	OK	yes	yes
10	308v	OK	yes	yes
10	309r	OK	yes	yes
10	309v	OK	yes	yes
10	310r	OK	yes	yes
10	310v	OK	yes	yes
10	311r	OK	yes	yes
10	311v	OK	yes	yes
10	312r	OK	yes	yes
10	312v	OK	yes	yes
10	313r	OK	yes	yes
10	313v	OK	yes	yes
10	314r	OK	yes	yes
10	314v	OK	yes	yes
10	315r	OK	yes	yes
10	315v	OK	yes	yes
10	316r	OK	yes	yes
10	316v	OK	yes	yes
10	317r	OK	yes	yes
10	317v	OK	yes	yes
10	318r	OK	yes	yes
10	318v	OK	yes	yes
10	319r	OK	yes	yes
10	319v	OK	yes	yes
10	320r	OK	yes	yes
10	320v	OK	yes	yes
10	321r	OK	yes	yes
10	321v	OK	yes	yes
10	322r	OK	yes	yes
10	322v	OK	yes	yes
10	323r	OK	yes	yes
10	323v	OK	yes	yes
10	324r	OK	yes	yes
10	324v	OK	yes	yes
10	325r	OK	yes	yes
10	325v	OK	yes	yes
10	326r	OK	yes	yes
10	326v	OK	yes	yes
10	327r	OK	yes	yes
10	327v	OK	yes	yes
10	328r	OK	yes	yes
10	328v	OK	yes	yes
10	329r	OK	yes	yes
10	329v	OK	yes	yes
10	330r	OK	yes	yes
10	330v	OK	yes	yes
10	331r	OK	yes	yes
10	331v	OK	yes	yes
10	332r	OK	yes	yes
10	332v	OK	yes	yes
10	333r	OK	yes	yes
10	333v	OK	yes	yes
10	334r	OK	yes	yes
10	334v	OK	yes	yes
10	335r	OK	yes	yes
10	335v	OK	yes	yes
10	336r	OK	yes	yes
10	336v	OK	yes	yes
10	337r	OK	yes	yes
10	337v	OK	yes	yes
10	338r	OK	yes	yes
10	338v	OK	yes	yes
10	339r	OK	yes	yes
10	339v	OK	yes	yes
10	340r	OK	yes	yes
10	340v	OK	yes	yes
10	341r	OK	yes	yes
10	341v	OK	yes	yes
10	342r	OK	yes	yes
10	342v	OK	yes	yes
10	343r	OK	yes	yes
10	343v	OK	yes	yes
10	344r	OK	yes	yes
10	344v	OK	yes	yes
10	345r	OK	yes	yes
10	345v	OK	yes	yes
10	346r	OK	yes	yes
10	346v	OK	yes	yes
10	347r	OK	yes	yes
10	347v	OK	yes	yes
10	348r	OK	yes	yes
10	348v	OK	yes	yes
10	349r	OK	yes	yes
10	349v	OK	yes	yes
10	350r	OK	yes	yes
10	350v	OK	yes	yes
10	351r	OK	yes	yes
10	351v	OK	yes	yes
10	352r	OK	yes	yes
10	352v	OK	yes	yes
10	353r	OK	yes	yes
10	353v	OK	yes	yes
10	354r	OK	yes	yes
10	354v	OK	yes	yes
10	355r	OK	yes	yes
10	355v	OK	yes	yes
10	356r	OK	yes	yes
10	356v	OK	yes	yes
10	357r	OK	yes	yes
10	357v	OK	yes	yes
10	358r	OK	yes	yes
10	358v	OK	yes	yes
10	359r	OK	yes	yes
10	359v	OK	yes	yes
10	360r	OK	yes	yes
10	360v	OK	yes	yes
10	361r	OK	yes	yes
10	361v	OK	yes	yes
10	362r	OK	yes	yes
10	362v	OK	yes	yes
10	363r	OK	yes	yes
10	363v	OK	yes	yes
10	364r	OK	yes	yes
10	364v	OK	yes	yes
10	365r	OK	yes	yes
10	365v	OK	yes	yes
10	366r	OK	yes	yes
10	366v	OK	yes	yes
10	367r	OK	yes	yes
10	367v	OK	yes	yes
10	368r	OK	yes	yes
10	368v	OK	yes	yes
10	369r	OK	yes	yes
10	369v	OK	yes	yes
10	370r	OK	yes	yes
10	370v	OK	yes	yes
10	371r	OK	yes	yes
10	371v	OK	yes	yes
10	372r	OK	yes	yes
10	372v	OK	yes	yes
10	373r	OK	yes	yes
10	373v	OK	yes	yes
10	374r	OK	yes	yes
10	374v	OK	yes	yes
10	375r	OK	yes	yes
10	375v	OK	yes	yes
10	376r	OK	yes	yes
10	376v	OK	yes	yes
10	377r	OK	yes	yes
10	377v	OK	yes	yes
10	378r	OK	yes	yes
10	378v	OK	yes	yes
10	379r	OK	yes	yes
10	379v	OK	yes	yes
10	380r	OK	yes	yes
10	380v	OK	yes	yes
10	381r	OK	yes	yes
10	381v	OK	yes	yes
10	382r	OK	yes	yes
10	382v	OK	yes	yes
10	383r	OK	yes	yes
10	383v	OK	yes	yes
10	384r	OK	yes	yes
10	384v	OK	yes	yes
10	385r	OK	yes	yes
10	385v	OK	yes	yes
10	386r	OK	yes	yes
10	386v	OK	yes	yes
10	387r	OK	yes	yes
10	387v	OK	yes	yes
10	388r	OK	yes	yes
10	388v	OK	yes	yes
10	389r	OK	yes	yes
10	389v	OK	yes	yes
10	390r	OK	yes	yes
10	390v	OK	yes	yes
10	391r	OK	yes	yes
10	391v	OK	yes	yes
10	392r	OK	yes	yes
10	392v	OK	yes	yes
10	393r	OK	yes	yes
10	393v	OK	yes	yes
10	394r	OK	yes	yes
10	394v	OK	yes	yes
10	395r	OK	yes	yes
10	395v	OK	yes	yes
10	396r	OK	yes	yes
10	396v	OK	yes	yes
10	397r	OK	yes	yes
10	397v	OK	yes	yes
10	398r	OK	yes	yes
10	398v	OK	yes	yes
10	399r	OK	yes	yes
10	399v	OK	yes	yes
10	400r	OK	yes	yes
10	400v	OK	yes	yes
10	401r	OK	yes	yes
10	401v	OK	yes	yes
10	402r	OK	yes	yes
10	402v	OK	yes	yes
10	403r	OK	yes	yes
10	403v	OK	yes	yes
10	404r	OK	yes	yes
10	404v	OK	yes	yes
10	405r	OK	yes	yes
10	405v	OK	yes	yes
10	406r	OK	yes	yes
10	406v	OK	yes	yes
10	407r	OK	yes	yes
10	407v	OK	yes	yes
10	408r	OK	yes	yes
10	408v	OK	yes	yes
10	409r	OK	yes	yes
10	409v	OK	yes	yes
10	410r	OK	yes	yes
10	410v	OK	yes	yes
10	411r	OK	yes	yes
10	411v	OK	yes	yes
10	412r	OK	yes	yes
10	412v	OK	yes	yes
10	413r	OK	yes	yes
10	413v	OK	yes	yes
10	414r	OK	yes	yes
10	414v	OK	yes	yes
10	415r	OK	yes	yes
10	415v	OK	yes	yes
10	416r	OK	yes	yes
10	416v	OK	yes	yes
10	417r	OK	yes	yes
10	417v	OK	yes	yes
10	418r	OK	yes	yes
10	418v	OK	yes	yes
10	419r	OK	yes	yes
10	419v	OK	yes	yes
10	420r	OK	yes	yes
10	420v	OK	yes	yes
10	421r	OK	yes	yes
10	421v	OK	yes	yes
10	422r	OK	yes	yes
10	422v	OK	yes	yes
10	423r	OK	yes	yes
10	423v	OK	yes	yes
10	424r	OK	yes	yes
10	424v	OK	yes	yes
10	425r	OK	yes	yes
10	425v	OK	yes	yes
10	426r	OK	yes	yes
10	426v	OK	yes	yes
10	427r	OK	yes	yes
10	427v	OK	yes	yes
10	428r	OK	yes	yes
10	428v	OK	yes	yes
10	429r	OK	yes	yes
10	429v	OK	yes	yes
10	430r	OK	yes	yes
10	430v	OK	yes	yes
10	431r	OK	yes	yes
10	431v	OK	yes	yes
10	432r	OK	yes	yes
10	432v	OK	yes	yes
10	433r	OK	yes	yes
10	433v	OK	yes	yes
10	434r	OK	yes	yes
10	434v	OK	yes	yes
10	435r	OK	yes	yes
10	435v	OK	yes	yes
10	436r	OK	yes	yes
10	436v	OK	yes	yes
10	437r	OK	yes	yes
10	437v	OK	yes	yes
10	438r	OK	yes	yes
10	438v	OK	yes	yes
10	439r	OK	yes	yes
10	439v	OK	yes	yes
10	440r	OK	yes	yes
10	440v	OK	yes	yes
10	441r	OK	yes	yes
10	441v	OK	yes	yes
10	442r	OK	yes	yes
10	442v	OK	yes	yes
10	443r	OK	yes	yes
10	443v	OK	yes	yes
10	444r	OK	yes	yes
10	444v	OK	yes	yes
10	445r	OK	yes	yes
10	445v	OK	yes	yes
10	446r	OK	yes	yes
10	446v	OK	yes	yes
10	447r	OK	yes	yes
10	447v	OK	yes	yes
10	448r	OK	yes	yes
10	448v	OK	yes	yes
10	449r	OK	yes	yes
10	449v	OK	yes	yes
10	450r	OK	yes	yes
10	450v	OK	yes	yes
10	451r	OK	yes	yes
10	451v	OK	yes	yes
10	452r	OK	yes	yes
10	452v	OK	yes	yes
10	453r	OK	yes	yes
10	453v	OK	yes	yes
10	454r	OK	yes	yes
10	454v	OK	yes	yes
10	455r	OK	yes	yes
10	455v	OK	yes	yes
10	456r	OK	yes	yes
10	456v	OK	yes	yes
10	457r	OK	yes	yes
10	457v	OK	yes	yes
10	458r	OK	yes	yes
10	458v	OK	yes	yes
10	459r	OK	yes	yes
10	459v	OK	yes	yes
10	460r	OK	yes	yes
10	460v	OK	yes	yes
10	461r	OK	yes	yes
10	461v	OK	yes	yes
10	462r	OK	yes	yes
10	462v	OK	yes	yes
10	463r	OK	yes	yes
10	463v	OK	yes	yes
10	464r	OK	yes	yes
10	464v	OK	yes	yes
10	465r	OK	yes	yes
10	465v	OK	yes	yes
10	466r	OK	yes	yes
10	466v	OK	yes	yes
10	467r	OK	yes	yes
10	467v	OK	yes	yes
10	468r	OK	yes	yes
10	468v	OK	yes	yes
10	469r	OK	yes	yes
10	469v	OK	yes	yes
10	470r	OK	yes	yes
10	470v	OK	yes	yes
10	471r	OK	yes	yes
10	471v	OK	yes	yes
10	472r	OK	yes	yes
10	472v	OK	yes	yes
10	473r	OK	yes	yes
10	473v	OK	yes	yes
10	474r	OK	yes	yes
10	474v	OK	yes	yes
10	475r	OK	yes	yes
10	475v	OK	yes	yes
10	476r	OK	yes	yes
10	476v	OK	yes	yes
10	477r	OK	yes	yes
10	477v	OK	yes	yes
10	478r	OK	yes	yes
10	478v	OK	yes	yes
10	479r	OK	yes	yes
10	479v	OK	yes	yes
10	480r	OK	yes	yes
10	480v	OK	yes	yes
10	481r	OK	yes	yes
10	481v	OK	yes	yes
10	482r	OK	yes	yes
10	482v	OK	yes	yes
10	483r	OK	yes	yes
10	483v	OK	yes	yes
10	484r	OK	yes	yes
10	484v	OK	yes	yes
10	485r	OK	yes	yes
10	485v	OK	yes	yes
10	486r	OK	yes	yes
10	486v	OK	yes	yes
10	487r	OK	yes	yes
10	487v	OK	yes	yes
10	488r	OK	yes	yes
10	488v	OK	yes	yes
10	489r	OK	yes	yes
10	489v	OK	yes	yes
10	490r	OK	yes	yes
10	490v	OK	yes	yes
10	491r	OK	yes	yes
10	491v	OK	yes	yes
10	492r	OK	yes	yes
10	492v	OK	yes	yes
10	493r	OK	yes	yes
10	493v	OK	yes	yes
10	494r	OK	yes	yes
10	494v	OK	yes	yes
10	495r	OK	yes	yes
10	495v	OK	yes	yes
10	496r	OK	yes	yes
10	496v	OK	yes	yes
10	497r	OK	yes	yes
10	497v	OK	yes	yes
10	498r	OK	yes	yes
10	498v	OK	yes	yes
10	499r	OK	yes	yes
10	499v	OK	yes	yes
10	500r	OK	yes	yes
10	500v	OK	yes	yes
10	501r	OK	yes	yes
10	501v	OK	yes	yes
10	502r	OK	yes	yes
10	502v	OK	yes	yes
10	503r	OK	yes	yes
10	503v	OK	yes	yes
10	504r	OK	yes	yes
10	504v	OK	yes	yes
10	505r	OK	yes	yes
10	505v	OK	yes	yes
10	506r	OK	yes	yes
10	506v	OK	yes	yes
10	507r	OK	yes	yes
10	507v	OK	yes	yes
10	508r	OK	yes	yes
10	508v	OK	yes	yes
10	509r	OK	yes	yes
10	509v	OK	yes	yes
10	510r	OK	yes	yes
10	510v	OK	yes	yes
10	511r	OK	yes	yes
10	511v	OK	yes	yes
10	512r	OK	yes	yes
10	512v	OK	yes	yes
10	513r	OK	yes	yes
10	513v	OK	yes	yes
10	514r	OK	yes	yes
10	514v	OK	yes	yes
10	515r	OK	yes	yes
10	515v	OK	yes	yes
10	516r	OK	yes	yes
10	516v	OK	yes	yes
10	517r	OK	yes	yes
10	517v	OK	yes	yes
10	518r	OK	yes	yes
10	518v	OK	yes	yes
10	519r	OK	yes	yes
10	519v	OK	yes	yes
10	520r	OK	yes	yes
10	520v	OK	yes	yes
10	521r	OK	yes	yes
10	521v	OK	yes	yes
10	522r	OK	yes	yes
10	522v	OK	yes	yes
10	523r	OK	yes	yes
10	523v	OK	yes	yes
10	524r	OK	yes	yes
10	524v	OK	yes	yes
10	525r	OK	yes	yes
10	525v	OK	yes	yes
10	526r	OK	yes	yes
10	526v	OK	yes	yes
10	527r	OK	yes	yes
10	527v	OK	yes	yes
10	528r	OK	yes	yes
10	528v	OK	yes	yes
10	529r	OK	yes	yes
10	529v	OK	yes	yes
10	530r	OK	yes	yes
10	530v	OK	yes	yes
10	531r	OK	yes	yes
10	531v	OK	yes	yes
11	001r	OK	yes	yes
11	001v	OK	yes	yes
11	002r	OK	yes	yes
11	002v	OK	yes	yes
11	003r	OK	yes	yes
11	003v	OK	yes	yes
11	004r	OK	yes	yes
11	004v	OK	yes	yes
11	005r	OK	yes	yes
11	005v	OK	yes	yes
11	006r	OK	yes	yes
11	006v	OK	yes	yes
11	007r	OK	yes	yes
11	007v	OK	yes	yes
11	008r	OK	yes	yes
11	008v	OK	yes	yes
11	009r	OK	yes	yes
11	009v	OK	yes	yes
11	010r	OK	yes	yes
11	010v	OK	yes	yes
11	011r	OK	yes	yes
11	011v	OK	yes	yes
11	012r	OK	yes	yes
11	012v	OK	yes	yes
11	013r	OK	yes	yes
11	013v	OK	yes	yes
11	014r	OK	yes	yes
11	014v	OK	yes	yes
11	015r	OK	yes	yes
11	015v	OK	yes	yes
11	016r	OK	yes	yes
11	016v	OK	yes	yes
11	017r	OK	yes	yes
11	017v	OK	yes	yes
11	018r	OK	yes	yes
11	018v	OK	yes	yes
11	019r	OK	yes	yes
11	019v	OK	yes	yes
11	020r	OK	yes	yes
11	020v	OK	yes	yes
11	021r	OK	yes	yes
11	021v	OK	yes	yes
11	022r	OK	yes	yes
11	022v	OK	yes	yes
11	023r	OK	yes	yes
11	023v	OK	yes	yes
11	024r	OK	yes	yes
11	024v	OK	yes	yes
11	025r	OK	yes	yes
11	025v	OK	yes	yes
11	026r	OK	yes	yes
11	026v	OK	yes	yes
11	027r	OK	yes	yes
11	027v	OK	yes	yes
11	028r	OK	yes	yes
11	028v	OK	yes	yes
11	029r	OK	yes	yes
11	029v	OK	yes	yes
11	030r	OK	yes	yes
11	030v	OK	yes	yes
11	031r	OK	yes	yes
11	031v	OK	yes	yes
11	032r	OK	yes	yes
11	032v	OK	yes	yes
11	033r	OK	yes	yes
11	033v	OK	yes	yes
11	034r	OK	yes	yes
11	034v	OK	yes	yes
11	035r	OK	yes	yes
11	035v	OK	yes	yes
11	036r	OK	yes	yes
11	036v	OK	yes	yes
11	037r	OK	yes	yes
11	037v	OK	yes	yes
11	038r	OK	yes	yes
11	038v	OK	yes	yes
11	039r	OK	yes	yes
11	039v	OK	yes	yes
11	040r	OK	yes	yes
11	040v	OK	yes	yes
11	041r	OK	yes	yes
11	041v	OK	yes	yes
11	042r	OK	yes	yes
11	042v	OK	yes	yes
11	043r	OK	yes	yes
11	043v	OK	yes	yes
11	044r	OK	yes	yes
11	044v	OK	yes	yes
11	045r	OK	yes	yes
11	045v	OK	yes	yes
11	046r	OK	yes	yes
11	046v	OK	yes	yes
11	047r	OK	yes	yes
11	047v	OK	yes	yes
11	048r	OK	yes	yes
11	048v	OK	yes	yes
11	049r	OK	yes	yes
11	049v	OK	yes	yes
11	050r	OK	yes	yes
11	050v	OK	yes	yes
11	051r	OK	yes	yes
11	051v	OK	yes	yes
11	052r	OK	yes	yes
11	052v	OK	yes	yes
11	053r	OK	yes	yes
11	053v	OK	yes	yes
11	054r	OK	yes	yes
11	054v	OK	yes	yes
11	055r	OK	yes	yes
11	055v	OK	yes	yes
11	056r	OK	yes	yes
11	056v	OK	yes	yes
11	057r	OK	yes	yes
11	057v	OK	yes	yes
11	058r	OK	yes	yes
11	058v	OK	yes	yes
11	059r	OK	yes	yes
11	059v	OK	yes	yes
11	060r	OK	yes	yes
11	060v	OK	yes	yes
11	061r	OK	yes	yes
11	061v	OK	yes	yes
11	062r	OK	yes	yes
11	062v	OK	yes	yes
11	063r	OK	yes	yes
11	063v	OK	yes	yes
11	064r	OK	yes	yes
11	064v	OK	yes	yes
11	065r	OK	yes	yes
11	065v	OK	yes	yes
11	066r	OK	yes	yes
11	066v	OK	yes	yes
11	067r	OK	yes	yes
11	067v	OK	yes	yes
11	068r	OK	yes	yes
11	068v	OK	yes	yes
11	069r	OK	yes	yes
11	069v	OK	yes	yes
11	070r	OK	yes	yes
11	070v	OK	yes	yes
11	071r	OK	yes	yes
11	071v	OK	yes	yes
11	072r	OK	yes	yes
11	072v	OK	yes	yes
11	073r	OK	yes	yes
11	073v	OK	yes	yes
11	074r	OK	yes	yes
11	074v	OK	yes	yes
11	075r	OK	yes	yes
11	075v	OK	yes	yes
11	076r	OK	yes	yes
11	076v	OK	yes	yes
11	077r	OK	yes	yes
11	077v	OK	yes	yes
11	078r	OK	yes	yes
11	078v	OK	yes	yes
11	079r	OK	yes	yes
11	079v	OK	yes	yes
11	080r	OK	yes	yes
11	080v	OK	yes	yes
11	081r	OK	yes	yes
11	081v	OK	yes	yes
11	082r	OK	yes	yes
11	082v	OK	yes	yes
11	083r	OK	yes	yes
11	083v	OK	yes	yes
11	084r	OK	yes	yes
11	084v	OK	yes	yes
11	085r	OK	yes	yes
11	085v	OK	yes	yes
11	086r	OK	yes	yes
11	086v	OK	yes	yes
11	087r	OK	yes	yes
11	087v	OK	yes	yes
11	088r	OK	yes	yes
11	088v	OK	yes	yes
11	089r	OK	yes	yes
11	089v	OK	yes	yes
11	090r	OK	yes	yes
11	090v	OK	yes	yes
11	091r	OK	yes	yes
11	091v	OK	yes	yes
11	092r	OK	yes	yes
11	092v	OK	yes	yes
11	093r	OK	yes	yes
11	093v	OK	yes	yes
11	094r	OK	yes	yes
11	094v	OK	yes	yes
11	095r	OK	yes	yes
11	095v	OK	yes	yes
11	096r	OK	yes	yes
11	096v	OK	yes	yes
11	097r	OK	yes	yes
11	097v	OK	yes	yes
11	098r	OK	yes	yes
11	098v	OK	yes	yes
11	099r	OK	yes	yes
11	099v	OK	yes	yes
11	100r	OK	yes	yes
11	100v	OK	yes	yes
11	101r	OK	yes	yes
11	101v	OK	yes	yes
11	102r	OK	yes	yes
11	102v	OK	yes	yes
11	103r	OK	yes	yes
11	103v	OK	yes	yes
11	104r	OK	yes	yes
11	104v	OK	yes	yes
11	105r	OK	yes	yes
11	105v	OK	yes	yes
11	106r	OK	yes	yes
11	106v	OK	yes	yes
11	107r	OK	yes	yes
11	107v	OK	yes	yes
11	108r	OK	yes	yes
11	108v	OK	yes	yes
11	109r	OK	yes	yes
11	109v	OK	yes	yes
11	110r	OK	yes	yes
11	110v	OK	yes	yes
11	111r	OK	yes	yes
11	111v	OK	yes	yes
11	112r	OK	yes	yes
11	112v	OK	yes	yes
11	113r	OK	yes	yes
11	113v	OK	yes	yes
11	114r	OK	yes	yes
11	114v	OK	yes	yes
11	115r	OK	yes	yes
11	115v	OK	yes	yes
11	116r	OK	yes	yes
11	116v	OK	yes	yes
11	117r	OK	yes	yes
11	117v	OK	yes	yes
11	118r	OK	yes	yes
11	118v	OK	yes	yes
11	119r	OK	yes	yes
11	119v	OK	yes	yes
11	120r	OK	yes	yes
11	120v	OK	yes	yes
11	121r	OK	yes	yes
11	121v	OK	yes	yes
11	122r	OK	yes	yes
11	122v	OK	yes	yes
11	123r	OK	yes	yes
11	123v	OK	yes	yes
11	124r	OK	yes	yes
11	124v	OK	yes	yes
11	125r	OK	yes	yes
11	125v	OK	yes	yes
11	126r	OK	yes	yes
11	126v	OK	yes	yes
11	127r	OK	yes	yes
11	127v	OK	yes	yes
11	128r	OK	yes	yes
11	128v	OK	yes	yes
11	129r	OK	yes	yes
11	129v	OK	yes	yes
11	130r	OK	yes	yes
11	130v	OK	yes	yes
11	131r	OK	yes	yes
11	131v	OK	yes	yes
11	132r	OK	yes	yes
11	132v	OK	yes	yes
11	133r	OK	yes	yes
11	133v	OK	yes	yes
11	134r	OK	yes	yes
11	134v	OK	yes	yes
11	135r	OK	yes	yes
11	135v	OK	yes	yes
11	136r	OK	yes	yes
11	136v	OK	yes	yes
11	137r	OK	yes	yes
11	137v	OK	yes	yes
11	138r	OK	yes	yes
11	138v	OK	yes	yes
11	139r	OK	yes	yes
11	139v	OK	yes	yes
11	140r	OK	yes	yes
11	140v	OK	yes	yes
11	141r	OK	yes	yes
11	141v	OK	yes	yes
11	142r	OK	yes	yes
11	142v	OK	yes	yes
11	143r	OK	yes	yes
11	143v	OK	yes	yes
11	144r	OK	yes	yes
11	144v	OK	yes	yes
11	145r	OK	yes	yes
11	145v	OK	yes	yes
11	146r	OK	yes	yes
11	146v	OK	yes	yes
11	147r	OK	yes	yes
11	147v	OK	yes	yes
11	148r	OK	yes	yes
11	148v	OK	yes	yes
11	149r	OK	yes	yes
11	149v	OK	yes	yes
11	150r	OK	yes	yes
11	150v	OK	yes	yes
11	151r	OK	yes	yes
11	151v	OK	yes	yes
11	152r	OK	yes	yes
11	152v	OK	yes	yes
11	153r	OK	yes	yes
11	153v	OK	yes	yes
11	154r	OK	yes	yes
11	154v	OK	yes	yes
11	155r	OK	yes	yes
11	155v	OK	yes	yes
11	156r	OK	yes	yes
11	156v	OK	yes	yes
11	157r	OK	yes	yes
11	157v	OK	yes	yes
11	158r	OK	yes	yes
11	158v	OK	yes	yes
11	159r	OK	yes	yes
11	159v	OK	yes	yes
11	160r	OK	yes	yes
11	160v	OK	yes	yes
11	161r	OK	yes	yes
11	161v	OK	yes	yes
11	162r	OK	yes	yes
11	162v	OK	yes	yes
11	163r	OK	yes	yes
11	163v	OK	yes	yes
11	164r	OK	yes	yes
11	164v	OK	yes	yes
11	165r	OK	yes	yes
11	165v	OK	yes	yes
11	166r	OK	yes	yes
11	166v	OK	yes	yes
11	167r	OK	yes	yes
11	167v	OK	yes	yes
11	168r	OK	yes	yes
11	168v	OK	yes	yes
11	169r	OK	yes	yes
11	169v	OK	yes	yes
11	170r	OK	yes	yes
11	170v	OK	yes	yes
11	171r	OK	yes	yes
11	171v	OK	yes	yes
11	172r	OK	yes	yes
11	172v	OK	yes	yes
11	173r	OK	yes	yes
11	173v	OK	yes	yes
11	174r	OK	yes	yes
11	174v	OK	yes	yes
11	175r	OK	yes	yes
11	175v	OK	yes	yes
11	176r	OK	yes	yes
11	176v	OK	yes	yes
11	177r	OK	yes	yes
11	177v	OK	yes	yes
11	178r	OK	yes	yes
11	178v	OK	yes	yes
11	179r	OK	yes	yes
11	179v	OK	yes	yes
11	180r	OK	yes	yes
11	180v	OK	yes	yes
11	181r	OK	yes	yes
11	181v	OK	yes	yes
11	182r	OK	yes	yes
11	182v	OK	yes	yes
11	183r	OK	yes	yes
11	183v	OK	yes	yes
11	184r	OK	yes	yes
11	184v	OK	yes	yes
11	185r	OK	yes	yes
11	185v	OK	yes	yes
11	186r	OK	yes	yes
11	186v	OK	yes	yes
11	187r	OK	yes	yes
11	187v	OK	yes	yes
11	188r	OK	yes	yes
11	188v	OK	yes	yes
11	189r	OK	yes	yes
11	189v	OK	yes	yes
11	190r	OK	yes	yes
11	190v	OK	yes	yes
11	191r	OK	yes	yes
11	191v	OK	yes	yes
11	192r	OK	yes	yes
11	192v	OK	yes	yes
11	193r	OK	yes	yes
11	193v	OK	yes	yes
11	194r	OK	yes	yes
11	194v	OK	yes	yes
11	195r	OK	yes	yes
11	195v	OK	yes	yes
11	196r	OK	yes	yes
11	196v	OK	yes	yes
11	197r	OK	yes	yes
11	197v	OK	yes	yes
11	198r	OK	yes	yes
11	198v	OK	yes	yes
11	199r	OK	yes	yes
11	199v	OK	yes	yes
11	200r	OK	yes	yes
11	200v	OK	yes	yes
11	201r	OK	yes	yes
11	201v	OK	yes	yes
11	202r	OK	yes	yes
11	202v	OK	yes	yes
11	203r	OK	yes	yes
11	203v	OK	yes	yes
11	204r	OK	yes	yes
11	204v	OK	yes	yes
11	205r	OK	yes	yes
11	205v	OK	yes	yes
11	206r	OK	yes	yes
11	206v	OK	yes	yes
11	207r	OK	yes	yes
11	207v	OK	yes	yes
11	208r	OK	yes	yes
11	208v	OK	yes	yes
11	209r	OK	yes	yes
11	209v	OK	yes	yes
11	210r	OK	yes	yes
11	210v	OK	yes	yes
11	211r	OK	yes	yes
11	211v	OK	yes	yes
11	212r	OK	yes	yes
11	212v	OK	yes	yes
11	213r	OK	yes	yes
11	213v	OK	yes	yes
11	214r	OK	yes	yes
11	214v	OK	yes	yes
11	215r	OK	yes	yes
11	215v	OK	yes	yes
11	216r	OK	yes	yes
11	216v	OK	yes	yes
11	217r	OK	yes	yes
11	217v	OK	yes	yes
11	218r	OK	yes	yes
11	218v	OK	yes	yes
11	219r	OK	yes	yes
11	219v	OK	yes	yes
11	220r	OK	yes	yes
11	220v	OK	yes	yes
11	221r	OK	yes	yes
11	221v	OK	yes	yes
11	222r	OK	yes	yes
11	222v	OK	yes	yes
11	223r	OK	yes	yes
11	223v	OK	yes	yes
11	224r	OK	yes	yes
11	224v	OK	yes	yes
11	225r	OK	yes	yes
11	225v	OK	yes	yes
11	226r	OK	yes	yes
11	226v	OK	yes	yes
11	227r	OK	yes	yes
11	227v	OK	yes	yes
11	228r	OK	yes	yes
11	228v	OK	yes	yes
11	229r	OK	yes	yes
11	229v	OK	yes	yes
11	230r	OK	yes	yes
11	230v	OK	yes	yes
11	231r	OK	yes	yes
11	231v	OK	yes	yes
11	232r	OK	yes	yes
11	232v	OK	yes	yes
11	233r	OK	yes	yes
11	233v	OK	yes	yes
11	234r	OK	yes	yes
11	234v	OK	yes	yes
11	235r	OK	yes	yes
11	235v	OK	yes	yes
11	236r	OK	yes	yes
11	236v	OK	yes	yes
11	237r	OK	yes	yes
11	237v	OK	yes	yes
11	238r	OK	yes	yes
11	238v	OK	yes	yes
11	239r	OK	yes	yes
11	239v	OK	yes	yes
11	240r	OK	yes	yes
11	240v	OK	yes	yes
11	241r	OK	yes	yes
11	241v	OK	yes	yes
11	242r	OK	yes	yes
11	242v	OK	yes	yes
11	243r	OK	yes	yes
11	243v	OK	yes	yes
11	244r	OK	yes	yes
11	244v	OK	yes	yes
11	245r	OK	yes	yes
11	245v	OK	yes	yes
11	246r	OK	yes	yes
11	246v	OK	yes	yes
11	247r	OK	yes	yes
11	247v	OK	yes	yes
11	248r	OK	yes	yes
11	248v	OK	yes	yes
11	249r	OK	yes	yes
11	249v	OK	yes	yes
11	250r	OK	yes	yes
11	250v	OK	yes	yes
11	251r	OK	yes	yes
11	251v	OK	yes	yes
11	252r	OK	yes	yes
11	252v	OK	yes	yes
11	253r	OK	yes	yes
11	253v	OK	yes	yes
11	254r	OK	yes	yes
11	254v	OK	yes	yes
11	255r	OK	yes	yes
11	255v	OK	yes	yes
11	256r	OK	yes	yes
11	256v	OK	yes	yes
11	257r	OK	yes	yes
11	257v	OK	yes	yes
11	258r	OK	yes	yes
11	258v	OK	yes	yes
11	259r	OK	yes	yes
11	259v	OK	yes	yes
11	260r	OK	yes	yes
11	260v	OK	yes	yes
11	261r	OK	yes	yes
11	261v	OK	yes	yes
11	262r	OK	yes	yes
11	262v	OK	yes	yes
11	263r	OK	yes	yes
11	263v	OK	yes	yes
11	264r	OK	yes	yes
11	264v	OK	yes	yes
11	265r	OK	yes	yes
11	265v	OK	yes	yes
11	266r	OK	yes	yes
11	266v	OK	yes	yes
11	267r	OK	yes	yes
11	267v	OK	yes	yes
11	268r	OK	yes	yes
11	268v	OK	yes	yes
11	269r	OK	yes	yes
11	269v	OK	yes	yes
11	270r	OK	yes	yes
11	270v	OK	yes	yes
11	271r	OK	yes	yes
11	271v	OK	yes	yes
11	272r	OK	yes	yes
11	272v	OK	yes	yes
11	273r	OK	yes	yes
11	273v	OK	yes	yes
11	274r	OK	yes	yes
11	274v	OK	yes	yes
11	275r	OK	yes	yes
11	275v	OK	yes	yes
11	276r	OK	yes	yes
11	276v	OK	yes	yes
11	277r	OK	yes	yes
11	277v	OK	yes	yes
11	278r	OK	yes	yes
11	278v	OK	yes	yes
11	279r	OK	yes	yes
11	279v	OK	yes	yes
11	280r	OK	yes	yes
11	280v	OK	yes	yes
11	281r	OK	yes	yes
11	281v	OK	yes	yes
11	282r	OK	yes	yes
11	282v	OK	yes	yes
11	283r	OK	yes	yes
11	283v	OK	yes	yes
11	284r	OK	yes	yes
11	284v	OK	yes	yes
11	285r	OK	yes	yes
11	285v	OK	yes	yes
11	286r	OK	yes	yes
11	286v	OK	yes	yes
11	287r	OK	yes	yes
11	287v	OK	yes	yes
11	288r	OK	yes	yes
11	288v	OK	yes	yes
11	289r	OK	yes	yes
11	289v	OK	yes	yes
11	290r	OK	yes	yes
11	290v	OK	yes	yes
11	291r	OK	yes	yes
11	291v	OK	yes	yes
11	292r	OK	yes	yes
11	292v	OK	yes	yes
11	293r	OK	yes	yes
11	293v	OK	yes	yes
11	294r	OK	yes	yes
11	294v	OK	yes	yes
11	295r	OK	yes	yes
11	295v	OK	yes	yes
11	296r	OK	yes	yes
11	296v	OK	yes	yes
11	297r	OK	yes	yes
11	297v	OK	yes	yes
11	298r	OK	yes	yes
11	298v	OK	yes	yes
11	299r	OK	yes	yes
11	299v	OK	yes	yes
11	300r	OK	yes	yes
11	300v	OK	yes	yes
11	301r	OK	yes	yes
11	301v	OK	yes	yes
11	302r	OK	yes	yes
11	302v	OK	yes	yes
11	303r	OK	yes	yes
11	303v	OK	yes	yes
11	304r	OK	yes	yes
11	304v	OK	yes	yes
11	305r	OK	yes	yes
11	305v	OK	yes	yes
11	306r	OK	yes	yes
11	306v	OK	yes	yes
11	307r	OK	yes	yes
11	307v	OK	yes	yes
11	308r	OK	yes	yes
11	308v	OK	yes	yes
11	309r	OK	yes	yes
11	309v	OK	yes	yes
11	310r	OK	yes	yes
11	310v	OK	yes	yes
11	311r	OK	yes	yes
11	311v	OK	yes	yes
11	312r	OK	yes	yes
11	312v	OK	yes	yes
11	313r	OK	yes	yes
11	313v	OK	yes	yes
11	314r	OK	yes	yes
11	314v	OK	yes	yes
11	315r	OK	yes	yes
11	315v	OK	yes	yes
11	316r	OK	yes	yes
11	316v	OK	yes	yes
11	317r	OK	yes	yes
11	317v	OK	yes	yes
11	318r	OK	yes	yes
11	318v	OK	yes	yes
11	319r	OK	yes	yes
11	319v	OK	yes	yes
11	320r	OK	yes	yes
11	320v	OK	yes	yes
11	321r	OK	yes	yes
11	321v	OK	yes	yes
11	322r	OK	yes	yes
11	322v	OK	yes	yes
11	323r	OK	yes	yes
11	323v	OK	yes	yes
11	324r	OK	yes	yes
11	324v	OK	yes	yes
11	325r	OK	yes	yes
11	325v	OK	yes	yes
11	326r	OK	yes	yes
11	326v	OK	yes	yes
11	327r	OK	yes	yes
11	327v	OK	yes	yes
11	328r	OK	yes	yes
11	328v	OK	yes	yes
11	329r	OK	yes	yes
11	329v	OK	yes	yes
11	330r	OK	yes	yes
11	330v	OK	yes	yes
11	331r	OK	yes	yes
11	331v	OK	yes	yes
11	332r	OK	yes	yes
11	332v	OK	yes	yes
11	333r	OK	yes	yes
11	333v	OK	yes	yes
11	334r	OK	yes	yes
11	334v	OK	yes	yes
11	335r	OK	yes	yes
11	335v	OK	yes	yes
11	336r	OK	yes	yes
11	336v	OK	yes	yes
11	337r	OK	yes	yes
11	337v	OK	yes	yes
11	338r	OK	yes	yes
11	338v	OK	yes	yes
11	339r	OK	yes	yes
11	339v	OK	yes	yes
11	340r	OK	yes	yes
11	340v	OK	yes	yes
11	341r	OK	yes	yes
11	341v	OK	yes	yes
11	342r	OK	yes	yes
11	342v	OK	yes	yes
11	343r	OK	yes	yes
11	343v	OK	yes	yes
11	344r	OK	yes	yes
11	344v	OK	yes	yes
11	345r	OK	yes	yes
11	345v	OK	yes	yes
11	346r	OK	yes	yes
11	346v	OK	yes	yes
11	347r	OK	yes	yes
11	347v	OK	yes	yes
11	348r	OK	yes	yes
11	348v	OK	yes	yes
11	349r	OK	yes	yes
11	349v	OK	yes	yes
11	350r	OK	yes	yes
11	350v	OK	yes	yes
11	351r	OK	yes	yes
11	351v	OK	yes	yes
11	352r	OK	yes	yes
11	352v	OK	yes	yes
11	353r	OK	yes	yes
11	353v	OK	yes	yes
11	354r	OK	yes	yes
11	354v	OK	yes	yes
11	355r	OK	yes	yes
11	355v	OK	yes	yes
11	356r	OK	yes	yes
11	356v	OK	yes	yes
11	357r	OK	yes	yes
11	357v	OK	yes	yes
11	358r	OK	yes	yes
11	358v	OK	yes	yes
11	359r	OK	yes	yes
11	359v	OK	yes	yes
11	360r	OK	yes	yes
11	360v	OK	yes	yes
11	361r	OK	yes	yes
11	361v	OK	yes	yes
11	362r	OK	yes	yes
11	362v	OK	yes	yes
11	363r	OK	yes	yes
11	363v	OK	yes	yes
11	364r	OK	yes	yes
11	364v	OK	yes	yes
11	365r	OK	yes	yes
11	365v	OK	yes	yes
11	366r	OK	yes	yes
11	366v	OK	yes	yes
11	367r	OK	yes	yes
11	367v	OK	yes	yes
11	368r	OK	yes	yes
11	368v	OK	yes	yes
11	369r	OK	yes	yes
11	369v	OK	yes	yes
11	370r	OK	yes	yes
11	370v	OK	yes	yes
11	371r	OK	yes	yes
11	371v	OK	yes	yes
11	372r	OK	yes	yes
11	372v	OK	yes	yes
11	373r	OK	yes	yes
11	373v	OK	yes	yes
11	374r	OK	yes	yes
11	374v	OK	yes	yes
11	375r	OK	yes	yes
11	375v	OK	yes	yes
11	376r	OK	yes	yes
11	376v	OK	yes	yes
11	377r	OK	yes	yes
11	377v	OK	yes	yes
11	378r	OK	yes	yes
11	378v	OK	yes	yes
11	379r	OK	yes	yes
11	379v	OK	yes	yes
11	380r	OK	yes	yes
11	380v	OK	yes	yes
11	381r	OK	yes	yes
11	381v	OK	yes	yes
11	382r	OK	yes	yes
11	382v	OK	yes	yes
11	383r	OK	yes	yes
11	383v	OK	yes	yes
11	384r	OK	yes	yes
11	384v	OK	yes	yes
11	385r	OK	yes	yes
11	385v	OK	yes	yes
11	386r	OK	yes	yes
11	386v	OK	yes	yes
11	387r	OK	yes	yes
11	387v	OK	yes	yes
11	388r	OK	yes	yes
11	388v	OK	yes	yes
11	389r	OK	yes	yes
11	389v	OK	yes	yes
11	390r	OK	yes	yes
11	390v	OK	yes	yes
11	391r	OK	yes	yes
11	391v	OK	yes	yes
11	392r	OK	yes	yes
11	392v	OK	yes	yes
11	393r	OK	yes	yes
11	393v	OK	yes	yes
11	394r	OK	yes	yes
11	394v	OK	yes	yes
11	395r	OK	yes	yes
11	395v	OK	yes	yes
11	396r	OK	yes	yes
11	396v	OK	yes	yes
11	397r	OK	yes	yes
11	397v	OK	yes	yes
11	398r	OK	yes	yes
11	398v	OK	yes	yes
11	399r	OK	yes	yes
11	399v	OK	yes	yes
11	400r	OK	yes	yes
11	400v	OK	yes	yes
11	401r	OK	yes	yes
11	401v	OK	yes	yes
11	402r	OK	yes	yes
11	402v	OK	yes	yes
11	403r	OK	yes	yes
11	403v	OK	yes	yes
11	404r	OK	yes	yes
11	404v	OK	yes	yes
11	405r	OK	yes	yes
11	405v	OK	yes	yes
11	406r	OK	yes	yes
11	406v	OK	yes	yes
11	407r	OK	yes	yes
11	407v	OK	yes	yes
11	408r	OK	yes	yes
11	408v	OK	yes	yes
11	409r	OK	yes	yes
11	409v	OK	yes	yes
11	410r	OK	yes	yes
11	410v	OK	yes	yes
11	411r	OK	yes	yes
11	411v	OK	yes	yes
11	412r	OK	yes	yes
11	412v	OK	yes	yes
11	413r	OK	yes	yes
11	413v	OK	yes	yes
11	414r	OK	yes	yes
11	414v	OK	yes	yes
11	415r	OK	yes	yes
11	415v	OK	yes	yes
11	416r	OK	yes	yes
11	416v	OK	yes	yes
11	417r	OK	yes	yes
11	417v	OK	yes	yes
11	418r	OK	yes	yes
11	418v	OK	yes	yes
11	419r	OK	yes	yes
11	419v	OK	yes	yes
11	420r	OK	yes	yes
11	420v	OK	yes	yes
11	421r	OK	yes	yes
11	421v	OK	yes	yes
11	422r	OK	yes	yes
11	422v	OK	yes	yes
11	423r	OK	yes	yes
11	423v	OK	yes	yes
11	424r	OK	yes	yes
11	424v	OK	yes	yes
11	425r	OK	yes	yes
11	425v	OK	yes	yes
11	426r	OK	yes	yes
11	426v	OK	yes	yes
11	427r	OK	yes	yes
11	427v	OK	yes	yes
11	428r	OK	yes	yes
11	428v	OK	yes	yes
11	429r	OK	yes	yes
11	429v	OK	yes	yes
11	430r	OK	yes	yes
11	430v	OK	yes	yes
11	431r	OK	yes	yes
11	431v	OK	yes	yes
11	432r	OK	yes	yes
11	432v	OK	yes	yes
11	433r	OK	yes	yes
11	433v	OK	yes	yes
11	434r	OK	yes	yes
11	434v	OK	yes	yes
11	435r	OK	yes	yes
11	435v	OK	yes	yes
11	436r	OK	yes	yes
11	436v	OK	yes	yes
11	437r	OK	yes	yes
11	437v	OK	yes	yes
11	438r	OK	yes	yes
11	438v	OK	yes	yes
11	439r	OK	yes	yes
11	439v	OK	yes	yes
11	440r	OK	yes	yes
11	440v	OK	yes	yes
11	441r	OK	yes	yes
11	441v	OK	yes	yes
11	442r	OK	yes	yes
11	442v	OK	yes	yes
11	443r	OK	yes	yes
11	443v	OK	yes	yes
11	444r	OK	yes	yes
11	444v	OK	yes	yes
11	445r	OK	yes	yes
11	445v	OK	yes	yes
11	446r	OK	yes	yes
11	446v	OK	yes	yes
11	447r	OK	yes	yes
11	447v	OK	yes	yes
11	448r	OK	yes	yes
11	448v	OK	yes	yes
11	449r	OK	yes	yes
11	449v	OK	yes	yes
11	450r	OK	yes	yes
11	450v	OK	yes	yes
11	451r	OK	yes	yes
11	451v	OK	yes	yes
11	452r	OK	yes	yes
11	452v	OK	yes	yes
11	453r	OK	yes	yes
11	453v	OK	yes	yes
11	454r	OK	yes	yes
11	454v	OK	yes	yes
11	455r	OK	yes	yes
11	455v	OK	yes	yes
11	456r	OK	yes	yes
11	456v	OK	yes	yes
11	457r	OK	yes	yes
11	457v	OK	yes	yes
11	458r	OK	yes	yes
11	458v	OK	yes	yes
11	459r	OK	yes	yes
11	459v	OK	yes	yes
11	460r	OK	yes	yes
11	460v	OK	yes	yes
11	461r	OK	yes	yes
11	461v	OK	yes	yes
11	462r	OK	yes	yes
11	462v	OK	yes	yes
11	463r	OK	yes	yes
11	463v	OK	yes	yes
11	464r	OK	yes	yes
11	464v	OK	yes	yes
11	465r	OK	yes	yes
11	465v	OK	yes	yes
11	466r	OK	yes	yes
11	466v	OK	yes	yes
11	467r	OK	yes	yes
11	467v	OK	yes	yes
11	468r	OK	yes	yes
11	468v	OK	yes	yes
11	469r	OK	yes	yes
11	469v	OK	yes	yes
11	470r	OK	yes	yes
11	470v	OK	yes	yes
11	471r	OK	yes	yes
11	471v	OK	yes	yes
11	472r	OK	yes	yes
11	472v	OK	yes	yes
11	473r	OK	yes	yes
11	473v	OK	yes	yes
11	474r	OK	yes	yes
11	474v	OK	yes	yes
11	475r	OK	yes	yes
11	475v	OK	yes	yes
11	476r	OK	yes	yes
11	476v	OK	yes	yes
11	477r	OK	yes	yes
11	477v	OK	yes	yes
11	478r	OK	yes	yes
11	478v	OK	yes	yes
11	479r	OK	yes	yes
11	479v	OK	yes	yes
11	480r	OK	yes	yes
11	480v	OK	yes	yes
11	481r	OK	yes	yes
11	481v	OK	yes	yes
11	482r	OK	yes	yes
11	482v	OK	yes	yes
11	483r	OK	yes	yes
11	483v	OK	yes	yes
11	484r	OK	yes	yes
11	484v	OK	yes	yes
11	485r	OK	yes	yes
11	485v	OK	yes	yes
11	486r	OK	yes	yes
11	486v	OK	yes	yes
11	487r	OK	yes	yes
11	487v	OK	yes	yes
11	488r	OK	yes	yes
11	488v	OK	yes	yes
11	489r	OK	yes	yes
11	489v	OK	yes	yes
11	490r	OK	yes	yes
11	490v	OK	yes	yes
11	491r	OK	yes	yes
11	491v	OK	yes	yes
11	492r	OK	yes	yes
11	492v	OK	yes	yes
11	493r	OK	yes	yes
11	493v	OK	yes	yes
11	494r	OK	yes	yes
11	494v	OK	yes	yes
11	495r	OK	yes	yes
11	495v	OK	yes	yes
11	496r	OK	yes	yes
11	496v	OK	yes	yes
11	497r	OK	yes	yes
11	497v	OK	yes	yes
11	498r	OK	yes	yes
11	498v	OK	yes	yes
11	499r	OK	yes	yes
11	499v	OK	yes	yes
11	500r	OK	yes	yes
11	500v	OK	yes	yes
11	501r	OK	yes	yes
11	501v	OK	yes	yes
11	502r	OK	yes	yes
11	502v	OK	yes	yes
11	503r	OK	yes	yes
11	503v	OK	yes	yes
11	504r	OK	yes	yes
11	504v	OK	yes	yes
11	505r	OK	yes	yes
11	505v	OK	yes	yes
11	506r	OK	yes	yes
11	506v	OK	yes	yes
11	507r	OK	yes	yes
11	507v	OK	yes	yes
11	508r	OK	yes	yes
11	508v	OK	yes	yes
11	509r	OK	yes	yes
11	509v	OK	yes	yes
11	510r	OK	yes	yes
11	510v	OK	yes	yes
11	511r	OK	yes	yes
11	511v	OK	yes	yes
11	512r	OK	yes	yes
11	512v	OK	yes	yes
11	513r	OK	yes	yes
11	513v	OK	yes	yes
11	514r	OK	yes	yes
11	514v	OK	yes	yes
11	515r	OK	yes	yes
11	515v	OK	yes	yes
11	516r	OK	yes	yes
11	516v	OK	yes	yes
11	517r	OK	yes	yes
11	517v	OK	yes	yes
11	518r	OK	yes	yes
11	518v	OK	yes	yes
11	519r	OK	yes	yes
11	519v	OK	yes	yes
11	520r	OK	yes	yes
11	520v	OK	yes	yes
11	521r	OK	yes	yes
11	521v	OK	yes	yes
11	522r	OK	yes	yes
11	522v	OK	yes	yes
11	523r	OK	yes	yes
11	523v	OK	yes	yes
11	524r	OK	yes	yes
11	524v	OK	yes	yes
11	525r	OK	yes	yes
11	525v	OK	yes	yes
11	526r	OK	yes	yes
11	526v	OK	yes	yes
11	527r	OK	yes	yes
11	527v	OK	yes	yes
11	528r	OK	yes	yes
11	528v	OK	yes	yes
11	529r	OK	yes	yes
11	529v	OK	yes	yes
11	530r	OK	yes	yes
11	530v	OK	yes	yes
11	531r	OK	yes	yes
11	531v	OK	yes	yes
11	532r	OK	yes	yes
11	532v	OK	yes	yes
11	533r	OK	yes	yes
11	533v	OK	yes	yes
11	534r	OK	yes	yes
11	534v	OK	yes	yes
11	535r	OK	yes	yes
11	535v	OK	yes	yes
11	536r	OK	yes	yes
11	536v	OK	yes	yes
11	537r	OK	yes	yes
11	537v	OK	yes	yes
11	538r	OK	yes	yes
11	538v	OK	yes	yes
11	539r	OK	yes	yes
11	539v	OK	yes	yes
11	540r	OK	yes	yes
11	540v	OK	yes	yes
11	541r	OK	yes	yes
11	541v	OK	yes	yes
11	542r	OK	yes	yes
11	542v	OK	yes	yes
11	543r	OK	yes	yes
11	543v	OK	yes	yes
11	544r	OK	yes	yes
11	544v	OK	yes	yes
11	545r	OK	yes	yes
11	545v	OK	yes	yes
11	546r	OK	yes	yes
11	546v	OK	yes	yes
11	547r	OK	yes	yes
11	547v	OK	yes	yes
11	548r	OK	yes	yes
11	548v	OK	yes	yes
11	549r	OK	yes	yes
11	549v	OK	yes	yes
11	550r	OK	yes	yes
11	550v	OK	yes	yes
11	551r	OK	yes	yes
11	551v	OK	yes	yes
11	552r	OK	yes	yes
11	552v	OK	yes	yes
11	553r	OK	yes	yes
11	553v	OK	yes	yes
11	554r	OK	yes	yes
11	554v	OK	yes	yes
11	555r	OK	yes	yes
11	555v	OK	yes	yes
11	556r	OK	yes	yes
11	556v	OK	yes	yes
11	557r	OK	yes	yes
11	557v	OK	yes	yes
11	558r	OK	yes	yes
11	558v	OK	yes	yes
12	001r	OK	yes	yes
12	001v	OK	yes	yes
12	002r	OK	yes	yes
12	002v	OK	yes	yes
12	003r	OK	yes	yes
12	003v	OK	yes	yes
12	004r	OK	yes	yes
12	004v	OK	yes	yes
12	005r	OK	yes	yes
12	005v	OK	yes	yes
12	006r	OK	yes	yes
12	006v	OK	yes	yes
12	007r	OK	yes	yes
12	007v	OK	yes	yes
12	008r	OK	yes	yes
12	008v	OK	yes	yes
12	009r	OK	yes	yes
12	009v	OK	yes	yes
12	010r	OK	yes	yes
12	010v	OK	yes	yes
12	011r	OK	yes	yes
12	011v	OK	yes	yes
12	012r	OK	yes	yes
12	012v	OK	yes	yes
12	013r	OK	yes	yes
12	013v	OK	yes	yes
12	014r	OK	yes	yes
12	014v	OK	yes	yes
12	015r	OK	yes	yes
12	015v	OK	yes	yes
12	016r	OK	yes	yes
12	016v	OK	yes	yes
12	017r	OK	yes	yes
12	017v	OK	yes	yes
12	018r	OK	yes	yes
12	018v	OK	yes	yes
12	019r	OK	yes	yes
12	019v	OK	yes	yes
12	020r	OK	yes	yes
12	020v	OK	yes	yes
12	021r	OK	yes	yes
12	021v	OK	yes	yes
12	022r	OK	yes	yes
12	022v	OK	yes	yes
12	023r	OK	yes	yes
12	023v	OK	yes	yes
12	024r	OK	yes	yes
12	024v	OK	yes	yes
12	025r	OK	yes	yes
12	025v	OK	yes	yes
12	026r	OK	yes	yes
12	026v	OK	yes	yes
12	027r	OK	yes	yes
12	027v	OK	yes	yes
12	028r	OK	yes	yes
12	028v	OK	yes	yes
12	029r	OK	yes	yes
12	029v	OK	yes	yes
12	030r	OK	yes	yes
12	030v	OK	yes	yes
12	031r	OK	yes	yes
12	031v	OK	yes	yes
12	032r	OK	yes	yes
12	032v	OK	yes	yes
12	033r	OK	yes	yes
12	033v	OK	yes	yes
12	034r	OK	yes	yes
12	034v	OK	yes	yes
12	035r	OK	yes	yes
12	035v	OK	yes	yes
12	036r	OK	yes	yes
12	036v	OK	yes	yes
12	037r	OK	yes	yes
12	037v	OK	yes	yes
12	038r	OK	yes	yes
12	038v	OK	yes	yes
12	039r	OK	yes	yes
12	039v	OK	yes	yes
12	040r	OK	yes	yes
12	040v	OK	yes	yes
12	041r	OK	yes	yes
12	041v	OK	yes	yes
12	042r	OK	yes	yes
12	042v	OK	yes	yes
12	043r	OK	yes	yes
12	043v	OK	yes	yes
12	044r	OK	yes	yes
12	044v	OK	yes	yes
12	045r	OK	yes	yes
12	045v	OK	yes	yes
12	046r	OK	yes	yes
12	046v	OK	yes	yes
12	047r	OK	yes	yes
12	047v	OK	yes	yes
12	048r	OK	yes	yes
12	048v	OK	yes	yes
12	049r	OK	yes	yes
12	049v	OK	yes	yes
12	050r	OK	yes	yes
12	050v	OK	yes	yes
12	051r	OK	yes	yes
12	051v	OK	yes	yes
12	052r	OK	yes	yes
12	052v	OK	yes	yes
12	053r	OK	yes	yes
12	053v	OK	yes	yes
12	054r	OK	yes	yes
12	054v	OK	yes	yes
12	055r	OK	yes	yes
12	055v	OK	yes	yes
12	056r	OK	yes	yes
12	056v	OK	yes	yes
12	057r	OK	yes	yes
12	057v	OK	yes	yes
12	058r	OK	yes	yes
12	058v	OK	yes	yes
12	059r	OK	yes	yes
12	059v	OK	yes	yes
12	060r	OK	yes	yes
12	060v	OK	yes	yes
12	061r	OK	yes	yes
12	061v	OK	yes	yes
12	062r	OK	yes	yes
12	062v	OK	yes	yes
12	063r	OK	yes	yes
12	063v	OK	yes	yes
12	064r	OK	yes	yes
12	064v	OK	yes	yes
12	065r	OK	yes	yes
12	065v	OK	yes	yes
12	066r	OK	yes	yes
12	066v	OK	yes	yes
12	067r	OK	yes	yes
12	067v	OK	yes	yes
12	068r	OK	yes	yes
12	068v	OK	yes	yes
12	069r	OK	yes	yes
12	069v	OK	yes	yes
12	070r	OK	yes	yes
12	070v	OK	yes	yes
12	071r	OK	yes	yes
12	071v	OK	yes	yes
12	072r	OK	yes	yes
12	072v	OK	yes	yes
12	073r	OK	yes	yes
12	073v	OK	yes	yes
12	074r	OK	yes	yes
12	074v	OK	yes	yes
12	075r	OK	yes	yes
12	075v	OK	yes	yes
12	076r	OK	yes	yes
12	076v	OK	yes	yes
12	077r	OK	yes	yes
12	077v	OK	yes	yes
12	078r	OK	yes	yes
12	078v	OK	yes	yes
12	079r	OK	yes	yes
12	079v	OK	yes	yes
12	080r	OK	yes	yes
12	080v	OK	yes	yes
12	081r	OK	yes	yes
12	081v	OK	yes	yes
12	082r	OK	yes	yes
12	082v	OK	yes	yes
12	083r	OK	yes	yes
12	083v	OK	yes	yes
12	084r	OK	yes	yes
12	084v	OK	yes	yes
12	085r	OK	yes	yes
12	085v	OK	yes	yes
12	086r	OK	yes	yes
12	086v	OK	yes	yes
12	087r	OK	yes	yes
12	087v	OK	yes	yes
12	088r	OK	yes	yes
12	088v	OK	yes	yes
12	089r	OK	yes	yes
12	089v	OK	yes	yes
12	090r	OK	yes	yes
12	090v	OK	yes	yes
12	091r	OK	yes	yes
12	091v	OK	yes	yes
12	092r	OK	yes	yes
12	092v	OK	yes	yes
12	093r	OK	yes	yes
12	093v	OK	yes	yes
12	094r	OK	yes	yes
12	094v	OK	yes	yes
12	095r	OK	yes	yes
12	095v	OK	yes	yes
12	096r	OK	yes	yes
12	096v	OK	yes	yes
12	097r	OK	yes	yes
12	097v	OK	yes	yes
12	098r	OK	yes	yes
12	098v	OK	yes	yes
12	099r	OK	yes	yes
12	099v	OK	yes	yes
12	100r	OK	yes	yes
12	100v	OK	yes	yes
12	101r	OK	yes	yes
12	101v	OK	yes	yes
12	102r	OK	yes	yes
12	102v	OK	yes	yes
12	103r	OK	yes	yes
12	103v	OK	yes	yes
12	104r	OK	yes	yes
12	104v	OK	yes	yes
12	105r	OK	yes	yes
12	105v	OK	yes	yes
12	106r	OK	yes	yes
12	106v	OK	yes	yes
12	107r	OK	yes	yes
12	107v	OK	yes	yes
12	108r	OK	yes	yes
12	108v	OK	yes	yes
12	109r	OK	yes	yes
12	109v	OK	yes	yes
12	110r	OK	yes	yes
12	110v	OK	yes	yes
12	111r	OK	yes	yes
12	111v	OK	yes	yes
12	112r	OK	yes	yes
12	112v	OK	yes	yes
12	113r	OK	yes	yes
12	113v	OK	yes	yes
12	114r	OK	yes	yes
12	114v	OK	yes	yes
12	115r	OK	yes	yes
12	115v	OK	yes	yes
12	116r	OK	yes	yes
12	116v	OK	yes	yes
12	117r	OK	yes	yes
12	117v	OK	yes	yes
12	118r	OK	yes	yes
12	118v	OK	yes	yes
12	119r	OK	yes	yes
12	119v	OK	yes	yes
12	120r	OK	yes	yes
12	120v	OK	yes	yes
12	121r	OK	yes	yes
12	121v	OK	yes	yes
12	122r	OK	yes	yes
12	122v	OK	yes	yes
12	123r	OK	yes	yes
12	123v	OK	yes	yes
12	124r	OK	yes	yes
12	124v	OK	yes	yes
12	125r	OK	yes	yes
12	125v	OK	yes	yes
12	126r	OK	yes	yes
12	126v	OK	yes	yes
12	127r	OK	yes	yes
12	127v	OK	yes	yes
12	128r	OK	yes	yes
12	128v	OK	yes	yes
12	129r	OK	yes	yes
12	129v	OK	yes	yes
12	130r	OK	yes	yes
12	130v	OK	yes	yes
12	131r	OK	yes	yes
12	131v	OK	yes	yes
12	132r	OK	yes	yes
12	132v	OK	yes	yes
12	133r	OK	yes	yes
12	133v	OK	yes	yes
12	134r	OK	yes	yes
12	134v	OK	yes	yes
12	135r	OK	yes	yes
12	135v	OK	yes	yes
12	136r	OK	yes	yes
12	136v	OK	yes	yes
12	137r	OK	yes	yes
12	137v	OK	yes	yes
12	138r	OK	yes	yes
12	138v	OK	yes	yes
12	139r	OK	yes	yes
12	139v	OK	yes	yes
12	140r	OK	yes	yes
12	140v	OK	yes	yes
12	141r	OK	yes	yes
12	141v	OK	yes	yes
12	142r	OK	yes	yes
12	142v	OK	yes	yes
12	143r	OK	yes	yes
12	143v	OK	yes	yes
12	144r	OK	yes	yes
12	144v	OK	yes	yes
12	145r	OK	yes	yes
12	145v	OK	yes	yes
12	146r	OK	yes	yes
12	146v	OK	yes	yes
12	147r	OK	yes	yes
12	147v	OK	yes	yes
12	148r	OK	yes	yes
12	148v	OK	yes	yes
12	149r	OK	yes	yes
12	149v	OK	yes	yes
12	150r	OK	yes	yes
12	150v	OK	yes	yes
12	151r	OK	yes	yes
12	151v	OK	yes	yes
12	152r	OK	yes	yes
12	152v	OK	yes	yes
12	153r	OK	yes	yes
12	153v	OK	yes	yes
12	154r	OK	yes	yes
12	154v	OK	yes	yes
12	155r	OK	yes	yes
12	155v	OK	yes	yes
12	156r	OK	yes	yes
12	156v	OK	yes	yes
12	157r	OK	yes	yes
12	157v	OK	yes	yes
12	158r	OK	yes	yes
12	158v	OK	yes	yes
12	159r	OK	yes	yes
12	159v	OK	yes	yes
12	160r	OK	yes	yes
12	160v	OK	yes	yes
12	161r	OK	yes	yes
12	161v	OK	yes	yes
12	162r	OK	yes	yes
12	162v	OK	yes	yes
12	163r	OK	yes	yes
12	163v	OK	yes	yes
12	164r	OK	yes	yes
12	164v	OK	yes	yes
12	165r	OK	yes	yes
12	165v	OK	yes	yes
12	166r	OK	yes	yes
12	166v	OK	yes	yes
12	167r	OK	yes	yes
12	167v	OK	yes	yes
12	168r	OK	yes	yes
12	168v	OK	yes	yes
12	169r	OK	yes	yes
12	169v	OK	yes	yes
12	170r	OK	yes	yes
12	170v	OK	yes	yes
12	171r	OK	yes	yes
12	171v	OK	yes	yes
12	172r	OK	yes	yes
12	172v	OK	yes	yes
12	173r	OK	yes	yes
12	173v	OK	yes	yes
12	174r	OK	yes	yes
12	174v	OK	yes	yes
12	175r	OK	yes	yes
12	175v	OK	yes	yes
12	176r	OK	yes	yes
12	176v	OK	yes	yes
12	177r	OK	yes	yes
12	177v	OK	yes	yes
12	178r	OK	yes	yes
12	178v	OK	yes	yes
12	179r	OK	yes	yes
12	179v	OK	yes	yes
12	180r	OK	yes	yes
12	180v	OK	yes	yes
12	181r	OK	yes	yes
12	181v	OK	yes	yes
12	182r	OK	yes	yes
12	182v	OK	yes	yes
12	183r	OK	yes	yes
12	183v	OK	yes	yes
12	184r	OK	yes	yes
12	184v	OK	yes	yes
12	185r	OK	yes	yes
12	185v	OK	yes	yes
12	186r	OK	yes	yes
12	186v	OK	yes	yes
12	187r	OK	yes	yes
12	187v	OK	yes	yes
12	188r	OK	yes	yes
12	188v	OK	yes	yes
12	189r	OK	yes	yes
12	189v	OK	yes	yes
12	190r	OK	yes	yes
12	190v	OK	yes	yes
12	191r	OK	yes	yes
12	191v	OK	yes	yes
12	192r	OK	yes	yes
12	192v	OK	yes	yes
12	193r	OK	yes	yes
12	193v	OK	yes	yes
12	194r	OK	yes	yes
12	194v	OK	yes	yes
12	195r	OK	yes	yes
12	195v	OK	yes	yes
12	196r	OK	yes	yes
12	196v	OK	yes	yes
12	197r	OK	yes	yes
12	197v	OK	yes	yes
12	198r	OK	yes	yes
12	198v	OK	yes	yes
12	199r	OK	yes	yes
12	199v	OK	yes	yes
12	200r	OK	yes	yes
12	200v	OK	yes	yes
12	201r	OK	yes	yes
12	201v	OK	yes	yes
12	202r	OK	yes	yes
12	202v	OK	yes	yes
12	203r	OK	yes	yes
12	203v	OK	yes	yes
12	204r	OK	yes	yes
12	204v	OK	yes	yes
12	205r	OK	yes	yes
12	205v	OK	yes	yes
12	206r	OK	yes	yes
12	206v	OK	yes	yes
12	207r	OK	yes	yes
12	207v	OK	yes	yes
12	208r	OK	yes	yes
12	208v	OK	yes	yes
12	209r	OK	yes	yes
12	209v	OK	yes	yes
12	210r	OK	yes	yes
12	210v	OK	yes	yes
12	211r	OK	yes	yes
12	211v	OK	yes	yes
12	212r	OK	yes	yes
12	212v	OK	yes	yes
12	213r	OK	yes	yes
12	213v	OK	yes	yes
12	214r	OK	yes	yes
12	214v	OK	yes	yes
12	215r	OK	yes	yes
12	215v	OK	yes	yes
12	216r	OK	yes	yes
12	216v	OK	yes	yes
12	217r	OK	yes	yes
12	217v	OK	yes	yes
12	218r	OK	yes	yes
12	218v	OK	yes	yes
12	219r	OK	yes	yes
12	219v	OK	yes	yes
12	220r	OK	yes	yes
12	220v	OK	yes	yes
12	221r	OK	yes	yes
12	221v	OK	yes	yes
12	222r	OK	yes	yes
12	222v	OK	yes	yes
12	223r	OK	yes	yes
12	223v	OK	yes	yes
12	224r	OK	yes	yes
12	224v	OK	yes	yes
12	225r	OK	yes	yes
12	225v	OK	yes	yes
12	226r	OK	yes	yes
12	226v	OK	yes	yes
12	227r	OK	yes	yes
12	227v	OK	yes	yes
12	228r	OK	yes	yes
12	228v	OK	yes	yes
12	229r	OK	yes	yes
12	229v	OK	yes	yes
12	230r	OK	yes	yes
12	230v	OK	yes	yes
12	231r	OK	yes	yes
12	231v	OK	yes	yes
12	232r	OK	yes	yes
12	232v	OK	yes	yes
12	233r	OK	yes	yes
12	233v	OK	yes	yes
12	234r	OK	yes	yes
12	234v	OK	yes	yes
12	235r	OK	yes	yes
12	235v	OK	yes	yes
12	236r	OK	yes	yes
12	236v	OK	yes	yes
12	237r	OK	yes	yes
12	237v	OK	yes	yes
12	238r	OK	yes	yes
12	238v	OK	yes	yes
12	239r	OK	yes	yes
12	239v	OK	yes	yes
12	240r	OK	yes	yes
12	240v	OK	yes	yes
12	241r	OK	yes	yes
12	241v	OK	yes	yes
12	242r	OK	yes	yes
12	242v	OK	yes	yes
12	243r	OK	yes	yes
12	243v	OK	yes	yes
12	244r	OK	yes	yes
12	244v	OK	yes	yes
12	245r	OK	yes	yes
12	245v	OK	yes	yes
12	246r	OK	yes	yes
12	246v	OK	yes	yes
12	247r	OK	yes	yes
12	247v	OK	yes	yes
12	248r	OK	yes	yes
12	248v	OK	yes	yes
12	249r	OK	yes	yes
12	249v	OK	yes	yes
12	250r	OK	yes	yes
12	250v	OK	yes	yes
12	251r	OK	yes	yes
12	251v	OK	yes	yes
12	252r	OK	yes	yes
12	252v	OK	yes	yes
12	253r	OK	yes	yes
12	253v	OK	yes	yes
12	254r	OK	yes	yes
12	254v	OK	yes	yes
12	255r	OK	yes	yes
12	255v	OK	yes	yes
12	256r	OK	yes	yes
12	256v	OK	yes	yes
12	257r	OK	yes	yes
12	257v	OK	yes	yes
12	258r	OK	yes	yes
12	258v	OK	yes	yes
12	259r	OK	yes	yes
12	259v	OK	yes	yes
12	260r	OK	yes	yes
12	260v	OK	yes	yes
12	261r	OK	yes	yes
12	261v	OK	yes	yes
12	262r	OK	yes	yes
12	262v	OK	yes	yes
12	263r	OK	yes	yes
12	263v	OK	yes	yes
12	264r	OK	yes	yes
12	264v	OK	yes	yes
12	265r	OK	yes	yes
12	265v	OK	yes	yes
12	266r	OK	yes	yes
12	266v	OK	yes	yes
12	267r	OK	yes	yes
12	267v	OK	yes	yes
12	268r	OK	yes	yes
12	268v	OK	yes	yes
12	269r	OK	yes	yes
12	269v	OK	yes	yes
12	270r	OK	yes	yes
12	270v	OK	yes	yes
12	271r	OK	yes	yes
12	271v	OK	yes	yes
12	272r	OK	yes	yes
12	272v	OK	yes	yes
12	273r	OK	yes	yes
12	273v	OK	yes	yes
12	274r	OK	yes	yes
12	274v	OK	yes	yes
12	275r	OK	yes	yes
12	275v	OK	yes	yes
12	276r	OK	yes	yes
12	276v	OK	yes	yes
12	277r	OK	yes	yes
12	277v	OK	yes	yes
12	279r	OK	yes	yes
12	279v	OK	yes	yes
12	280r	OK	yes	yes
12	280v	OK	yes	yes
12	281r	OK	yes	yes
12	281v	OK	yes	yes
12	282r	OK	yes	yes
12	282v	OK	yes	yes
12	283r	OK	yes	yes
12	283v	OK	yes	yes
12	284r	OK	yes	yes
12	284v	OK	yes	yes
12	285r	OK	yes	yes
12	285v	OK	yes	yes
12	286r	OK	yes	yes
12	286v	OK	yes	yes
12	287r	OK	yes	yes
12	287v	OK	yes	yes
12	288r	OK	yes	yes
12	288v	OK	yes	yes
12	289r	OK	yes	yes
12	289v	OK	yes	yes
12	290r	OK	yes	yes
12	290v	OK	yes	yes
12	291r	OK	yes	yes
12	291v	OK	yes	yes
12	292r	OK	yes	yes
12	292v	OK	yes	yes
12	293r	OK	yes	yes
12	293v	OK	yes	yes
12	294r	OK	yes	yes
12	294v	OK	yes	yes
12	295r	OK	yes	yes
12	295v	OK	yes	yes
12	296r	OK	yes	yes
12	296v	OK	yes	yes
12	297r	OK	yes	yes
12	297v	OK	yes	yes
12	298r	OK	yes	yes
12	298v	OK	yes	yes
12	299r	OK	yes	yes
12	299v	OK	yes	yes
12	300r	OK	yes	yes
12	300v	OK	yes	yes
12	301r	OK	yes	yes
12	301v	OK	yes	yes
12	302r	OK	yes	yes
12	302v	OK	yes	yes
12	303r	OK	yes	yes
12	303v	OK	yes	yes
12	304r	OK	yes	yes
12	304v	OK	yes	yes
12	305r	OK	yes	yes
12	305v	OK	yes	yes
12	306r	OK	yes	yes
12	306v	OK	yes	yes
12	307r	OK	yes	yes
12	307v	OK	yes	yes
12	308r	OK	yes	yes
12	308v	OK	yes	yes
12	309r	OK	yes	yes
12	309v	OK	yes	yes
12	310r	OK	yes	yes
12	310v	OK	yes	yes
12	311r	OK	yes	yes
12	311v	OK	yes	yes
12	312r	OK	yes	yes
12	312v	OK	yes	yes
12	313r	OK	yes	yes
12	313v	OK	yes	yes
12	314r	OK	yes	yes
12	314v	OK	yes	yes
12	315r	OK	yes	yes
12	315v	OK	yes	yes
12	316r	OK	yes	yes
12	316v	OK	yes	yes
12	317r	OK	yes	yes
12	317v	OK	yes	yes
12	318r	OK	yes	yes
12	318v	OK	yes	yes
12	319r	OK	yes	yes
12	319v	OK	yes	yes
12	320r	OK	yes	yes
12	320v	OK	yes	yes
12	321r	OK	yes	yes
12	321v	OK	yes	yes
12	322r	OK	yes	yes
12	322v	OK	yes	yes
12	323r	OK	yes	yes
12	323v	OK	yes	yes
12	324r	OK	yes	yes
12	324v	OK	yes	yes
12	325r	OK	yes	yes
12	325v	OK	yes	yes
12	326r	OK	yes	yes
12	326v	OK	yes	yes
12	327r	OK	yes	yes
12	327v	OK	yes	yes
12	328r	OK	yes	yes
12	328v	OK	yes	yes
12	329r	OK	yes	yes
12	329v	OK	yes	yes
12	330r	OK	yes	yes
12	330v	OK	yes	yes
12	331r	OK	yes	yes
12	331v	OK	yes	yes
12	332r	OK	yes	yes
12	332v	OK	yes	yes
12	333r	OK	yes	yes
12	333v	OK	yes	yes
12	334r	OK	yes	yes
12	334v	OK	yes	yes
12	335r	OK	yes	yes
12	335v	OK	yes	yes
12	336r	OK	yes	yes
12	336v	OK	yes	yes
12	337r	OK	yes	yes
12	337v	OK	yes	yes
12	338r	OK	yes	yes
12	338v	OK	yes	yes
12	339r	OK	yes	yes
12	339v	OK	yes	yes
12	340r	OK	yes	yes
12	340v	OK	yes	yes
12	341r	OK	yes	yes
12	341v	OK	yes	yes
12	342r	OK	yes	yes
12	342v	OK	yes	yes
12	343r	OK	yes	yes
12	343v	OK	yes	yes
12	344r	OK	yes	yes
12	344v	OK	yes	yes
12	345r	OK	yes	yes
12	345v	OK	yes	yes
12	346r	OK	yes	yes
12	346v	OK	yes	yes
12	347r	OK	yes	yes
12	347v	OK	yes	yes
12	348r	OK	yes	yes
12	348v	OK	yes	yes
12	349r	OK	yes	yes
12	349v	OK	yes	yes
12	350r	OK	yes	yes
12	350v	OK	yes	yes
12	351r	OK	yes	yes
12	351v	OK	yes	yes
12	352r	OK	yes	yes
12	352v	OK	yes	yes
12	353r	OK	yes	yes
12	353v	OK	yes	yes
12	354r	OK	yes	yes
12	354v	OK	yes	yes
12	355r	OK	yes	yes
12	355v	OK	yes	yes
12	356r	OK	yes	yes
12	356v	OK	yes	yes
12	357r	OK	yes	yes
12	357v	OK	yes	yes
12	358r	OK	yes	yes
12	358v	OK	yes	yes
12	359r	OK	yes	yes
12	359v	OK	yes	yes
12	360r	OK	yes	yes
12	360v	OK	yes	yes
12	361r	OK	yes	yes
12	361v	OK	yes	yes
12	362r	OK	yes	yes
12	362v	OK	yes	yes
12	363r	OK	yes	yes
12	363v	OK	yes	yes
12	364r	OK	yes	yes
12	364v	OK	yes	yes
12	365r	OK	yes	yes
12	365v	OK	yes	yes
12	366r	OK	yes	yes
12	366v	OK	yes	yes
12	367r	OK	yes	yes
12	367v	OK	yes	yes
12	368r	OK	yes	yes
12	368v	OK	yes	yes
12	369r	OK	yes	yes
12	369v	OK	yes	yes
12	370r	OK	yes	yes
12	370v	OK	yes	yes
12	371r	OK	yes	yes
12	371v	OK	yes	yes
12	372r	OK	yes	yes
12	372v	OK	yes	yes
12	373r	OK	yes	yes
12	373v	OK	yes	yes
12	374r	OK	yes	yes
12	374v	OK	yes	yes
12	375r	OK	yes	yes
12	375v	OK	yes	yes
12	376r	OK	yes	yes
12	376v	OK	yes	yes
12	377r	OK	yes	yes
12	377v	OK	yes	yes
12	378r	OK	yes	yes
12	378v	OK	yes	yes
12	379r	OK	yes	yes
12	379v	OK	yes	yes
12	380r	OK	yes	yes
12	380v	OK	yes	yes
12	381r	OK	yes	yes
12	381v	OK	yes	yes
12	382r	OK	yes	yes
12	382v	OK	yes	yes
12	383r	OK	yes	yes
12	383v	OK	yes	yes
12	384r	OK	yes	yes
12	384v	OK	yes	yes
12	385r	OK	yes	yes
12	385v	OK	yes	yes
12	386r	OK	yes	yes
12	386v	OK	yes	yes
12	387r	OK	yes	yes
12	387v	OK	yes	yes
12	388r	OK	yes	yes
12	388v	OK	yes	yes
12	389r	OK	yes	yes
12	389v	OK	yes	yes
12	390r	OK	yes	yes
12	390v	OK	yes	yes
12	391r	OK	yes	yes
12	391v	OK	yes	yes
12	392r	OK	yes	yes
12	392v	OK	yes	yes
12	393r	OK	yes	yes
12	393v	OK	yes	yes
12	394r	OK	yes	yes
12	394v	OK	yes	yes
12	395r	OK	yes	yes
12	395v	OK	yes	yes
12	396r	OK	yes	yes
12	396v	OK	yes	yes
12	397r	OK	yes	yes
12	397v	OK	yes	yes
12	398r	OK	yes	yes
12	398v	OK	yes	yes
12	399r	OK	yes	yes
12	399v	OK	yes	yes
12	400r	OK	yes	yes
12	400v	OK	yes	yes
12	401r	OK	yes	yes
12	401v	OK	yes	yes
12	402r	OK	yes	yes
12	402v	OK	yes	yes
12	403r	OK	yes	yes
12	403v	OK	yes	yes
12	404r	OK	yes	yes
12	404v	OK	yes	yes
12	405r	OK	yes	yes
12	405v	OK	yes	yes
12	406r	OK	yes	yes
12	406v	OK	yes	yes
12	407r	OK	yes	yes
12	407v	OK	yes	yes
12	408r	OK	yes	yes
12	408v	OK	yes	yes
12	409r	OK	yes	yes
12	409v	OK	yes	yes
12	410r	OK	yes	yes
12	410v	OK	yes	yes
12	411r	OK	yes	yes
12	411v	OK	yes	yes
12	412r	OK	yes	yes
12	412v	OK	yes	yes
12	413r	OK	yes	yes
12	413v	OK	yes	yes
12	414r	OK	yes	yes
12	414v	OK	yes	yes
12	415r	OK	yes	yes
12	415v	OK	yes	yes
12	416r	OK	yes	yes
12	416v	OK	yes	yes
12	417r	OK	yes	yes
12	417v	OK	yes	yes
12	418r	OK	yes	yes
12	418v	OK	yes	yes
12	419r	OK	yes	yes
12	419v	OK	yes	yes
12	420r	OK	yes	yes
12	420v	OK	yes	yes
12	421r	OK	yes	yes
12	421v	OK	yes	yes
12	422r	OK	yes	yes
12	422v	OK	yes	yes
12	423r	OK	yes	yes
12	423v	OK	yes	yes
12	424r	OK	yes	yes
12	424v	OK	yes	yes
12	425r	OK	yes	yes
12	425v	OK	yes	yes
12	426r	OK	yes	yes
12	426v	OK	yes	yes
12	427r	OK	yes	yes
12	427v	OK	yes	yes
12	428r	OK	yes	yes
12	428v	OK	yes	yes
12	429r	OK	yes	yes
12	429v	OK	yes	yes
12	430r	OK	yes	yes
12	430v	OK	yes	yes
12	431r	OK	yes	yes
12	431v	OK	yes	yes
12	432r	OK	yes	yes
12	432v	OK	yes	yes
12	433r	OK	yes	yes
12	433v	OK	yes	yes
12	434r	OK	yes	yes
12	434v	OK	yes	yes
12	435r	OK	yes	yes
12	435v	OK	yes	yes
12	436r	OK	yes	yes
12	436v	OK	yes	yes
12	437r	OK	yes	yes
12	437v	OK	yes	yes
12	438r	OK	yes	yes
12	438v	OK	yes	yes
12	439r	OK	yes	yes
12	439v	OK	yes	yes
12	440r	OK	yes	yes
12	440v	OK	yes	yes
12	441r	OK	yes	yes
12	441v	OK	yes	yes
12	442r	OK	yes	yes
12	442v	OK	yes	yes
12	443r	OK	yes	yes
12	443v	OK	yes	yes
12	444r	OK	yes	yes
12	444v	OK	yes	yes
12	445r	OK	yes	yes
12	445v	OK	yes	yes
12	446r	OK	yes	yes
12	446v	OK	yes	yes
12	447r	OK	yes	yes
12	447v	OK	yes	yes
12	448r	OK	yes	yes
12	448v	OK	yes	yes
12	449r	OK	yes	yes
12	449v	OK	yes	yes
12	450r	OK	yes	yes
12	450v	OK	yes	yes
12	451r	OK	yes	yes
12	451v	OK	yes	yes
12	452r	OK	yes	yes
12	452v	OK	yes	yes
12	453r	OK	yes	yes
12	453v	OK	yes	yes
12	454r	OK	yes	yes
12	454v	OK	yes	yes
12	455r	OK	yes	yes
12	455v	OK	yes	yes
12	456r	OK	yes	yes
12	456v	OK	yes	yes
12	457r	OK	yes	yes
12	457v	OK	yes	yes
12	458r	OK	yes	yes
12	458v	OK	yes	yes
12	459r	OK	yes	yes
12	459v	OK	yes	yes
12	460r	OK	yes	yes
12	460v	OK	yes	yes
12	461r	OK	yes	yes
12	461v	OK	yes	yes
12	462r	OK	yes	yes
12	462v	OK	yes	yes
12	463r	OK	yes	yes
12	463v	OK	yes	yes
12	464r	OK	yes	yes
12	464v	OK	yes	yes
12	465r	OK	yes	yes
12	465v	OK	yes	yes
