file	width	height
02_071r	3703	5421
02_071v	3738	5421
02_072r	3687	5421
02_072v	3730	5421
02_073r	3695	5421
02_073v	3750	5421
02_074r	3675	5421
02_074v	3744	5421
02_075r	3681	5421
02_075v	3750	5421
02_076r	3675	5421
02_076v	3754	5421
02_077r	3671	5421
02_077v	3764	5421
02_078r	3700	5750
02_078v	3642	5786
02_079r	3834	5786
02_079v	3650	5786
02_080r	3729	5357
02_080v	5357	3765
02_081r	3797	5357
02_081v	3823	5357
02_082r	3739	5357
02_082v	3825	5357
02_083r	3737	5357
02_083v	3776	5357
02_084r	3729	5357
02_084v	3760	5357
02_085r	3745	5357
02_085v	3784	5357
02_086r	3721	5357
02_086v	3798	5357
02_087r	3707	5357
02_087v	3780	5357
02_088r	3725	5357
02_088v	3754	5357
02_089r	3751	5357
02_089v	3722	5357
02_090r	4828	5329
02_090v	3808	5372
02_091r	3803	5372
02_091v	3790	5336
02_092r	3785	5336
02_092v	3774	5350
02_093r	3801	5350
02_093v	3792	5350
02_094r	3783	5350
02_094v	3780	5350
02_095r	3795	5350
02_095v	3792	5350
02_096r	3783	5350
02_096v	3776	5350
02_097r	3799	5350
02_097v	5350	3784
02_098r	3791	5350
02_098v	3792	5350
02_099r	3783	5350
02_099v	3784	5350
02_100r	3791	5350
02_100v	3768	5350
02_101r	3807	5350
02_101v	3750	5350
02_102r	3825	5350
02_102v	3758	5350
02_103r	3817	5350
02_103v	3772	5350
02_104r	3803	5350
02_104v	3766	5350
02_105r	3809	5350
02_105v	3742	5350
02_106r	3833	5350
02_106v	3744	5350
02_107r	3831	5350
02_107v	3742	5350
02_108r	3833	5350
02_108v	3724	5350
02_109r	3851	5350
02_109v	3720	5350
02_110r	3855	5350
02_110v	3737	5350
02_111r	4003	5350
02_111v	3930	5371
02_112r	3989	5371
02_112v	3928	5371
02_113r	3991	5371
02_113v	5285	3740
02_114r	3636	5285
02_114v	3723	5285
02_115r	3653	5285
02_115v	3691	5285
02_116r	3685	5285
02_116v	3727	5285
02_117r	3649	5285
02_117v	3722	5285
02_118r	3654	5285
02_118v	3652	5285
02_119r	3667	5285
02_119v	3654	5285
02_120r	3665	5285
02_120v	3668	5285
02_121r	3651	5285
02_121v	3650	5285
02_122r	3669	5285
02_122v	3626	5285
02_123r	3693	5285
02_123v	3624	5285
02_124r	3695	5285
02_124v	3612	5285
02_125r	3707	5285
02_125v	3630	5285
02_126r	3689	5285
02_126v	3622	5285
02_127r	3697	5285
02_127v	3626	5285
02_128r	3693	5285
02_128v	3640	5285
02_129r	3679	5285
02_129v	3644	5285
02_130r	3675	5285
02_130v	3630	5285
02_131r	3689	5285
02_131v	3646	5285
02_132r	3673	5285
02_132v	3662	5285
02_133r	3735	5285
02_133v	3750	5285
02_134r	3647	5285
02_134v	3732	5285
02_135r	3665	5285
02_135v	3718	5285
02_136r	3679	5285
02_136v	3696	5285
02_137r	3701	5285
02_137v	3736	5285
02_138r	3661	5285
02_138v	3720	5285
02_139r	3677	5285
02_139v	3722	5285
02_140r	3936	5672
02_140v	3920	5708
02_141r	3927	5708
02_141v	3957	5708
02_142r	3557	5350
02_142v	3682	5321
02_143r	3687	5321
02_143v	3690	5321
02_144r	3679	5321
02_144v	3728	5321
02_145r	3641	5321
02_145v	3681	5307
02_146r	3645	5307
02_146v	3697	5307
02_147r	3629	5307
02_147v	3665	5307
02_148r	3661	5307
02_148v	3666	5307
02_149r	3660	5307
02_149v	3795	5307
02_150r	3531	5307
02_150v	3703	5307
02_151r	3623	5307
02_151v	3683	5307
02_152r	3643	5307
02_152v	3692	5329
02_153r	3634	5329
02_153v	3694	5329
02_154r	3632	5329
02_154v	3677	5329
02_155r	3649	5329
02_155v	5372	3685
02_156r	3641	5372
02_156v	3681	5372
02_157r	3645	5372
02_157v	3652	5372
02_158r	3674	5372
02_158v	3652	5372
02_159r	3674	5372
02_159v	3676	5372
02_160r	3650	5372
02_160v	3687	5372
02_161r	3639	5372
02_161v	3689	5264
02_162r	3637	5264
02_162v	5264	3692
02_163r	3634	5264
02_163v	3691	5264
02_164r	3635	5264
02_164v	5264	3700
02_165r	3626	5264
02_165v	3710	5264
02_166r	3616	5264
02_166v	3695	5264
02_167r	3631	5264
02_167v	3690	5264
02_168r	3636	5264
02_168v	3706	5264
02_169r	3620	5264
02_169v	3662	5264
02_170r	3728	5264
02_170v	3685	5264
02_171r	3705	5264
02_171v	3720	5264
02_172r	3670	5264
02_172v	3727	5264
02_173r	3663	5264
02_173v	3732	5264
02_174r	3658	5264
02_174v	3719	5264
02_175r	3671	5264
02_175v	3742	5207
02_176r	3648	5207
02_176v	3758	5207
02_177r	3632	5207
02_177v	3766	5207
02_178r	3624	5207
02_178v	3717	5207
02_179r	3673	5207
02_179v	3719	5207
02_180r	3671	5207
02_180v	3717	5236
02_181r	3673	5236
02_181v	3702	5236
02_182r	3688	5236
02_182v	3694	5243
02_183r	3696	5243
02_183v	3704	5243
02_184r	3686	5243
02_184v	3688	5243
02_185r	3702	5243
02_185v	3682	5243
02_186r	3708	5243
02_186v	3667	5243
02_187r	3723	5243
02_187v	3675	5243
02_188r	3715	5243
02_188v	3669	5286
02_189r	3721	5286
02_189v	3662	5286
02_190r	3728	5286
02_190v	5286	3626
02_191r	3621	5286
02_191v	3638	5286
02_192r	3609	5286
02_192v	3656	5286
02_193r	3591	5286
02_193v	3658	5286
02_194r	3589	5286
02_194v	5286	3668
02_195r	3579	5286
02_195v	3654	5286
02_196r	3593	5286
02_196v	5286	3666
02_197r	3581	5286
02_197v	5286	3666
02_198r	3581	5286
02_198v	3646	5286
02_199r	3601	5286
02_199v	3640	5286
02_200r	3607	5286
02_200v	3668	5286
02_201r	3579	5286
02_201v	5286	3668
03_001r	3807	5200
03_001v	3714	5250
03_002r	3754	5250
03_002v	3740	5250
03_003r	3728	5250
03_003v	3785	5250
03_004r	3683	5250
03_004v	3782	5250
03_005r	3686	5250
03_005v	3740	5250
03_006r	3728	5250
03_006v	3727	5250
03_007r	3741	5250
03_007v	3701	5250
03_008r	3767	5250
03_008v	3650	5250
03_009r	3818	5250
03_009v	3669	5250
03_010r	3735	5250
03_010v	3610	5250
03_011r	3794	5250
03_011v	3619	5250
03_012r	3785	5250
03_012v	3623	5250
03_013r	3781	5250
03_013v	5250	3652
03_014r	3717	5250
03_014v	3658	5250
03_015r	3711	5250
03_015v	3648	5250
03_016r	3721	5250
03_016v	3664	5250
03_017r	3705	5250
03_017v	3646	5250
03_018r	3723	5250
03_018v	3638	5250
03_019r	3731	5250
03_019v	3642	5250
03_020r	3727	5250
03_020v	3654	5250
03_021r	3715	5250
03_021v	3626	5250
03_022r	3743	5250
03_022v	3646	5250
03_023r	3723	5250
03_023v	3648	5250
03_024r	3721	5250
03_024v	3654	5250
03_025r	3715	5250
03_025v	3672	5250
03_026r	3697	5250
03_026v	3666	5250
03_027r	3703	5250
03_027v	5279	3735
03_028r	3713	5279
03_028v	3745	5279
03_029r	3703	5279
03_029v	3781	5279
03_030r	3667	5279
03_030v	3801	5279
03_031r	3647	5279
03_031v	3782	5279
03_032r	3666	5279
03_032v	3788	5222
03_033r	3660	5222
03_033v	3782	5222
03_034r	3666	5222
03_034v	3768	5222
03_035r	3680	5222
03_035v	3800	5222
03_036r	3648	5222
03_036v	3797	5222
03_037r	3651	5222
03_037v	3800	5222
03_038r	3648	5222
03_038v	3791	5222
03_039r	3657	5222
03_039v	3801	5207
03_040r	3647	5207
03_040v	3770	5207
03_041r	3678	5207
03_041v	3723	5207
03_042r	3725	5207
03_042v	3690	5264
03_043r	3758	5264
03_043v	3691	5264
03_044r	3757	5264
03_044v	3707	5264
03_045r	3783	5264
03_045v	3720	5264
03_046r	3770	5264
03_046v	3765	5264
03_047r	3783	5264
03_047v	3778	5264
03_048r	3770	5264
03_048v	3781	5264
03_049r	3767	5264
03_049v	3782	5264
03_050r	3766	5264
03_050v	3781	5264
03_051r	3767	5264
03_051v	3766	5264
03_052r	3782	5264
03_052v	3757	5264
03_053r	3791	5264
03_053v	3762	5264
03_054r	3786	5264
03_054v	3757	5264
03_055r	3791	5264
03_055v	3754	5264
03_056r	3794	5264
03_056v	3759	5264
03_057r	3789	5264
03_057v	3759	5264
03_058r	3789	5264
03_058v	3777	5264
03_059r	3771	5264
03_059v	3772	5264
03_060r	3776	5264
03_060v	3773	5264
03_061r	3775	5264
03_061v	3771	5264
03_062r	3777	5264
03_062v	3776	5264
03_063r	3772	5264
03_063v	3773	5264
03_064r	3775	5264
03_064v	3776	5264
03_065r	3772	5264
03_065v	3794	5264
03_066r	3754	5264
03_066v	3775	5264
03_067r	3773	5264
03_067v	3784	5264
03_068r	3764	5264
03_068v	3781	5264
03_069r	3767	5264
03_069v	3780	5264
03_070r	3768	5264
03_070v	3791	5264
03_071r	3757	5264
03_071v	3788	5264
03_072r	3760	5264
03_072v	3789	5264
03_073r	3759	5264
03_073v	3801	5264
03_074r	3747	5264
03_074v	3814	5264
03_075r	3734	5264
03_075v	3938	5264
03_076r	3660	5264
03_076v	3954	5264
03_077r	3644	5264
03_077v	3996	5264
03_078r	3602	5264
03_078v	3852	5264
03_079r	3631	5264
03_079v	3852	5264
03_080r	3631	5264
03_080v	3830	5264
03_081r	3653	5264
03_081v	3826	5264
03_082r	3657	5264
03_082v	3818	5285
03_083r	3665	5285
03_083v	3812	5285
03_084r	3671	5285
03_084v	3804	5285
03_085r	3679	5285
03_085v	3798	5285
03_086r	3685	5285
03_086v	3798	5285
03_087r	3685	5285
03_087v	3784	5285
03_088r	3699	5285
03_088v	3752	5285
03_089r	3731	5285
03_089v	3738	5285
03_090r	3745	5285
03_090v	3726	5285
03_091r	3757	5285
03_091v	3694	5285
03_092r	3789	5285
03_092v	3720	5285
03_093r	3763	5285
03_093v	3700	5285
03_094r	3783	5285
03_094v	3708	5285
03_095r	3775	5285
03_095v	3684	5300
03_096r	3799	5300
03_096v	3686	5300
03_097r	3747	5300
03_097v	3716	5300
03_098r	3738	5300
03_098v	3716	5300
03_099r	3738	5300
03_099v	3699	5300
03_100r	3755	5300
03_100v	3711	5300
03_101r	3757	5300
03_101v	3692	5300
03_102r	3776	5300
03_102v	3681	5300
03_103r	3787	5300
03_103v	3674	5300
03_104r	3751	5300
03_104v	3670	5300
03_105r	3755	5300
03_105v	3674	5300
03_106r	3751	5300
03_106v	3666	5300
03_107r	3759	5300
03_107v	3668	5300
03_108r	3757	5300
03_108v	3664	5300
03_109r	3761	5300
03_109v	3654	5300
03_110r	3771	5300
03_110v	3666	5300
03_111r	3759	5300
03_111v	3682	5336
03_112r	3743	5336
03_112v	3674	5336
03_113r	3751	5336
03_113v	3656	5336
03_114r	3769	5336
03_114v	3668	5336
03_115r	3757	5336
03_115v	3666	5336
03_116r	3759	5336
03_116v	3686	5336
03_117r	3739	5336
03_117v	3705	5336
03_118r	3777	5336
03_118v	3740	5336
03_119r	3742	5336
03_119v	3748	5336
03_120r	3734	5336
03_120v	3742	5336
03_121r	3740	5336
03_121v	3751	5307
03_122r	3731	5307
03_122v	3739	5307
03_123r	3743	5307
03_123v	3767	5307
03_124r	3715	5307
03_124v	3759	5307
03_125r	3723	5307
03_125v	3785	5307
03_126r	3697	5307
03_126v	3766	5307
03_127r	3716	5307
03_127v	3793	5307
03_128r	3689	5307
03_128v	3784	5307
03_129r	3698	5307
03_129v	3795	5307
03_130r	3687	5307
03_130v	3794	5307
03_131r	3688	5307
03_131v	3788	5307
03_132r	3694	5307
03_132v	3790	5307
03_133r	3692	5307
03_133v	3796	5307
03_134r	3686	5307
03_134v	3793	5307
03_135r	3689	5307
03_135v	3800	5307
03_136r	3682	5307
03_136v	3800	5307
03_137r	3682	5307
03_137v	3802	5307
03_138r	3680	5307
03_138v	3817	5307
03_139r	3665	5307
03_139v	3809	5307
03_140r	3673	5307
03_140v	3805	5307
03_141r	3677	5307
03_141v	3812	5307
03_142r	3670	5307
03_142v	3814	5307
03_143r	3668	5307
03_143v	3811	5307
03_144r	3671	5307
03_144v	3748	5307
03_145r	3677	5307
03_145v	3744	5307
03_146r	3681	5307
03_146v	5307	3758
03_147r	3667	5307
03_147v	3744	5307
03_148r	3681	5307
03_148v	3738	5307
03_149r	3687	5307
03_149v	3746	5307
03_150r	3679	5307
03_150v	5307	3750
03_151r	3675	5307
03_151v	3742	5307
03_152r	3683	5307
03_152v	3740	5307
03_153r	3685	5307
03_153v	3754	5307
03_154r	3671	5307
03_154v	5307	3748
03_155r	3677	5307
03_155v	3754	5307
03_156r	3671	5307
03_156v	3754	5307
03_157r	3671	5307
03_157v	3756	5307
03_158r	3669	5307
03_158v	3752	5307
03_159r	3673	5307
03_159v	3770	5307
03_160r	3655	5307
03_160v	3784	5307
03_161r	3641	5307
03_161v	3780	5307
03_162r	3645	5307
03_162v	3780	5307
03_163r	3645	5307
03_163v	3784	5307
03_164r	3641	5307
03_164v	3772	5307
03_165r	3653	5307
03_165v	3782	5307
03_166r	3643	5307
03_166v	3784	5307
03_167r	3641	5307
03_167v	3790	5307
03_168r	3635	5307
03_168v	3778	5307
03_169r	3647	5307
03_169v	5307	3701
03_170r	3653	5307
03_170v	5321	3764
03_171r	3740	5321
03_171v	3788	5321
03_172r	3716	5321
03_172v	3781	5321
03_173r	3723	5321
03_173v	3783	5321
03_174r	3721	5321
03_174v	3791	5321
03_175r	3713	5321
03_175v	3948	5321
03_176r	3556	5321
03_176v	3791	5321
03_177r	3713	5321
03_177v	3823	5321
03_178r	3681	5321
03_178v	3865	5321
03_179r	3639	5321
03_179v	3829	5321
03_180r	3675	5321
03_180v	3836	5321
03_181r	3668	5321
03_181v	3833	5321
03_182r	3671	5321
03_182v	3813	5321
03_183r	3691	5321
03_183v	3833	5321
03_184r	3671	5321
03_184v	3800	5321
03_185r	3704	5321
03_185v	3800	5321
03_186r	3704	5321
03_186v	3740	5321
03_187r	3764	5321
03_187v	3732	5321
03_188r	3772	5321
03_188v	3729	5321
03_189r	3775	5321
03_189v	3793	5321
03_190r	3793	5322
03_190v	3728	5321
03_191r	3776	5321
03_191v	3752	5321
03_192r	3752	5321
03_192v	3731	5321
03_193r	3773	5321
03_193v	3738	5321
03_194r	3766	5321
03_194v	3761	5321
03_195r	3743	5321
03_195v	3754	5321
03_196r	3750	5321
03_196v	3759	5321
03_197r	3745	5321
03_197v	3760	5321
03_198r	3744	5321
03_198v	3778	5321
03_199r	3726	5321
03_199v	3767	5321
03_200r	3737	5321
03_200v	3767	5321
03_201r	3737	5321
03_201v	3769	5321
03_202r	3735	5321
03_202v	3777	5321
03_203r	3727	5321
03_203v	3750	5321
03_204r	3754	5321
03_204v	3732	5321
03_205r	3772	5321
03_205v	3720	5321
03_206r	3784	5321
03_206v	3713	5321
03_207r	3791	5321
03_207v	3717	5321
03_208r	3787	5321
03_208v	3711	5321
03_209r	3793	5321
03_209v	3706	5321
03_210r	3798	5321
03_210v	3699	5321
03_211r	3805	5321
03_211v	3724	5321
03_212r	3780	5321
03_212v	3703	5321
03_213r	3801	5321
03_213v	3735	5321
03_214r	3769	5321
03_214v	3762	5321
03_215r	3742	5321
03_215v	3795	5321
03_216r	3709	5321
03_216v	3797	5321
03_217r	3707	5321
03_217v	3819	5321
03_218r	3685	5321
03_218v	3796	5321
03_219r	3708	5321
03_219v	3751	5321
03_220r	3753	5321
03_220v	3742	5321
03_221r	3762	5321
03_221v	3718	5321
03_222r	3780	5321
03_222v	3723	5321
03_223r	3775	5321
03_223v	3695	5321
03_224r	3803	5321
03_224v	3776	5321
03_225r	3786	5321
03_225v	3762	5321
03_226r	3800	5321
03_226v	3784	5321
03_227r	3778	5321
03_227v	3763	5321
03_228r	3799	5321
03_228v	3757	5321
03_229r	3805	5321
03_229v	3761	5321
03_230r	3801	5321
03_230v	3708	5321
03_231r	3854	5321
03_231v	3707	5321
03_232r	3855	5321
03_232v	3720	5321
03_233r	3842	5321
03_233v	3732	5321
03_234r	3772	5321
03_234v	3702	5321
03_235r	3802	5321
03_235v	3703	5321
03_236r	3801	5321
03_236v	3697	5321
03_237r	3807	5321
03_237v	5321	3748
03_238r	3756	5321
03_238v	3635	5321
03_239r	3869	5321
03_239v	3682	5350
03_240r	3751	5350
03_240v	3708	5350
03_241r	3725	5350
03_241v	5350	3698
03_242r	3735	5350
03_242v	5350	3684
03_243r	3749	5350
03_243v	3682	5350
03_244r	3751	5350
03_244v	3672	5350
03_245r	3761	5350
03_245v	3668	5350
03_246r	3765	5350
03_246v	3668	5350
03_247r	3765	5350
03_247v	3672	5350
03_248r	3761	5350
03_248v	3650	5350
03_249r	3783	5350
03_249v	3650	5350
03_250r	3783	5350
03_250v	3708	5378
03_251r	3725	5378
03_251v	3806	5378
03_252r	3727	5378
03_252v	3812	5378
03_253r	3721	5378
03_253v	3786	5378
03_254r	3747	5378
03_254v	3778	5378
03_255r	3755	5378
03_255v	3772	5378
03_256r	3761	5378
03_256v	5378	3776
03_257r	3757	5378
03_257v	3808	5378
03_258r	3725	5378
03_258v	3768	5393
03_259r	3672	5393
03_259v	3822	5393
03_260r	3618	5393
03_260v	3812	5393
03_261r	3628	5393
03_261v	5393	3797
03_262r	3643	5393
03_262v	5393	3806
03_263r	3634	5393
03_263v	3816	5393
03_264r	3624	5393
03_264v	3778	5393
03_265r	3662	5393
03_265v	5393	3816
03_266r	3624	5393
03_266v	3757	5393
03_267r	3683	5393
03_267v	3750	5393
03_268r	3690	5393
03_268v	3735	5393
03_269r	3705	5393
03_269v	5393	3640
03_270r	3600	5393
03_270v	3629	5393
03_271r	3611	5393
03_271v	3652	5393
03_272r	3588	5393
03_272v	3608	5393
03_273r	3632	5393
03_273v	5393	3602
03_274r	3638	5393
03_274v	3614	5393
03_275r	3626	5393
03_275v	5393	3657
03_276r	3583	5393
03_276v	3585	5393
03_277r	3655	5393
03_277v	3588	5393
03_278r	3652	5393
03_278v	3586	5393
03_279r	3654	5393
03_279v	5393	3597
03_280r	3643	5393
03_280v	5393	3574
03_281r	3666	5393
03_281v	3679	5393
03_282r	3683	5393
03_282v	3681	5393
03_283r	3681	5393
03_283v	3659	5393
03_284r	3703	5393
03_284v	5393	3682
03_285r	3680	5393
03_285v	3620	5393
03_286r	3598	5393
03_286v	3620	5393
03_287r	3598	5393
03_287v	3617	5393
03_288r	3601	5393
03_288v	5393	3600
03_289r	3618	5393
03_289v	3583	5393
03_290r	3635	5393
03_290v	5393	3607
03_291r	3611	5393
03_291v	3605	5393
03_292r	3613	5393
03_292v	3593	5393
03_293r	3625	5393
03_293v	3604	5393
03_294r	3614	5393
03_294v	5393	3584
03_295r	3634	5393
03_295v	3568	5393
03_296r	3650	5393
03_296v	5393	3584
03_297r	3634	5393
03_297v	3598	5393
03_298r	3620	5393
03_298v	3597	5393
03_299r	3621	5393
03_299v	3559	5393
03_300r	3659	5393
03_300v	5393	3564
03_301r	3654	5393
03_301v	3517	5393
03_302r	3701	5393
03_302v	3599	5393
03_303r	3655	5393
03_303v	3633	5393
03_304r	3621	5393
03_304v	3658	5393
03_305r	3596	5393
03_305v	5393	3643
03_306r	3611	5393
03_306v	5393	3626
03_307r	3628	5393
03_307v	3634	5393
03_308r	3620	5393
03_308v	3636	5393
03_309r	3633	5393
03_309v	3598	5393
03_310r	3671	5393
03_310v	3568	5393
03_311r	3701	5393
03_311v	3630	5393
03_312r	3595	5393
03_312v	3616	5393
03_313r	3609	5393
03_313v	3626	5393
03_314r	3599	5393
03_314v	3602	5393
03_315r	3623	5393
03_315v	3620	5393
03_316r	3605	5393
03_316v	3630	5386
03_317r	3645	5386
03_317v	3638	5386
03_318r	3637	5386
03_318v	3628	5386
03_319r	3647	5386
03_319v	3662	5386
03_320r	3635	5386
03_320v	3640	5415
03_321r	3657	5415
03_321v	3646	5415
03_322r	3651	5415
03_322v	3647	5386
03_323r	3579	5386
03_323v	3637	5372
03_324r	3589	5372
03_324v	3628	5372
03_325r	3598	5372
03_325v	3623	5372
03_326r	3603	5372
03_326v	3680	5371
03_327r	3575	5371
03_327v	3680	5371
03_328r	3575	5371
03_328v	3712	5371
03_329r	3543	5371
03_329v	3712	5371
03_330r	3543	5371
03_330v	3720	5371
04_001r	2968	3970
04_001v	2856	3970
04_002r	3006	3970
04_002v	2856	3970
04_003r	3006	3970
04_003v	2856	3970
04_004r	3006	3970
04_004v	2856	3970
04_005r	3006	3970
04_005v	2856	3970
04_006r	3006	3970
04_006v	2856	3970
04_007r	3006	3970
04_007v	2856	3970
04_008r	3006	3970
04_008v	2856	3970
04_009r	3006	3970
04_009v	2893	3970
04_010r	3043	3970
04_010v	2893	3970
04_011r	3043	3970
04_011v	2861	3970
04_012r	3011	3970
04_012v	2861	3970
04_013r	3011	3970
04_013v	2861	3970
04_014r	3011	3970
04_014v	2861	3970
04_015r	3011	3970
04_015v	2861	3970
04_016r	3011	3970
04_016v	2861	3970
04_017r	3011	3970
04_017v	2861	3970
04_018r	3011	3970
04_018v	2891	3970
04_019r	2981	3970
04_019v	2891	3970
04_020r	2981	3970
04_020v	2891	3970
04_021r	2981	3970
04_021v	2891	3970
04_022r	2981	3970
04_022v	2891	3970
04_023r	2981	3970
04_023v	3970	2891
04_024r	2981	3970
04_024v	2891	3970
04_025r	2981	3970
04_025v	3970	2891
04_026r	2981	3970
04_026v	3970	2891
04_027r	2981	3970
04_027v	2891	3970
04_028r	2981	3970
04_028v	2891	3970
04_029r	2981	3970
04_029v	2891	3970
04_030r	2981	3970
04_030v	2923	3970
04_031r	3013	3970
04_031v	2923	3970
04_032r	3013	3970
04_032v	2923	3970
04_033r	3013	3970
04_033v	2923	3970
04_034r	3013	3970
04_034v	2923	3970
04_035r	3013	3970
04_035v	2923	3970
04_036r	3013	3970
04_036v	2923	3970
04_037r	3013	3970
04_037v	2923	3970
04_038r	3013	3970
04_038v	2923	3970
04_039r	3013	3970
04_039v	2923	3970
04_040r	3013	3970
04_040v	2923	3970
04_041r	3013	3970
04_041v	2923	3970
04_042r	3013	3970
04_042v	2923	3970
04_043r	3013	3970
04_043v	2923	3970
04_044r	3013	3970
04_044v	2987	3970
04_045r	2988	3970
04_045v	2987	3970
04_046r	2988	3970
04_046v	2987	3970
04_047r	2988	3970
04_047v	3970	2987
04_048r	2988	3970
04_048v	2987	3970
04_049r	2988	3970
04_049v	2987	3970
04_050r	2988	3970
04_050v	2987	3970
04_051r	2988	3970
04_051v	2987	3970
04_052r	2988	3970
04_052v	2987	3970
04_053r	2988	3970
04_053v	2987	3970
04_054r	2988	3970
04_054v	2987	3970
04_055r	2988	3970
04_055v	2987	3970
04_056r	2988	3970
04_056v	2987	3970
04_057r	2987	3970
04_057v	2987	3970
04_058r	2987	3970
04_058v	2987	3970
04_059r	2987	3970
04_059v	2987	3970
04_060r	2987	3970
04_060v	2987	3970
04_061r	2987	3970
04_061v	2987	3970
04_062r	2987	3970
04_062v	2987	3970
04_063r	2987	3970
04_063v	2987	3970
04_064r	2987	3970
04_064v	2987	3970
04_065r	2987	3970
04_065v	2987	3970
04_066r	2987	3970
04_066v	2987	3970
04_067r	2987	3970
04_067v	3970	2987
04_068r	2987	3970
04_068v	2987	3970
04_069r	2987	3970
04_069v	2987	3970
04_070r	2987	3970
04_070v	2987	3970
04_071r	2987	3970
04_071v	2987	3970
04_072r	2987	3970
04_072v	2987	3970
04_073r	2987	3970
04_073v	2987	3970
04_074r	2987	3970
04_074v	3970	2987
04_075r	2987	3970
04_075v	2987	4044
04_076r	2987	4044
04_076v	4044	2987
04_077r	2987	4044
04_077v	2987	4044
04_078r	2987	4044
04_078v	4044	2987
04_079r	2987	4044
04_079v	2987	4044
04_080r	2987	4044
04_080v	2987	4044
04_081r	2987	4044
04_081v	2987	4044
04_082r	2987	4044
04_082v	4044	2987
04_083r	2987	4044
04_083v	2987	4044
04_084r	2987	4044
04_084v	2987	4044
04_085r	2987	4044
04_085v	2987	4044
04_086r	2987	4044
04_086v	2987	4044
04_087r	2987	4044
04_087v	2987	4044
04_088r	2987	4044
04_088v	4044	2987
04_089r	2987	4044
04_089v	2987	4044
04_090r	2987	4044
04_090v	2987	4044
04_091r	2987	4044
04_091v	2987	4044
04_092r	2987	4044
04_092v	3047	4045
04_093r	2927	4045
04_093v	3047	4045
04_094r	2927	4045
04_094v	3047	4045
04_095r	2927	4045
04_095v	3047	4045
04_096r	2927	4045
04_096v	3017	4045
04_097r	2957	4045
04_097v	3017	4045
04_098r	2957	4045
04_098v	4045	3017
04_099r	2957	4045
04_099v	4045	3017
04_100r	2957	4045
04_100v	3060	4040
04_101r	3031	4040
04_101v	3060	4040
04_102r	3031	4040
04_102v	3060	4040
04_103r	3031	4040
04_103v	4040	3060
04_104r	3031	4040
04_104v	3060	4040
04_105r	3031	4040
04_105v	3060	4040
04_106r	3031	4040
04_106v	3060	4040
04_107r	3031	4040
04_107v	3060	4040
04_108r	3031	4040
04_108v	3060	4040
04_109r	3031	4040
04_109v	3060	4040
04_110r	3031	4040
04_110v	3060	4040
04_111r	3031	4040
04_111v	3045	4040
04_112r	3046	4040
04_112v	3045	4040
04_113r	3046	4040
04_113v	3045	4040
04_114r	3046	4040
04_114v	3045	4040
04_115r	3046	4040
04_115v	3045	4040
04_116r	3046	4040
04_116v	3045	4040
04_117r	3046	4040
04_117v	3045	4040
04_118r	3046	4040
04_118v	3045	4040
04_119r	3046	4040
04_119v	3045	4040
04_120r	3046	4040
04_120v	3045	4040
04_121r	3046	4040
04_121v	3045	4040
04_122r	3046	4040
04_122v	2958	4040
04_123r	3048	4040
04_123v	4040	2958
04_124r	3048	4040
04_124v	2958	4040
04_125r	3048	4040
04_125v	2958	4040
04_126r	3048	4040
04_126v	2958	4040
04_127r	3048	4040
04_127v	2958	4040
04_128r	3048	4040
04_128v	2958	4040
04_129r	3048	4040
04_129v	2958	4040
04_130r	3048	4040
04_130v	2958	4040
04_131r	3048	4040
04_131v	2958	4040
04_132r	3048	4040
04_132v	2958	4040
04_133r	3048	4040
04_133v	2958	4040
04_134r	3048	4040
04_134v	4040	2958
04_135r	3048	4040
04_135v	2958	4040
04_136r	3048	4040
04_136v	2958	4040
04_137r	3048	4040
04_137v	3003	4040
04_138r	3094	4040
04_138v	3003	4040
04_139r	3094	4040
04_139v	4040	3003
04_140r	3094	4040
04_140v	3003	4040
04_141r	3094	4040
04_141v	3003	4040
04_142r	3094	4040
04_142v	3003	4040
04_143r	3094	4040
04_143v	3003	4040
04_144r	3094	4040
04_144v	3003	4040
04_145r	3094	4040
04_145v	2972	4040
04_146r	3061	4040
04_146v	2972	4040
04_147r	3061	4040
04_147v	4040	2972
04_148r	3061	4040
04_148v	2972	4040
04_149r	3061	4040
04_149v	2972	4040
04_150r	3061	4040
04_150v	2972	4040
04_151r	3061	4040
04_151v	3072	4040
04_152r	3042	4040
04_152v	3072	4040
04_153r	3042	4040
04_153v	3072	4040
04_154r	3042	4040
04_154v	3072	4040
04_155r	3042	4040
04_155v	3072	4040
04_156r	3042	4040
04_156v	3072	4061
04_157r	3042	4061
04_157v	3072	4061
04_158r	3042	4061
04_158v	3072	4061
04_159r	3042	4061
04_159v	3072	4061
04_160r	3042	4061
04_160v	3072	4061
04_161r	3042	4061
04_161v	3072	4061
04_162r	3042	4061
04_162v	3072	4061
04_163r	3042	4061
04_163v	3072	4061
04_164r	3042	4061
04_164v	3072	4061
04_165r	3042	4061
04_165v	3072	4061
04_166r	3042	4061
04_166v	3008	4061
04_167r	2977	4061
04_167v	3008	4061
04_168r	2977	4061
04_168v	3008	4061
04_169r	2977	4061
04_169v	3008	4061
04_170r	2977	4061
04_170v	3008	4061
04_171r	2977	4061
04_171v	3008	4061
04_172r	2977	4061
04_172v	3008	4061
04_173r	2977	4061
04_173v	3029	4061
04_174r	2999	4061
04_174v	3029	4061
04_175r	2999	4061
04_175v	3029	4061
04_176r	2999	4061
04_176v	3029	4061
04_177r	2999	4061
04_177v	3029	4061
04_178r	2999	4061
04_178v	3029	4061
04_179r	2999	4061
04_179v	3029	4061
04_180r	2999	4061
04_180v	3029	4061
04_181r	2999	4061
04_181v	3029	4061
04_182r	2999	4061
04_182v	3029	4061
04_183r	2999	4061
04_183v	3029	4061
04_184r	2999	4061
04_184v	3029	4061
04_185r	2999	4061
04_185v	3029	4061
04_186r	2999	4061
04_186v	3029	4061
04_187r	2999	4061
04_187v	3029	4061
04_188r	2999	4061
04_188v	3029	4061
04_189r	2999	4061
04_189v	3029	4061
04_190r	2999	4061
04_190v	3029	4061
04_191r	2999	4061
04_191v	3029	4061
04_192r	2999	4061
04_192v	3029	4061
04_193r	2999	4061
04_193v	3029	4061
04_194r	2999	4061
04_194v	3029	4061
04_195r	2999	4061
04_195v	3029	4061
04_196r	2999	4061
04_196v	3029	4061
04_197r	2998	4061
04_197v	3029	4061
04_198r	2998	4061
04_198v	3029	4061
04_199r	2998	4061
04_199v	3029	4061
04_200r	2999	4061
04_200v	3029	4061
04_201r	2999	4061
04_201v	3029	4061
04_202r	2999	4061
04_202v	3029	4061
04_203r	2999	4061
04_203v	3029	4061
04_204r	2999	4061
04_204v	3029	4061
04_205r	2999	4061
04_205v	2928	4023
04_206r	3019	4023
04_206v	2928	3938
04_207r	3018	3938
04_207v	2928	3938
04_208r	3018	3938
04_208v	2928	3938
04_209r	3018	3938
04_209v	2928	3938
04_210r	3018	3938
04_210v	2928	3938
04_211r	3018	3938
04_211v	2928	3938
04_212r	3018	3938
04_212v	2928	3938
04_213r	3018	3938
04_213v	2928	3938
04_214r	3018	3938
04_214v	2928	3938
04_215r	3018	3938
04_215v	2928	3938
04_216r	3018	3938
04_216v	2928	3938
04_217r	3018	3938
04_217v	2928	3938
04_218r	3018	3938
04_218v	4174	2928
04_219r	3018	4174
04_219v	2928	4174
04_220r	3018	4174
04_220v	4174	2928
04_221r	3018	4174
04_221v	2928	4008
04_222r	3019	4008
04_222v	2928	4008
04_223r	3019	4008
04_223v	2928	4008
04_224r	3019	4008
04_224v	2928	4008
04_225r	3019	4008
04_225v	2928	4008
04_226r	3019	4008
04_226v	2928	4008
04_227r	3019	4008
04_227v	2928	4008
04_228r	3019	4008
04_228v	2928	4008
04_229r	3019	4008
04_229v	2928	4008
04_230r	3019	4008
04_230v	2976	4008
04_231r	3036	4008
04_231v	2976	4008
04_232r	3036	4008
04_232v	2976	4008
04_233r	3036	4008
04_233v	2976	4008
04_234r	3036	4008
04_234v	2976	4008
04_235r	3036	4008
04_235v	2976	4008
04_236r	3036	4008
04_236v	2976	4008
04_237r	3036	4008
04_237v	2976	4008
04_238r	3036	4008
04_238v	2976	4008
04_239r	3036	4008
04_239v	2976	4008
04_240r	3036	4008
04_240v	2976	4008
04_241r	3036	4008
04_241v	4008	2976
04_242r	3036	4008
04_242v	2976	4008
04_243r	3036	4008
04_243v	2976	4008
04_244r	3036	4008
04_244v	2976	4008
04_245r	3036	4008
04_245v	2976	4008
04_246r	3036	4008
04_246v	4008	2976
04_247r	3036	4008
04_247v	4008	2976
04_248r	3036	4008
04_248v	2976	4008
04_249r	3036	4008
04_249v	2976	4008
04_250r	3036	4008
04_250v	2976	4008
04_251r	3036	4008
04_251v	4008	2976
04_252r	3036	4008
04_252v	2976	4008
04_253r	3036	4008
04_253v	2976	4008
04_254r	3036	4008
04_254v	2976	4008
04_255r	3036	4008
04_255v	4008	2976
04_256r	3036	4008
04_256v	2976	4008
04_257r	3036	4008
04_257v	2901	4008
04_258r	3111	4008
04_258v	2901	4008
04_259r	3111	4008
04_259v	2901	4008
04_260r	3111	4008
04_260v	2901	4008
04_261r	3111	4008
04_261v	2901	4008
04_262r	3111	4008
04_262v	2901	4008
04_263r	3111	4008
04_263v	2901	4008
04_264r	3111	4008
04_264v	4008	2901
04_265r	3111	4008
04_265v	4008	2901
04_266r	3111	4008
04_266v	4008	2901
04_267r	3111	4008
04_267v	4008	2901
04_268r	3111	4008
04_268v	2901	4008
04_269r	3111	4008
04_269v	2901	4008
04_270r	3111	4008
04_270v	2901	4008
04_271r	3111	4008
04_271v	2901	4008
04_272r	3111	4008
04_272v	2901	4008
04_273r	3111	4008
04_273v	2901	4008
04_274r	3111	4008
04_274v	2901	4008
04_275r	3111	4008
04_275v	2901	4008
04_276r	3111	4008
04_276v	2901	4008
04_277r	3111	4008
04_277v	2901	4008
04_278r	3111	4008
04_278v	4008	2901
04_279r	3111	4008
04_279v	2901	4008
04_280r	3111	4008
04_280v	2901	4008
04_281r	3111	4008
04_281v	2901	4008
04_282r	3111	4008
04_282v	2901	4008
04_283r	3111	4008
04_283v	2901	4008
04_284r	3111	4008
04_284v	4008	2901
04_285r	3111	4008
04_285v	2901	4008
04_286r	3111	4008
04_286v	2901	4008
04_287r	3111	4008
04_287v	2901	4008
04_288r	3111	4008
04_288v	2901	4008
04_289r	3111	4008
04_289v	4008	2901
04_290r	3111	4008
04_290v	2901	4008
04_291r	3111	4008
04_291v	2901	4008
04_292r	3111	4008
04_292v	2901	4008
04_293r	3111	4008
04_293v	2901	4008
04_294r	3111	4008
04_294v	2901	4008
04_295r	3111	4008
04_295v	2901	4008
04_296r	3111	4008
04_296v	2901	4008
04_297r	3111	4008
04_297v	2901	4008
04_298r	3111	4008
04_298v	2883	4008
04_299r	3033	4008
04_299v	2883	4008
04_300r	3033	4008
04_300v	2943	4008
04_301r	2973	4008
04_301v	2943	4008
04_302r	2973	4008
04_302v	2943	4008
04_303r	2973	4008
04_303v	4008	2943
04_304r	2973	4008
04_304v	4008	2943
04_305r	2973	4008
04_305v	2943	4008
04_306r	2973	4008
04_306v	2943	4008
04_307r	2973	4008
04_307v	2943	4008
04_308r	2973	4008
04_308v	2943	4008
04_309r	2973	4008
04_309v	2945	4008
04_310r	2976	4008
04_310v	4008	2945
04_311r	2976	4008
04_311v	2945	4008
04_312r	2976	4008
04_312v	4008	2945
04_313r	2976	4008
04_313v	3047	4008
04_314r	3077	4008
04_314v	3047	4008
04_315r	3077	4008
04_315v	4067	2988
04_316r	3018	4067
04_316v	2988	4067
04_317r	3018	4067
04_317v	2988	4067
04_318bisr	3018	4067
04_318bisv	2988	4067
04_318r	3018	4067
04_318v	2988	4067
04_319r	3018	4067
04_319v	2988	4067
04_320r	3018	4067
04_320v	2988	4067
04_321r	3018	4067
04_321v	2988	4067
04_322r	3018	4067
04_322v	2988	4067
04_323r	3018	4067
04_323v	2988	4067
04_324r	3018	4067
04_324v	2988	4067
04_325r	3018	4067
04_325v	2988	4067
04_326r	3018	4067
04_326v	2988	4067
04_327r	3018	4067
04_327v	2834	4067
04_328r	3044	4067
04_328v	2834	4067
04_329r	3044	4067
04_329v	2834	4067
04_330r	3044	4067
04_330v	2834	4067
04_331r	3044	4067
04_331v	2834	4067
04_332r	3044	4067
04_332v	2834	4067
04_333r	3044	4067
04_333v	2834	4067
04_334r	3044	4067
04_334v	2834	4067
04_335r	3044	4067
04_335v	2834	4067
04_336r	3044	4067
04_336v	2834	4067
04_337r	3044	4067
04_337v	4067	2834
04_338r	3044	4067
04_338v	4067	2834
04_339r	3044	4067
04_339v	2834	4067
04_340r	3044	4067
04_340v	4067	2834
04_341r	3044	4067
04_341v	2918	3917
04_342r	2917	3917
04_342v	2834	4067
04_343r	3044	4067
04_343v	2834	4067
04_344r	3044	4067
04_344v	2834	4067
04_345r	3044	4067
04_345v	2834	4067
04_346r	3044	4067
04_346v	2834	4067
04_347r	3044	4067
04_347v	2834	4067
04_348r	3044	4067
04_348v	4067	2834
04_349r	3044	4067
04_349v	2834	4067
04_350r	3044	4067
04_350v	2834	4067
04_351r	3044	4067
04_351v	2834	4067
04_352r	3044	4067
04_352v	4067	2834
04_353r	3043	4067
04_353v	4067	2834
04_354r	3043	4067
04_354v	2834	4067
04_355r	3043	4067
04_355v	2834	4067
04_356r	3043	4067
04_356v	2834	4067
04_357r	3043	4067
04_357v	2834	4067
04_358r	3043	4067
04_358v	4067	2834
04_359r	3043	4067
04_359v	4067	2834
04_360r	3043	4067
04_360v	2834	4067
04_361r	3043	4067
04_361v	2834	4067
04_362r	3043	4067
04_362v	2834	4067
04_363r	3043	4067
04_363v	2834	4067
04_364r	3043	4067
04_364v	2864	4067
04_365r	3013	4067
04_365v	4067	2864
04_366r	3013	4067
04_366v	2864	4067
04_367r	3013	4067
04_367v	2864	4067
04_368r	3013	4067
04_368v	2864	4067
04_369r	3013	4067
04_369v	4067	2864
04_370r	3013	4067
04_370v	2864	4067
04_371r	3013	4067
04_371v	2864	4067
04_372r	3013	4067
04_372v	2864	4067
04_373r	3013	4067
04_373v	2942	4067
04_374r	2973	4067
04_374v	2942	4067
04_375r	2973	4067
04_375v	2942	4067
04_376r	2973	4067
04_376v	2942	4067
04_377r	2973	4067
04_377v	2942	4067
04_378r	2973	4067
04_378v	2942	4067
04_379r	2973	4067
04_379v	2942	4067
04_380r	2973	4067
04_380v	2942	4067
04_381r	2973	4067
04_381v	2942	4067
04_382r	2973	4067
04_382v	2942	4067
04_383r	2973	4067
04_383v	2942	4067
04_384r	2973	4067
04_384v	2942	4067
04_385r	2973	4067
04_385v	2942	4067
04_386r	2973	4067
04_386v	2942	4067
04_387r	2973	4067
04_387v	2942	4067
04_388r	2973	4067
04_388v	2942	4067
04_389r	2973	4067
04_389v	2942	4067
04_390r	2973	4067
04_390v	2942	4067
04_391r	2973	4067
04_391v	2942	4067
04_392r	2973	4067
04_392v	2942	4067
04_393bisr	2973	4067
04_393bisv	2942	4067
04_393r	2973	4067
04_393v	2942	4067
04_394r	2973	4067
04_394v	2942	4067
04_395r	2973	4067
04_395v	2942	4067
04_396r	2973	4067
04_396v	2942	4067
04_397r	2973	4067
04_397v	2942	4067
04_398r	2973	4067
04_398v	2942	4067
04_399r	2973	4067
04_399v	2942	4067
04_400bisr	2973	4067
04_400bisv	2942	4067
04_400r	2973	4067
04_400v	2942	4067
05_001r	2916	4122
05_001v	2778	3918
05_002r	2880	3900
05_002v	2778	3918
05_003r	2880	3900
05_003v	2778	3918
05_004r	2880	3900
05_004v	3918	2778
05_005r	2880	3900
05_005v	2778	3900
05_006r	2880	3900
05_006v	2748	3900
05_007r	2976	3900
05_007v	2748	3900
05_008r	2976	3900
05_008v	2748	3900
05_009r	2976	3900
05_009v	2808	3900
05_010r	2964	3900
05_010v	3900	2808
05_011r	2964	3900
05_011v	2808	3900
05_012r	2964	3900
05_012v	2808	3900
05_013r	2964	3900
05_013v	2808	3900
05_014r	2964	3900
05_014v	2808	3900
05_015r	2964	3900
05_015v	2808	3900
05_016r	2964	3900
05_016v	3900	2808
05_017r	2964	3900
05_017v	2808	3900
05_018r	2964	3900
05_018v	2808	3900
05_019r	2964	3900
05_019v	2808	3900
05_020r	2964	3900
05_020v	3900	2808
05_021r	2964	3900
05_021v	3900	2808
05_022r	2964	3900
05_022v	2808	3900
05_023r	2964	3900
05_023v	2808	3900
05_024r	2964	3900
05_024v	2868	3900
05_025r	2862	3900
05_025v	2868	3900
05_026r	2862	3900
05_026v	2868	3900
05_027r	2862	3900
05_027v	2868	3900
05_028r	2862	3900
05_028v	2868	3900
05_029r	2862	3900
05_029v	2868	3900
05_030r	2862	3900
05_030v	2868	3900
05_031r	2862	3900
05_031v	2868	3900
05_032r	2862	3900
05_032v	2868	3900
05_033r	2862	3900
05_033v	2868	3900
05_034r	2862	3900
05_034v	3900	2868
05_035r	2862	3900
05_035v	2868	3900
05_036r	2862	3900
05_036v	3900	2868
05_037r	2862	3900
05_037v	2868	3900
05_038r	2862	3900
05_038v	2868	3900
05_039r	2862	3900
05_039v	2940	3900
05_040r	2934	3900
05_040v	2940	3900
05_041r	2934	3900
05_041v	2940	3936
05_042r	2934	3930
05_042v	2940	3936
05_043r	2934	3930
05_043v	2940	3936
05_044r	2934	3930
05_044v	2940	3936
05_045r	2934	3930
05_045v	2940	3936
05_046r	2934	3930
05_046v	3936	2940
05_047r	2934	3930
05_047v	2940	3936
05_048r	2934	3930
05_048v	2940	3936
05_049r	2934	3930
05_049v	2940	3936
05_050r	2934	3930
05_050v	2940	3936
05_051r	2934	3930
05_051v	2940	3936
05_052r	2934	3930
05_052v	2940	3936
05_053r	2934	3930
05_053v	2940	3936
05_054r	2934	3930
05_054v	2940	3936
05_055r	2934	3930
05_055v	2940	3936
05_056r	2934	3930
05_056v	2940	3936
05_057r	2934	3930
05_057v	2940	3936
05_058r	2934	3930
05_058v	2940	3936
05_059r	2934	3930
05_059v	2940	3936
05_060r	2934	3930
05_060v	2940	3936
05_061r	2934	3930
05_061v	2940	3936
05_062r	2934	3930
05_062v	2940	3936
05_063r	2934	3930
05_063v	2940	3936
05_064r	2934	3930
05_064v	2940	3936
05_065r	2934	3930
05_065v	2940	3936
05_066r	2934	3930
05_066v	2940	3936
05_067r	2934	3930
05_067v	2940	3936
05_068r	2934	3930
05_068v	2940	3936
05_069r	2934	3930
05_069v	2940	3936
05_070r	2934	3930
05_070v	2940	3936
05_071r	2934	3930
05_071v	3936	2940
05_072r	2934	3930
05_072v	2940	3936
05_073r	2934	3930
05_073v	2940	3936
05_074r	2934	3930
05_074v	2940	3936
05_075r	2934	3930
05_075v	2940	3936
05_076r	2934	3930
05_076v	2940	3936
05_077r	2934	3930
05_077v	3936	2940
05_078r	2934	3930
05_078v	2940	3936
05_079r	2934	3930
05_079v	2940	3936
05_080r	2934	3930
05_080v	2940	3936
05_081r	2934	3930
05_081v	2940	3936
05_082r	2934	3930
05_082v	2940	3936
05_083r	2934	3930
05_083v	2940	3936
05_084r	2934	3930
05_084v	2940	3936
05_085r	2934	3930
05_085v	2940	3936
05_086r	2934	3930
05_086v	2940	3936
05_087r	2934	3930
05_087v	2940	3936
05_088r	2934	3930
05_088v	2940	3936
05_089r	2934	3930
05_089v	2940	3936
05_090r	2934	3930
05_090v	2940	3936
05_091r	2934	3930
05_091v	2940	3936
05_092r	2934	3930
05_092v	2940	3936
05_093r	2934	3930
05_093v	2940	3936
05_094r	2934	3930
05_094v	2940	3936
05_095r	2934	3930
05_095v	2940	3936
05_096r	2934	3930
05_096v	2940	3936
05_097r	2934	3930
05_097v	2940	3936
05_098r	2934	3930
05_098v	2940	3936
05_099r	2934	3930
05_099v	2940	3936
05_100r	2934	3930
05_100v	2940	3936
05_101r	2934	3930
05_101v	2940	3942
05_102r	2934	3936
05_102v	2940	3942
05_103r	2934	3936
05_103v	2940	3942
05_104r	2934	3936
05_104v	2940	3942
05_105r	2934	3936
05_105v	2940	3942
05_106r	2934	3936
05_106v	2940	3942
05_107r	2934	3936
05_107v	2940	3942
05_108r	2934	3936
05_108v	2940	3942
05_109r	2934	3936
05_109v	2940	3942
05_110r	2934	3936
05_110v	2940	3942
05_111r	2934	3936
05_111v	2940	3942
05_112r	2934	3936
05_112v	2940	3942
05_113r	2934	3936
05_113v	2940	3942
05_114r	2934	3936
05_114v	2940	3942
05_115r	2934	3936
05_115v	2940	3942
05_116r	2934	3936
05_116v	2940	3942
05_117r	2934	3936
05_117v	2940	3942
05_118r	2934	3936
05_118v	2940	3942
05_119r	2934	3936
05_119v	2940	3942
05_120r	2934	3936
05_120v	2940	3942
05_121r	2934	3936
05_121v	2940	3942
05_122r	2934	3936
05_122v	2940	3942
05_123r	2934	3936
05_123v	2940	3942
05_124r	2934	3936
05_124v	2940	3942
05_125r	2934	3936
05_125v	3942	2940
05_126r	2934	3936
05_126v	2940	3942
05_127r	2934	3936
05_127v	2940	3942
05_128r	2934	3936
05_128v	2940	3942
05_129r	2934	3936
05_129v	2940	3942
05_130r	2934	3936
05_130v	2796	3942
05_131r	2952	3936
05_131v	2796	3942
05_132r	2952	3936
05_132v	2796	3942
05_133r	2952	3936
05_133v	2796	3942
05_134r	2952	3936
05_134v	2796	3942
05_135r	2952	3936
05_135v	3942	2844
05_136r	2952	3936
05_136v	2844	3942
05_137r	2952	3936
05_137v	3942	2844
05_138r	2952	3936
05_138v	2844	3942
05_139r	2952	3936
05_139v	2844	3942
05_140r	2952	3936
05_140v	2844	3942
05_141r	2952	3936
05_141v	2844	3942
05_142r	2952	3936
05_142v	2844	3942
05_143r	2952	3936
05_143v	3942	2844
05_144r	2952	3936
05_144v	2844	3942
05_145r	2952	3936
05_145v	2844	3942
05_146r	2952	3936
05_146v	2844	3942
05_147r	2952	3936
05_147v	2844	3942
05_148r	2952	3936
05_148v	2844	3942
05_149r	2952	3936
05_149v	2844	3942
05_150r	2952	3936
05_150v	2844	3942
05_151r	2952	3936
05_151v	2844	3942
05_152r	2952	3936
05_152v	2844	3942
05_153r	2952	3936
05_153v	2844	3942
05_154r	2952	3936
05_154v	2844	3942
05_155r	2952	3936
05_155v	2844	3942
05_156r	2952	3936
05_156v	2844	3942
05_157r	2952	3936
05_157v	2844	3942
05_158r	2952	3936
05_158v	2844	3942
05_159r	2952	3936
05_159v	3942	2844
05_160r	2952	3936
05_160v	2844	3942
05_161r	2952	3936
05_161v	2844	3942
05_162r	2952	3936
05_162v	2844	3942
05_163r	2952	3936
05_163v	2844	3942
05_164r	2952	3936
05_164v	2844	3942
05_165r	2952	3936
05_165v	2844	3942
05_166r	2952	3936
05_166v	2844	3942
05_167r	2952	3936
05_167v	2844	3942
05_168r	2952	3936
05_168v	2844	3942
05_169r	2952	3936
05_169v	2844	3942
05_170r	2952	3936
05_170v	2844	3942
05_171r	2952	3936
05_171v	2844	3942
05_172r	2952	3936
05_172v	2844	3942
05_173r	2952	3936
05_173v	2844	3942
05_174r	2952	3936
05_174v	2844	3942
05_175r	2952	3936
05_175v	3942	2844
05_176r	2952	3936
05_176v	2844	3942
05_177r	2952	3936
05_177v	2844	3942
05_178r	2952	3936
05_178v	2844	3942
05_179r	2952	3936
05_179v	3942	2844
05_180r	2952	3936
05_180v	2844	3942
05_181r	2952	3936
05_181v	2844	3942
05_182r	2952	3936
05_182v	2844	3942
05_183r	2952	3936
05_183v	2844	3942
05_184r	2952	3936
05_184v	2844	3942
05_185r	2952	3936
05_185v	2844	3942
05_186r	2952	3936
05_186v	2844	3942
05_187r	2952	3936
05_187v	2844	3942
05_188r	2952	3936
05_188v	2844	3942
05_189r	2952	3936
05_189v	3942	2844
05_190r	2952	3936
05_190v	2844	3942
05_191r	2952	3936
05_191v	2844	3942
05_192r	2952	3936
05_192v	2844	3942
05_193r	2952	3936
05_193v	2844	3942
05_194r	2952	3936
05_194v	2844	3942
05_195r	2952	3936
05_195v	2844	3942
05_196r	2952	3936
05_196v	2844	3942
05_197r	2952	3936
05_197v	3012	3942
05_198r	2868	3936
05_198v	2892	3942
05_199r	3006	3936
05_199v	2892	3942
05_200r	3006	3936
05_200v	2892	3942
05_201r	3006	3936
05_201v	2892	3942
05_202r	3006	3936
05_202v	2892	3942
05_203r	3006	3936
05_203v	2892	3942
05_204r	3006	3936
05_204v	2892	3942
05_205r	3006	3936
05_205v	2886	3948
05_206r	3012	3942
05_206v	2886	3948
05_207r	3012	3942
05_207v	2886	3948
05_208r	3012	3942
05_208v	2886	3948
05_209r	3012	3942
05_209v	2886	3948
05_210r	3012	3942
05_210v	2886	3948
05_211r	3012	3942
05_211v	2886	3948
05_212r	3012	3942
05_212v	2886	3948
05_213r	3012	3942
05_213v	2886	3948
05_214r	3012	3942
05_214v	2886	3948
05_215r	3012	3942
05_215v	2886	3948
05_216r	3012	3942
05_216v	2886	3948
05_217r	3012	3942
05_217v	2886	3948
05_218r	3012	3942
05_218v	2886	3948
05_219r	3012	3942
05_219v	2886	3948
05_220r	3012	3942
05_220v	2886	3948
05_221r	3012	3942
05_221v	2886	3948
05_222r	2946	3942
05_222v	2886	3948
05_223r	2946	3942
05_223v	2886	3948
05_224r	2946	3942
05_224v	2886	3948
05_225r	2946	3942
05_225v	2886	3948
05_226r	2946	3942
05_226v	2886	3948
05_227r	2946	3942
05_227v	3948	2886
05_228r	2946	3942
05_228v	2886	3948
05_229r	2946	3942
05_229v	2886	3948
05_230r	2946	3942
05_230v	2886	3948
05_231r	2946	3942
05_231v	2886	3948
05_232r	2946	3942
05_232v	2886	3948
05_233r	2946	3942
05_233v	2886	3948
05_234r	2946	3942
05_234v	2886	3948
05_235r	2946	3942
05_235v	2886	3948
05_236r	2946	3942
05_236v	2886	3948
05_237r	2946	3942
05_237v	2886	3948
05_238r	2946	3942
05_238v	2886	3948
05_239r	2946	3942
05_239v	2886	3948
05_240r	2946	3942
05_240v	2886	3948
05_241r	2946	3942
05_241v	3948	2886
05_242r	2946	3942
05_242v	2886	3948
05_243r	2946	3942
05_243v	2886	3948
05_244r	2946	3942
05_244v	2886	3948
05_245r	2946	3942
05_245v	2886	3948
05_246r	2946	3942
05_246v	2886	3948
05_247r	2946	3942
05_247v	2886	3948
05_248r	2946	3942
05_248v	2886	3948
05_249r	2946	3942
05_249v	2886	3948
05_250r	2946	3942
05_250v	2886	3948
05_251r	2946	3942
05_251v	2886	3948
05_252r	2946	3942
05_252v	2886	3948
05_253r	2946	3942
05_253v	2886	3948
05_254r	2946	3942
05_254v	2886	3948
05_255r	2946	3942
05_255v	2886	3948
05_256r	2946	3942
05_256v	2886	3948
05_257r	2946	3942
05_257v	2886	3948
05_258r	2946	3942
05_258v	2886	3948
05_259r	2946	3942
05_259v	2886	3948
05_260r	2946	3942
05_260v	2886	3948
05_261r	2946	3942
05_261v	2886	3948
05_262r	2946	3942
05_262v	2886	3954
05_263r	2946	3948
05_263v	2886	3954
05_264r	2946	3948
05_264v	2886	3954
05_265r	2946	3948
05_265v	2886	3954
05_266r	2946	3948
05_266v	2886	3954
05_267r	2946	3948
05_267v	2886	3954
05_268r	2946	3948
05_268v	2886	3954
05_269r	2946	3948
05_269v	2886	3954
05_270r	2946	3948
05_270v	2886	3954
05_271r	2946	3948
05_271v	2886	3954
05_272r	2946	3948
05_272v	2886	3954
05_273r	2946	3948
05_273v	2886	3954
05_274r	2946	3948
05_274v	2886	3954
05_275r	2946	3948
05_275v	3000	3996
05_276r	2832	3990
05_276v	3000	3996
05_277r	2832	3990
05_277v	3000	3996
05_278r	2832	3990
05_278v	3000	3996
05_279r	2832	3990
05_279v	3000	3996
05_280r	2832	3990
05_280v	3000	3996
05_281r	2832	3990
05_281v	3000	3996
05_282r	2832	3990
05_282v	3000	3996
05_283r	2832	3990
05_283v	3000	3996
05_284r	2832	3990
05_284v	3000	3996
05_285r	2832	3990
05_285v	3000	3996
05_286r	2832	3990
05_286v	3000	3996
05_287r	2832	3990
05_287v	2820	3996
05_288r	2940	3990
05_288v	3996	2820
05_289r	2940	3990
05_289v	2820	3996
05_290r	2940	3990
05_290v	2820	3996
05_291r	2940	3990
05_291v	2820	3996
05_292r	2940	3990
05_292v	2820	3996
05_293r	2940	3990
05_293v	2820	3996
05_294r	2940	3990
05_294v	2820	3996
05_295r	2940	3990
05_295v	2820	3996
05_296r	2940	3990
05_296v	3996	2820
05_297r	2940	3990
05_297v	2820	3996
05_298r	2940	3990
05_298v	2820	3996
05_299r	2940	3990
05_299v	2820	3996
05_300r	2940	3990
05_300v	2820	3996
05_301r	2940	3990
05_301v	2820	3996
05_302r	2940	3990
05_302v	2820	3996
05_303r	2940	3990
05_303v	2820	3996
05_304r	2940	3990
05_304v	2820	3996
05_305r	2940	3990
05_305v	2820	3996
05_306r	2940	3990
05_306v	2820	3996
05_307r	2940	3990
05_307v	2820	3996
05_308r	2832	3990
05_308v	2820	3996
05_309r	2832	3990
05_309v	2820	3996
05_310r	2832	3990
05_310v	2820	3996
05_311r	2832	3990
05_311v	2820	3996
05_312r	2832	3990
05_312v	2814	3990
05_313r	2838	3990
05_313v	2814	3990
05_314r	2838	3990
05_314v	4032	2814
05_315r	2838	4026
05_315v	4032	2814
05_316r	2838	4026
05_316v	2814	4032
05_317r	2838	4026
05_317v	2814	4032
05_318r	2838	4026
05_318v	2814	4032
05_319r	2838	4026
05_319v	2814	4032
05_320r	2838	4026
05_320v	2814	4032
05_321r	2838	4026
05_321v	2814	4032
05_322r	2838	4026
05_322v	2814	4032
05_323r	2838	4026
05_323v	2886	4032
05_324r	2718	4026
05_324v	4032	2886
05_325r	2718	4026
05_325v	4032	2886
05_326r	2718	4026
05_326v	4032	2886
05_327r	2802	4026
05_327v	2886	4032
05_328r	2802	4026
05_328v	2886	4032
05_329r	2802	4026
05_329v	2886	4032
05_330r	2802	4026
05_330v	4032	2886
05_331r	2802	4026
05_331v	2886	4032
05_332r	2802	4026
05_332v	2886	4032
05_333r	2802	4026
05_333v	2886	4032
05_334r	2802	4026
05_334v	2886	4032
05_335r	2802	4026
05_335v	2886	4032
05_336r	2802	4026
05_336v	4032	2886
05_337r	2802	4026
05_337v	2886	4032
05_338r	2802	4026
05_338v	2886	4032
05_339r	2802	4026
05_339v	2886	4032
05_340r	2802	4026
05_340v	2886	4032
05_341r	2802	4026
05_341v	2826	4032
05_342r	2694	4026
05_342v	4032	2826
05_343r	2694	4026
05_343v	4032	2826
05_344r	2694	4026
05_344v	4032	2826
06_002r	3281	4173
06_002v	3269	4173
06_003r	3150	4173
06_003v	3269	4173
06_004r	3150	4173
06_004v	3269	4222
06_005r	3150	4222
06_005v	3269	4222
06_006r	3150	4222
06_006v	4222	3269
06_007r	3150	4222
06_007v	4222	3269
06_008r	3150	4222
06_008v	3772	5429
06_009r	3150	4222
06_009v	3892	5457
06_010r	3150	4222
06_010v	3845	5550
06_011r	3150	4222
06_011v	5550	3837
06_012r	3150	4222
06_012v	3907	5550
06_013r	3075	4222
06_013v	5550	3907
06_014r	3075	4222
06_014v	3867	5550
06_015r	3075	4222
06_015v	3867	5550
06_016r	3075	4222
06_016v	3867	5550
06_017r	3075	4222
06_017v	3812	5436
06_018r	3075	4222
06_018v	3808	5436
06_019r	3075	4222
06_019v	5436	3804
06_020r	3075	4222
06_020v	5436	3833
06_021r	3075	4222
06_021v	5529	3834
06_022r	3075	4222
06_022v	3833	5436
06_023r	3075	4222
06_023v	3893	5436
06_024r	3075	4222
06_024v	3893	5436
06_025r	3075	4222
06_025v	3893	5450
06_026r	3075	4222
06_026v	3893	5450
06_027r	3075	4222
06_027v	3893	5450
06_028r	3075	4222
06_028v	3893	5450
06_029r	3155	4222
06_029v	3893	5450
06_030r	3155	4222
06_030v	3893	5450
06_031r	3155	4222
06_031v	5450	3893
06_032r	3155	4222
06_032v	3893	5450
06_033r	3155	4222
06_033v	3893	5450
06_034r	3155	4222
06_034v	3893	5450
06_035r	3155	4222
06_035v	3893	5450
06_036r	3155	4222
06_036v	5450	3893
06_037r	3155	4222
06_037v	5450	3893
06_038r	3155	4222
06_038v	3823	5493
06_039r	3155	4222
06_039v	5493	3821
06_040r	3155	4222
06_040v	5493	3819
06_041r	3155	4222
06_041v	5493	3817
06_042r	3155	4222
06_042v	3815	5493
06_043r	3155	4222
06_043v	3813	5493
06_044r	3155	4222
06_044v	3811	5493
06_045r	3155	4222
06_045v	3809	5493
06_046r	3155	4222
06_046v	3867	5493
06_047r	3155	4222
06_047v	5493	3845
06_048r	3155	4222
06_048v	5493	3843
06_049r	3155	4222
06_049v	3901	5493
06_050r	2985	4077
06_050v	3899	5493
06_051r	3155	4222
06_051v	3897	5493
06_052r	3155	4222
06_052v	5493	3895
06_053r	3155	4222
06_053v	3853	5493
06_054r	3155	4222
06_054v	3831	5493
06_055r	3155	4222
06_055v	3849	5493
06_056r	3155	4222
06_056v	5493	3907
06_057r	3112	4168
06_057v	3945	5493
06_058r	3112	4168
06_058v	5493	3943
06_059r	3112	4168
06_059v	3832	5472
06_060r	3112	4168
06_060v	5493	3941
06_061r	3112	4168
06_061v	3964	5493
06_062r	3112	4168
06_062v	3960	5493
06_063r	3112	4168
06_063v	3954	5493
06_064r	3112	4168
06_064v	3950	5493
06_065r	3112	4168
06_065v	3944	5493
06_066r	3112	4168
06_066v	5493	3940
06_067r	3112	4168
06_067v	3934	5493
06_068r	3112	4168
06_068v	5493	3927
06_069r	3112	4169
06_069v	3927	5493
06_070r	3112	4169
06_070v	3927	5493
06_071r	3112	4169
06_071v	3927	5493
06_072r	3112	4169
06_072v	3927	5493
06_073r	3112	4169
06_073v	3927	5493
06_074r	3112	4169
06_074v	5493	3927
06_075r	3112	4169
06_075v	3927	5493
06_076r	3112	4169
06_076v	5493	3927
06_077r	3112	4168
06_077v	3927	5493
06_078r	3112	4168
06_078v	3927	5493
06_079r	3112	4168
06_079v	3927	5493
06_080r	3112	4168
06_080v	3927	5493
06_081r	3112	4168
06_081v	5493	3927
06_082r	3112	4168
06_082v	3927	5493
06_083r	3112	4168
06_083v	3927	5493
06_084r	3112	4168
06_084v	3967	5493
06_085r	3112	4168
06_085v	3967	5493
06_086r	3112	4168
06_086v	5493	3967
06_087r	3112	4168
06_087v	3967	5493
06_088r	3112	4168
06_088v	3967	5493
06_089r	3112	4168
06_089v	3967	5493
06_090r	3112	4168
06_090v	3967	5493
06_091r	3112	4168
06_091v	3967	5493
06_092r	3112	4168
06_092v	3967	5493
06_093r	3112	4168
06_093v	3967	5493
06_094r	3112	4168
06_094v	5493	3967
06_095r	3112	4168
06_095v	3967	5493
06_096r	3112	4168
06_096v	3023	4168
06_097r	3112	4168
06_097v	3023	4168
06_098r	3112	4168
06_098v	3023	4168
06_099r	3112	4168
06_099v	3014	4168
06_100r	3105	4168
06_100v	3014	4168
06_101r	3105	4168
06_101v	3014	4168
06_102r	3105	4168
06_102v	3000	4168
06_103r	3091	4168
06_103v	3000	4168
06_104r	3091	4168
06_104v	3000	4168
06_105r	3091	4168
06_105v	3000	4168
06_106r	3091	4168
06_106v	3000	4168
06_107r	3091	4168
06_107v	3000	4168
06_108r	3091	4168
06_108v	3000	4168
06_109r	3091	4168
06_109v	3000	4168
06_110r	3091	4168
06_110v	3000	4168
06_111r	3091	4168
06_111v	3000	4168
06_112r	3091	4168
06_112v	3000	4168
06_113r	3091	4168
06_113v	3000	4168
06_114r	3091	4168
06_114v	3000	4168
06_115r	3091	4168
06_115v	3000	4168
06_116r	3091	4168
06_116v	4168	3000
06_117r	3091	4168
06_117v	3000	4168
06_118r	3091	4168
06_118v	4168	3000
06_119r	3091	4168
06_119v	3000	4168
06_120r	3091	4168
06_120v	3000	4168
06_121r	3091	4168
06_121v	3000	4168
06_122r	3091	4168
06_122v	3000	4168
06_123r	3091	4168
06_123v	3000	4168
06_124r	3091	4168
06_124v	4168	3000
06_125r	3091	4168
06_125v	3000	4168
06_126r	3091	4168
06_126v	3000	4168
06_127r	3091	4168
06_127v	3000	4168
06_128r	3091	4168
06_128v	3000	4168
06_129r	3091	4168
06_129v	3000	4168
06_130r	3091	4168
06_130v	3000	4168
06_131r	3091	4168
06_131v	3000	4168
06_132r	3091	4168
06_132v	3000	4168
06_133r	3091	4168
06_133v	3000	4168
06_134r	3091	4168
06_134v	3000	4168
06_135r	3091	4168
06_135v	3000	4168
06_136r	3091	4168
06_136v	3000	4168
06_137r	3091	4168
06_137v	3000	4168
06_138r	3091	4168
06_138v	3000	4168
06_139r	3091	4168
06_139v	3000	4168
06_140r	3091	4168
06_140v	3000	4168
06_141r	3091	4168
06_141v	3000	4168
06_142r	3091	4168
06_142v	3000	4168
06_143r	3091	4168
06_143v	3000	4168
06_144r	3091	4168
06_144v	3000	4168
06_145r	3091	4168
06_145v	3000	4168
06_146r	3091	4168
06_146v	3000	4168
06_147r	3091	4168
06_147v	3000	4168
06_148r	3091	4168
06_148v	3000	4168
06_149r	3091	4168
06_149v	3000	4168
06_150r	3091	4168
06_150v	3000	4168
06_151r	3091	4168
06_151v	3000	4115
06_152r	3091	4115
06_152v	3000	4115
06_153r	3091	4115
06_153v	3000	4115
06_154r	3091	4115
06_154v	3000	4115
06_155r	3091	4115
06_155v	3000	4115
06_156r	3091	4115
06_156v	3000	4115
06_157r	3091	4115
06_157v	3000	4115
06_158r	3091	4115
06_158v	3000	4115
06_159r	3091	4115
06_159v	3000	4115
06_160r	3091	4115
06_160v	3009	4120
06_161r	3099	4120
06_161v	3009	4120
06_162r	3099	4120
06_162v	3009	4120
06_163r	3099	4120
06_163v	3009	4179
06_164r	3099	4179
06_164v	3009	4179
06_165r	3099	4179
06_165v	3009	4179
06_166r	3099	4179
06_166v	3009	4179
06_167r	3099	4179
06_167v	3009	4179
06_168r	3099	4179
06_168v	3009	4179
06_169r	3099	4179
06_169v	3009	4179
06_170r	3099	4179
06_170v	3009	4179
06_171r	3099	4179
06_171v	3009	4179
06_172r	3099	4179
06_172v	3009	4179
06_173r	3099	4179
06_173v	3009	4179
06_174r	3099	4179
06_174v	3009	4179
06_175r	3099	4179
06_175v	3009	4179
06_176r	3099	4179
06_176v	3009	4179
06_177r	3099	4179
06_177v	3009	4179
06_178r	3099	4179
06_178v	3009	4179
06_179r	3099	4179
06_179v	3009	4179
06_180r	3099	4179
06_180v	3009	4179
06_181r	3099	4179
06_181v	3009	4179
06_182r	3099	4179
06_182v	3009	4179
06_183r	3099	4179
06_183v	3009	4179
06_184r	3099	4179
06_184v	3009	4179
06_185r	3099	4179
06_185v	3009	4179
06_186r	3099	4179
06_186v	3009	4179
06_187r	3099	4179
06_187v	3009	4179
06_188r	3099	4179
06_188v	3009	4179
06_189r	3099	4179
06_189v	3009	4179
06_190r	3099	4179
06_190v	3009	4179
06_191r	3099	4179
06_191v	3009	4179
06_192r	3099	4179
06_192v	3009	4179
06_193r	3099	4179
06_193v	3009	4179
06_194r	3099	4179
06_194v	3009	4179
06_195r	3099	4179
06_195v	3009	4179
06_196r	3099	4179
06_196v	3009	4179
06_197r	3099	4179
06_197v	3009	4179
06_198r	3099	4179
06_198v	3009	4179
06_199r	3099	4179
06_199v	3009	4179
06_200r	3099	4179
06_200v	3009	4179
06_201r	3099	4179
06_201v	3009	4179
06_202r	3099	4179
06_202v	3009	4179
06_203r	3099	4179
06_203v	3009	4179
06_204r	3099	4179
06_204v	3009	4179
06_205r	3099	4179
06_205v	3009	4179
06_206r	3099	4179
06_206v	3009	4179
06_207r	3099	4179
06_207v	3009	4179
06_208r	3099	4179
06_208v	3009	4179
06_209r	3099	4179
06_209v	3041	4323
06_210r	3131	4323
06_210v	3041	4323
06_211r	3131	4323
06_211v	3041	4323
06_212r	3131	4323
06_212v	3041	4323
06_213r	3131	4323
06_213v	2942	4147
06_214r	3032	4147
06_214v	2942	4147
06_215r	3032	4147
06_215v	2942	4147
06_216r	3032	4147
06_216v	2942	4147
06_217r	3032	4147
06_217v	2942	4147
06_218r	3032	4147
06_218v	2942	4147
06_219r	3032	4147
06_219v	2942	4147
06_220r	3032	4147
06_220v	2942	4147
06_221r	3032	4147
06_221v	2942	4147
06_222r	3032	4147
06_222v	2942	4147
06_223r	3032	4147
06_223v	2942	4147
06_224r	3032	4147
06_224v	2942	4147
06_225r	3032	4147
06_225v	2942	4147
06_226r	3032	4147
06_226v	2942	4147
06_227r	3032	4147
06_227v	2942	4147
06_228r	3032	4147
06_228v	2942	4147
06_229r	3032	4147
06_229v	2942	4147
06_230r	3032	4147
06_230v	2942	4147
06_231r	3032	4147
06_231v	2942	4147
06_232r	3032	4147
06_232v	2942	4147
06_233r	3032	4147
06_233v	2942	4147
06_234r	3032	4147
06_234v	2942	4147
06_235r	3032	4147
06_235v	2942	4147
06_236r	3032	4147
06_236v	2942	4147
06_237r	3032	4147
06_237v	2942	4147
06_238r	3032	4147
06_238v	2942	4147
06_239r	3032	4147
06_239v	2942	4147
06_240r	3032	4147
06_240v	2931	4061
06_241r	3021	4061
06_241v	2931	4061
06_242r	3021	4061
06_242v	2931	4061
06_243r	3021	4061
06_243v	2931	4061
06_244r	3021	4061
06_244v	2931	4061
06_245r	3021	4061
06_245v	2931	4061
06_246r	3021	4061
06_246v	2931	4061
06_247r	3021	4061
06_247v	2931	4061
06_248r	3021	4061
06_248v	2931	4061
06_249r	3021	4061
06_249v	2931	4061
06_250r	3021	4061
06_250v	2931	4061
06_251r	3021	4061
06_251v	2931	4061
06_252r	3021	4061
06_252v	2931	4061
06_253r	3021	4061
06_253v	2931	4061
06_254r	3021	4061
06_254v	2931	4061
06_255r	3021	4061
06_255v	2931	4061
06_256r	3021	4061
06_256v	2931	4061
06_257r	3021	4061
06_257v	2931	4061
06_258r	3021	4061
06_258v	2931	4061
06_259r	3021	4061
06_259v	2931	4061
06_260r	3021	4061
06_260v	2931	4061
06_261r	3021	4061
06_261v	2931	4061
06_262r	3021	4061
06_262v	2931	4061
06_263r	3021	4061
06_263v	2931	4061
06_264r	3021	4061
06_264v	2931	4061
06_265r	3021	4061
06_265v	2931	4061
06_266r	3021	4061
06_266v	2931	4061
06_267r	3021	4061
06_267v	2931	4061
06_268r	3021	4061
06_268v	2886	4061
06_269r	3066	4061
06_269v	2886	4061
06_270r	3066	4061
06_270v	4061	2878
06_271r	3058	4061
06_271v	2878	4061
06_272r	3058	4061
06_272v	2878	4061
06_273r	3058	4061
06_273v	2878	4061
06_274r	3058	4061
06_274v	2878	4061
06_275r	3058	4061
06_275v	2878	4061
06_276r	3058	4061
06_276v	2878	4061
06_277r	3058	4061
06_277v	2878	4061
06_278r	3058	4061
06_278v	2878	4061
06_279r	3058	4061
06_279v	2878	4061
06_280r	3058	4061
06_280v	2878	4061
06_281r	3058	4061
06_281v	2879	4061
06_282r	3058	4061
06_282v	2879	4061
06_283r	3058	4061
06_283v	2879	4061
06_284r	3058	4061
06_284v	2879	4061
06_285r	3058	4061
06_285v	2879	4061
06_286r	3058	4061
06_286v	2879	4061
06_287r	3058	4061
06_287v	2879	4061
06_288r	3058	4061
06_288v	2879	4061
06_289r	3058	4061
06_289v	2879	4061
06_290r	3058	4061
06_290v	2879	4061
06_291r	3058	4061
06_291v	2879	4061
06_292r	3058	4061
06_292v	2879	4061
06_293r	3058	4061
06_293v	2879	4061
06_294r	3058	4061
06_294v	2879	4061
06_295r	3058	4061
06_295v	2879	4061
06_296r	3058	4061
06_296v	2879	4061
06_297r	3058	4061
06_297v	2879	4061
06_298r	3058	4061
06_298v	2879	4061
06_299r	3058	4061
06_299v	2879	4061
06_300r	3058	4061
06_300v	2879	4061
06_301r	3058	4061
06_301v	2879	4061
06_302r	3058	4061
06_302v	2879	4061
06_303r	3058	4061
06_303v	2879	4061
06_304r	3058	4061
06_304v	2879	4061
06_305r	3058	4061
06_305v	2955	4120
06_306r	2955	4120
06_306v	2955	4120
06_307r	2955	4120
06_307v	2955	4120
06_308r	2955	4120
06_308v	2955	4120
06_309r	2955	4120
06_309v	2955	4120
06_310r	2955	4120
06_310v	2955	4120
06_311r	2955	4120
06_311v	2955	4120
06_312r	2955	4120
06_312v	2955	4120
06_313r	2955	4120
06_313v	2955	4120
06_314r	2955	4120
06_314v	2955	4120
06_315r	2955	4120
06_315v	2955	4120
06_316r	2955	4120
06_316v	2883	4002
06_317r	2883	4002
06_317v	2883	4002
06_318r	2883	4002
06_318v	2883	4002
06_319r	2883	4002
06_319v	2883	4002
06_320r	2883	4002
06_320v	2883	4002
06_321r	2883	4002
06_321v	2883	4002
06_322r	2883	4002
06_322v	2883	4002
06_323r	2883	4002
06_323v	2883	4002
06_324r	2883	4002
06_324v	2883	4002
06_325r	2883	4002
06_325v	2883	4002
06_326r	2883	4002
06_326v	2883	4002
06_327r	2883	4002
06_327v	2883	4002
06_328r	2883	4002
06_328v	2883	4002
06_329r	2883	4002
06_329v	2883	4002
06_330r	2883	4002
06_330v	2883	4002
06_331r	2883	4002
06_331v	2883	4002
06_332r	2883	4002
06_332v	2883	4002
06_333r	2883	4002
06_333v	2883	4002
06_334r	2883	4002
06_334v	2883	4002
06_335r	2883	4002
06_335v	4002	2883
06_336r	2883	4002
06_336v	2883	4002
06_337r	2883	4002
06_337v	2883	4002
06_338r	2883	4002
06_338v	2883	4002
06_339r	2883	4002
06_339v	2805	4002
06_340r	2805	4002
06_340v	2805	4002
06_341r	2805	4002
06_341v	2805	4002
06_342r	2805	4002
06_342v	2805	4002
06_343r	2805	4002
06_343v	2805	4002
07_001r	4008	5536
07_001v	3984	5536
07_002r	4008	5536
07_002v	3984	5536
07_003r	4008	5536
07_003v	3984	5536
07_004r	4008	5536
07_004v	3984	5536
07_005r	4008	5536
07_005v	3984	5536
07_006r	4008	5536
07_006v	3984	5536
07_007r	4008	5536
07_007v	3984	5536
07_008r	4008	5536
07_008v	5536	3984
07_009r	4008	5536
07_009v	5536	3984
07_010r	4008	5536
07_010v	3976	5536
07_011r	4168	5536
07_011v	5536	3976
07_012r	4168	5536
07_012v	3976	5536
07_013r	4168	5536
07_013v	3976	5536
07_014r	4168	5536
07_014v	3976	5536
07_015r	4168	5536
07_015v	5536	3976
07_016r	4168	5536
07_016v	3976	5536
07_017r	4168	5536
07_017v	5536	3976
07_018r	4168	5536
07_018v	3976	5536
07_019r	4216	5536
07_019v	3976	5536
07_020r	4216	5536
07_020v	3976	5536
07_021r	4216	5536
07_021v	5536	3976
07_022r	4216	5536
07_022v	3976	5536
07_023r	4216	5536
07_023v	3976	5536
07_024r	4216	5536
07_024v	3976	5536
07_025r	4216	5536
07_025v	5536	3976
07_026r	4216	5536
07_026v	3976	5536
07_027r	4216	5536
07_027v	5536	4064
07_028r	4216	5536
07_028v	4064	5536
07_029r	4216	5536
07_029v	4064	5536
07_030r	4216	5536
07_030v	4064	5536
07_031r	4216	5536
07_031v	5536	4064
07_032r	4216	5536
07_032v	4064	5536
07_033r	4216	5536
07_033v	5536	4064
07_034r	4216	5536
07_034v	4064	5536
07_035r	4216	5536
07_035v	4064	5536
07_036r	4216	5536
07_036v	4064	5536
07_037r	4216	5536
07_037v	4064	5536
07_038r	4216	5536
07_038v	4064	5536
07_039r	4216	5536
07_039v	5536	4064
07_040r	4216	5536
07_040v	4064	5536
07_041r	4216	5536
07_041v	4064	5536
07_042r	4216	5536
07_042v	5536	4064
07_043r	4216	5536
07_043v	4064	5536
07_044r	4216	5536
07_044v	4064	5536
07_045r	4216	5536
07_045v	3952	5536
07_046r	4192	5536
07_046v	5536	3952
07_047r	4192	5536
07_047v	3952	5536
07_048r	4192	5536
07_048v	5536	3952
07_049r	4192	5536
07_049v	5536	3952
07_050r	4192	5536
07_050v	3952	5536
07_051r	4192	5536
07_051v	3952	5536
07_052r	4192	5536
07_052v	3952	5536
07_053r	4192	5536
07_053v	3952	5536
07_054r	4192	5536
07_054v	3952	5536
07_055r	4192	5536
07_055v	3952	5536
07_056r	4192	5536
07_056v	3952	5536
07_057r	4192	5536
07_057v	3952	5536
07_058r	4192	5536
07_058v	3952	5536
07_059r	4192	5536
07_059v	5536	3952
07_060r	4192	5536
07_060v	3952	5536
07_061r	4192	5536
07_061v	3952	5536
07_062r	4192	5536
07_062v	3952	5536
07_063r	4192	5536
07_063v	3952	5536
07_064r	4192	5536
07_064v	3952	5536
07_065r	4192	5536
07_065v	5536	4080
07_066r	4152	5536
07_066v	4080	5536
07_067r	4152	5536
07_067v	4080	5536
07_068r	4152	5536
07_068v	4080	5536
07_069r	4152	5536
07_069v	4080	5536
07_070r	4152	5536
07_070v	4080	5536
07_071r	4152	5536
07_071v	4080	5536
07_072r	4152	5536
07_072v	4080	5536
07_073r	4152	5536
07_073v	4080	5536
07_074r	4152	5536
07_074v	4096	5536
07_075r	4152	5536
07_075v	4096	5536
07_076r	4152	5536
07_076v	4080	5536
07_077r	4152	5536
07_077v	4080	5536
07_078r	4152	5536
07_078v	4080	5536
07_079r	4152	5536
07_079v	4080	5536
07_080r	4152	5536
07_080v	4080	5536
07_081r	4152	5536
07_081v	4072	5536
07_082r	4144	5536
07_082v	4072	5536
07_083r	4144	5536
07_083v	4072	5536
07_084r	4144	5536
07_084v	4072	5536
07_085r	4144	5536
07_085v	4072	5536
07_086r	4144	5536
07_086v	4072	5536
07_087r	4144	5536
07_087v	4072	5536
07_088r	4144	5536
07_088v	4072	5536
07_089r	4144	5536
07_089v	4072	5536
07_090r	4144	5536
07_090v	4072	5536
07_091r	4144	5536
07_091v	4072	5536
07_092r	4144	5536
07_092v	4128	5536
07_093r	4192	5536
07_093v	4128	5536
07_094r	4192	5536
07_094v	4128	5536
07_095r	4192	5536
07_095v	4128	5536
07_096r	4192	5536
07_096v	4128	5536
07_097r	4192	5536
07_097v	4128	5536
07_098r	4192	5536
07_098v	4128	5536
07_099r	4192	5536
07_099v	4128	5536
07_100r	4192	5536
07_100v	4128	5536
07_101r	4192	5536
07_101v	4128	5536
07_102r	4192	5536
07_102v	4128	5536
07_103r	4192	5536
07_103v	4128	5536
07_104r	4192	5536
07_104v	4128	5536
07_105r	4192	5536
07_105v	4192	5536
07_106r	4192	5536
07_106v	4192	5536
07_107r	4192	5536
07_107v	4192	5536
07_108r	4192	5536
07_108v	4192	5536
07_109r	4192	5536
07_109v	4192	5536
07_110r	4144	5536
07_110v	4192	5536
07_111r	4144	5536
07_111v	4192	5536
07_112r	4144	5536
07_112v	4184	5536
07_113r	4144	5536
07_113v	4184	5536
07_114r	4144	5536
07_114v	4184	5536
07_115r	4144	5536
07_115v	4184	5536
07_116r	4144	5536
07_116v	4184	5536
07_117r	4144	5536
07_117v	4184	5536
07_118r	4144	5536
07_118v	4184	5536
07_119r	4144	5536
07_119v	4184	5536
07_120r	4144	5536
07_120v	4184	5536
07_121r	4144	5536
07_121v	4184	5536
07_122r	4144	5536
07_122v	4136	5536
07_123r	4208	5536
07_123v	5536	4136
07_124r	4208	5536
07_124v	4136	5536
07_125r	4208	5536
07_125v	4136	5536
07_126r	4208	5536
07_126v	4136	5536
07_127r	4208	5536
07_127v	4136	5536
07_128r	4208	5536
07_128v	4136	5536
07_129r	4208	5536
07_129v	4136	5536
07_130r	4208	5536
07_130v	4136	5536
07_131r	4208	5536
07_131v	4136	5536
07_132r	4208	5536
07_132v	4136	5536
07_133r	4208	5536
07_133v	4136	5536
07_134r	4208	5536
07_134v	4136	5536
07_135r	4208	5536
07_135v	4136	5536
07_136r	4208	5536
07_136v	4136	5536
07_137r	4208	5536
07_137v	4136	5536
07_138r	4208	5536
07_138v	4136	5536
07_139r	4208	5536
07_139v	4136	5536
07_140r	4208	5536
07_140v	4136	5536
07_141r	4208	5536
07_141v	4136	5536
07_142r	4208	5536
07_142v	4136	5536
07_143r	4208	5536
07_143v	4136	5536
07_144r	4208	5536
07_144v	4136	5608
07_145r	4208	5608
07_145v	4136	5608
07_146r	4208	5608
07_146v	4136	5608
07_147r	4208	5608
07_147v	4136	5608
07_148r	4208	5608
07_148v	4136	5608
07_149r	4208	5608
07_149v	4136	5608
07_150r	4208	5608
07_150v	4136	5608
07_151r	4208	5608
07_151v	4136	5608
07_152r	4208	5608
07_152v	4136	5608
07_153r	4208	5608
07_153v	4136	5608
07_154r	4208	5608
07_154v	4056	5608
07_155r	4208	5608
07_155v	4056	5608
07_156r	4208	5608
07_156v	4056	5608
07_157r	4208	5608
07_157v	4056	5608
07_158r	4208	5608
07_158v	4056	5608
07_159r	4208	5608
07_159v	4056	5608
07_160r	4208	5608
07_160v	4056	5608
07_161r	4208	5608
07_161v	4056	5608
07_162r	4208	5608
07_162v	4056	5608
07_163r	4208	5608
07_163v	4056	5608
07_164r	4208	5608
07_164v	4056	5608
07_165r	4208	5608
07_165v	4064	5600
07_166r	4208	5600
07_166v	4064	5600
07_167r	4208	5600
07_167v	4152	5600
07_168r	4208	5600
07_168v	5600	4152
07_169r	4208	5600
07_169v	4152	5600
07_170r	4208	5600
07_170v	5584	4160
07_171r	4208	5584
07_171v	4160	5584
07_172r	4208	5584
07_172v	4008	5584
07_173r	4216	5584
07_173v	4008	5584
07_174r	4216	5584
07_174v	4080	5584
07_175r	4136	5584
07_175v	4080	5584
07_176r	4136	5584
07_176v	4080	5584
07_177r	4136	5584
07_177v	5584	4080
07_178r	4136	5584
07_178v	4080	5584
07_179r	4136	5584
07_179v	4080	5584
07_180r	4136	5584
07_180v	4080	5584
07_181r	4136	5584
07_181v	5584	4080
07_182r	4136	5584
07_182v	4080	5584
07_183r	4136	5584
07_183v	4080	5584
07_184r	4136	5584
07_184v	4080	5584
07_185r	4136	5584
07_185v	4080	5584
07_186r	4136	5584
07_186v	5584	4080
07_187r	4136	5584
07_187v	5584	4080
07_188r	4136	5584
07_188v	4080	5584
07_189r	4136	5584
07_189v	5584	4080
07_190r	4136	5584
07_190v	4008	5584
07_191r	4152	5584
07_191v	4008	5584
07_192r	4152	5584
07_192v	4008	5584
07_193r	4152	5584
07_193v	4008	5584
07_194r	4152	5584
07_194v	5584	4008
07_195r	4152	5584
07_195v	4008	5584
07_196r	4152	5584
07_196v	4008	5584
07_197r	4152	5584
07_197v	4008	5584
07_198r	4152	5584
07_198v	5584	4008
07_199r	4152	5584
07_199v	4008	5584
07_200r	4152	5584
07_200v	4008	5584
07_201r	4152	5584
07_201v	4008	5584
07_202r	4136	5584
07_202v	4008	5584
07_203r	4136	5584
07_203v	5584	4008
07_204r	4136	5584
07_204v	4008	5584
07_205r	4136	5584
07_205v	4008	5584
07_206r	4136	5584
07_206v	4008	5584
07_207r	4136	5584
07_207v	4008	5584
07_208r	4136	5584
07_208v	4008	5584
07_209r	4136	5584
07_209v	4008	5584
07_210r	4136	5584
07_210v	4008	5584
07_211r	4136	5584
07_211v	4008	5584
07_212r	4136	5584
07_212v	4008	5584
07_213r	4136	5584
07_213v	4008	5584
07_214r	4136	5584
07_214v	4072	5584
07_215r	3992	5584
07_215v	4072	5584
07_216r	3992	5584
07_216v	4072	5584
07_217r	3992	5584
07_217v	4072	5584
07_218r	3992	5584
07_218v	4072	5584
07_219r	3992	5584
07_219v	4072	5584
07_220r	3992	5584
07_220v	4072	5584
07_221r	3992	5584
07_221v	4072	5584
07_222r	3992	5584
07_222v	4072	5584
07_223r	3992	5584
07_223v	4072	5584
07_224r	3992	5584
07_224v	4072	5584
07_225r	3992	5584
07_225v	4072	5584
07_226r	3992	5584
07_226v	3976	5584
07_227r	4144	5584
07_227v	4032	5584
07_228r	4112	5584
07_228v	4032	5584
07_229r	4112	5584
07_229v	4296	5584
07_230r	3976	5584
07_230v	4064	5576
07_231r	4056	5568
07_231v	3984	5576
07_232r	3944	5568
07_232v	3984	5576
07_233r	3944	5568
07_233v	3984	5576
07_234r	3944	5568
07_234v	3984	5576
07_235r	3944	5568
07_235v	3984	5576
07_236r	3944	5568
07_236v	3984	5576
07_237r	3944	5568
07_237v	3984	5576
07_238r	3944	5568
07_238v	3984	5576
07_239r	3944	5568
07_239v	4064	5576
07_240r	3944	5568
07_240v	4064	5576
07_241r	3944	5568
07_241v	4064	5576
07_242r	3944	5568
07_242v	4064	5576
07_243r	3944	5568
07_243v	4064	5576
07_244r	3944	5568
07_244v	4064	5576
07_245r	3944	5568
07_245v	4064	5576
07_246r	3944	5568
07_246v	4064	5576
07_247r	3944	5568
07_247v	4064	5576
07_248r	3944	5568
07_248v	4000	5576
07_249r	3992	5568
07_249v	4000	5576
07_250r	3992	5568
07_250v	4000	5576
07_251r	3992	5568
07_251v	4000	5576
07_252r	4080	5568
07_252v	4000	5576
07_253r	4080	5568
07_253v	4000	5576
07_254r	4080	5568
07_254v	4000	5576
07_255r	4080	5568
07_255v	4000	5576
07_256r	4080	5568
07_256v	4000	5576
07_257r	4080	5568
07_257v	4000	5576
07_258r	4064	5568
07_258v	4000	5576
07_259r	3984	5568
07_259v	4000	5576
07_260r	3984	5568
07_260v	4072	5576
07_261r	3984	5568
07_261v	4072	5576
07_262r	3984	5568
07_262v	4072	5576
07_263r	3984	5568
07_263v	4072	5576
07_264r	3984	5568
07_264v	4072	5576
07_265r	3984	5568
07_265v	4072	5576
07_266r	3984	5568
07_266v	4072	5576
07_267r	3984	5568
07_267v	4072	5576
07_268r	3984	5568
07_268v	3952	5576
07_269r	3896	5568
07_269v	3952	5576
07_270r	3928	5568
07_270v	3952	5576
07_271r	3928	5568
07_271v	3952	5576
07_272r	3928	5568
07_272v	3952	5576
07_273r	3928	5568
07_273v	3952	5576
07_274r	3928	5568
07_274v	3952	5576
07_275r	3928	5568
07_275v	3952	5576
07_276r	3928	5568
07_276v	3952	5576
07_277r	3928	5568
07_277v	3952	5576
07_278r	3928	5568
07_278v	3952	5576
07_279r	3928	5568
07_279v	3952	5576
07_280r	3928	5568
07_280v	3952	5576
07_281r	3928	5568
07_281v	3952	5576
07_282r	3928	5568
07_282v	3952	5576
07_283r	3928	5568
07_283v	3944	5576
07_284r	3872	5568
07_284v	3944	5576
07_285r	3872	5568
07_285v	3944	5576
07_286r	3872	5568
07_286v	3944	5576
07_287r	3872	5568
07_287v	3944	5576
07_288r	3872	5568
07_288v	3944	5576
07_289r	3872	5568
07_289v	3944	5576
07_290r	3872	5568
07_290v	3944	5576
07_291r	3872	5568
07_291v	3944	5576
07_292r	3872	5568
07_292v	3944	5576
07_293r	3872	5568
07_293v	3944	5576
07_294r	3872	5568
07_294v	3944	5576
07_295r	3872	5568
07_295v	3944	5576
07_296r	3872	5568
07_296v	4016	5576
07_297r	3864	5568
07_297v	4016	5576
07_298r	3864	5568
07_298v	4016	5576
07_299r	3864	5568
07_299v	4016	5576
07_300r	3864	5568
07_300v	4016	5576
07_301r	3864	5568
07_301v	4016	5576
07_302r	3864	5568
07_302v	4016	5576
07_303r	3864	5568
07_303v	4016	5576
07_304r	3864	5568
07_304v	4016	5576
07_305r	3864	5568
07_305v	4016	5576
07_306r	3864	5568
07_306v	4016	5576
07_307r	3864	5568
07_307v	4016	5576
07_308r	3864	5568
07_308v	4016	5576
07_309r	3864	5568
07_309v	4016	5576
07_310r	3864	5568
07_310v	4016	5576
07_311r	3864	5568
07_311v	4096	5576
07_312r	3992	5568
07_312v	4096	5576
07_313r	3992	5568
07_313v	4096	5576
07_314r	3992	5568
07_314v	4096	5576
08_001r	2784	3887
08_001v	2751	3744
08_002r	2823	3897
08_002v	2755	3873
08_003r	2833	3975
08_003v	2703	3959
08_004r	2703	3959
08_004v	2739	3959
08_005r	2739	3959
08_005v	2847	4067
08_006r	2848	4067
08_006v	2847	4067
08_007r	2848	4067
08_007v	2847	4067
08_008r	2848	4067
08_008v	2847	4067
08_009r	2848	4067
08_009v	2825	4080
08_010r	2826	4080
08_010v	2825	4080
08_011r	2826	4080
08_011v	2825	4080
08_012r	2826	4080
08_012v	2826	4008
08_013r	2825	4008
08_013v	2826	4008
08_014r	2825	4008
08_014v	2806	4086
08_015r	2806	4086
08_015v	2976	3967
08_016r	2976	3967
08_016v	2976	3967
08_017r	2976	3967
08_017v	2976	3967
08_018r	2976	3967
08_018v	2859	3967
08_019r	2859	3967
08_019v	2859	3967
08_020r	2859	3967
08_020v	2859	3967
08_021r	2859	3967
08_021v	2859	3967
08_022r	2859	3967
08_022v	2859	3967
08_023r	2859	3967
08_023v	2859	3967
08_024r	2859	3967
08_024v	2859	3967
08_025r	2859	3967
08_025v	2859	3967
08_026r	2859	3967
08_026v	2859	3967
08_027r	2859	3967
08_027v	2859	3967
08_028r	2859	3967
08_028v	2859	3967
08_029r	2859	3967
08_029v	2859	3906
08_030r	2859	3906
08_030v	2920	3984
08_031r	2920	3984
08_031v	2920	3984
08_032r	2920	3984
08_032v	2928	4020
08_033r	2928	4020
08_033v	2928	3992
08_034r	2928	3992
08_034v	2928	3936
08_035r	2928	3936
08_035v	2928	3936
08_036r	2928	3936
08_036v	3936	2889
08_037r	2889	3936
08_037v	2817	3936
08_038r	2817	3936
08_038v	2817	3936
08_039r	2817	3936
08_039v	3936	2817
08_040r	2817	3936
08_040v	2817	3936
08_041r	2817	3936
08_041v	3936	2817
08_042r	2817	3936
08_042v	2817	3936
08_043r	2817	3936
08_043v	2817	3965
08_044r	2817	3965
08_044v	2817	3965
08_045r	2817	3965
08_045v	2817	3965
08_046r	2817	3965
08_046v	2817	3965
08_047r	2817	3965
08_047v	2817	3965
08_048r	2817	3965
08_048v	3965	2817
08_049r	2817	3965
08_049v	2817	3965
08_050r	2817	3965
08_050v	2817	3965
08_051r	2817	3965
08_051v	2817	3965
08_052r	2817	3965
08_052v	2817	3965
08_053r	2817	3965
08_053v	2817	3965
08_054r	2817	3965
08_054v	2817	3965
08_055r	2817	3965
08_055v	2817	3965
08_056r	2817	3965
08_056v	3964	2817
08_057r	2817	3964
08_057v	2817	3964
08_058r	2817	3964
08_058v	3964	2817
08_059r	2817	3964
08_059v	3964	2817
08_060r	2817	3964
08_060v	2817	3964
08_061r	2817	3964
08_061v	2817	3964
08_062r	2817	3964
08_062v	2817	3964
08_063r	2817	3964
08_063v	2817	3964
08_064r	2817	3964
08_064v	3964	2817
08_065r	2817	3964
08_065v	2817	3964
08_066r	2817	3964
08_066v	3964	2817
08_067r	2817	3964
08_067v	2817	3964
08_068r	2817	3964
08_068v	2817	3964
08_069r	2817	3964
08_069v	2817	3964
08_070r	2817	3964
08_070v	2817	3964
08_071r	2817	3964
08_071v	2817	3964
08_072r	2817	3964
08_072v	3964	2817
08_073r	2817	3964
08_073v	3964	2817
08_074r	2817	3964
08_074v	2817	3964
08_075r	2817	3964
08_075v	2817	3964
08_076r	2817	3964
08_076v	3964	2817
08_077r	2817	3964
08_077v	2817	3964
08_078r	2817	3964
08_078v	2817	3964
08_079r	2817	3964
08_079v	2817	3964
08_080r	2817	3964
08_080v	2745	3964
08_081r	2745	3964
08_081v	2745	3964
08_082r	2745	3964
08_082v	2745	3964
08_083r	2745	3964
08_083v	2745	3964
08_084r	2745	3964
08_084v	2745	3964
08_085r	2745	3964
08_085v	2745	3964
08_086r	2745	3964
08_086v	2745	3964
08_087r	2745	3964
08_087v	2745	3964
08_088r	2745	3964
08_088v	2745	3964
08_089r	2745	3964
08_089v	2745	3964
08_090r	2745	3964
08_090v	2745	3964
08_091r	2745	3964
08_091v	2745	3964
08_092r	2745	3964
08_092v	2745	3964
08_093r	2745	3964
08_093v	2781	3964
08_094r	2781	3964
08_094v	2781	3964
08_095r	2781	3964
08_095v	2781	3964
08_096r	2781	3964
08_096v	2781	3928
08_097r	2781	3928
08_097v	2781	3928
08_098r	2781	3928
08_098v	2781	3928
08_099r	2781	3928
08_099v	2781	3928
08_100r	2781	3928
08_100v	1287	579
08_101r	1287	579
08_101v	2781	3917
08_102r	2781	3917
08_102v	2781	3917
08_103r	2781	3917
08_103v	2781	3917
08_104r	2781	3917
08_104v	2781	3917
08_105r	2781	3917
08_105v	2781	3917
08_106r	2781	3917
08_106v	2781	3917
08_107r	2781	3917
08_107v	2781	3917
08_108r	2781	3917
08_108v	2781	3917
08_109r	2781	3917
08_109v	2781	3917
08_110r	2781	3917
08_110v	2781	3917
08_111r	2781	3917
08_111v	2781	3917
08_112r	2781	3917
08_112v	2781	3917
08_113r	2781	3917
08_113v	2781	3917
08_114r	2781	3917
08_114v	2781	3917
08_115r	2781	3917
08_115v	2781	3917
08_116r	2781	3917
08_116v	2781	3917
08_117r	2781	3917
08_117v	2781	3917
08_118r	2781	3917
08_118v	2781	3917
08_119r	2781	3917
08_119v	2781	3917
08_120r	2781	3917
08_120v	2781	3917
08_121r	2781	3917
08_121v	2781	3917
08_122r	2781	3917
08_122v	2781	3917
08_123r	2781	3917
08_123v	2781	3917
08_124r	2781	3917
08_124v	2709	3917
08_125r	2709	3917
08_125v	2709	3917
08_126r	2709	3917
08_126v	2709	3917
08_127r	2709	3917
08_127v	2709	3917
08_128r	2709	3917
08_128v	2709	3917
08_129r	2709	3917
08_129v	2709	3917
08_130r	2709	3917
08_130v	2709	3917
08_131r	2709	3917
08_131v	2709	3945
08_132r	2709	3945
08_132v	2709	3945
08_133r	2709	3945
08_133v	2709	3945
08_134r	2709	3945
08_134v	2709	3945
08_135r	2709	3945
08_135v	2709	3945
08_136r	2709	3945
08_136v	2709	3945
08_137r	2709	3945
08_137v	2709	3945
08_138r	2709	3945
08_138v	2709	3945
08_139r	2709	3945
08_139v	2817	3961
08_140r	2817	3961
08_140v	2817	3961
08_141r	2817	3961
08_141v	2931	3978
08_142r	2931	3978
08_142v	2931	3978
08_143r	2931	3978
08_143v	2931	3978
08_144r	2931	3978
08_144v	2931	3978
08_145r	2931	3978
08_145v	2931	3978
08_146r	2931	3978
08_146v	2931	3978
08_147r	2931	3978
08_147v	2931	3978
08_148r	2931	3978
08_148v	2931	3978
08_149r	2931	3978
08_149v	2931	3978
08_150r	2931	3978
08_150v	2931	3978
08_151r	2931	3978
08_151v	2931	3978
08_152r	2931	3978
08_152v	2931	3978
08_153r	2931	3978
08_153v	2801	3978
08_154r	2800	3978
08_154v	2801	3978
08_155r	2800	3978
08_155v	2801	3978
08_156r	2800	3978
08_156v	2801	3978
08_157r	2800	3978
08_157v	2801	3978
08_158r	2800	3978
08_158v	2801	3978
08_159r	2800	3978
08_159v	2801	3978
08_160r	2800	3978
08_160v	2801	3978
08_161r	2800	3978
08_161v	2801	3978
08_162r	2800	3978
08_162v	2801	3978
08_163r	2800	3978
08_163v	2801	3978
08_164r	2800	3978
08_164v	2801	3870
08_165r	2800	3870
08_165v	2801	3870
08_166r	2800	3870
08_166v	2800	3870
08_167r	2800	3870
08_167v	2800	3870
08_168r	2800	3870
08_168v	2800	3870
08_169r	2800	3870
08_169v	2800	3870
08_170r	2800	3870
08_170v	2800	3870
08_171r	2800	3870
08_171v	2800	3870
08_172r	2800	3870
08_172v	2800	3870
08_173r	2800	3870
08_173v	2800	3886
08_174r	2800	3886
08_174v	2800	3886
08_175r	2800	3886
08_175v	2800	3897
08_176r	2800	3897
08_176v	2800	3897
08_177r	2800	3897
08_177v	2800	3897
08_178r	2800	3897
08_178v	2800	3897
08_179r	2800	3897
08_179v	2800	3897
08_180r	2800	3897
08_180v	2800	3897
08_181r	2800	3897
08_181v	2800	3897
08_182r	2800	3897
08_182v	2800	3945
08_183r	2800	3945
08_183v	2800	3945
08_184r	2800	3945
08_184v	2800	3945
08_185r	2800	3945
08_185v	2800	3945
08_186r	2800	3945
08_186v	2800	3945
08_187r	2800	3945
08_187v	2800	3945
08_188r	2801	3945
08_188v	2800	3945
08_189r	2801	3945
08_189v	2800	3945
08_190r	2801	3945
08_190v	2800	3945
08_191r	2801	3945
08_191v	2800	3945
08_192r	2801	3945
08_192v	2800	3945
08_193r	2801	3945
08_193v	2801	3945
08_194r	2801	3945
08_194v	2801	3923
08_195r	2801	3923
08_195v	2801	3923
08_196r	2801	3923
08_196v	2801	3923
08_197r	2801	3923
08_197v	2801	3923
08_198r	2801	3923
08_198v	2801	3923
08_199r	2801	3923
08_199v	2801	3923
08_200r	2801	3923
08_200v	2801	3923
08_201r	2801	3923
08_201v	2801	3923
08_202r	2801	3923
08_202v	2801	3923
08_203r	2801	3923
08_203v	2801	3923
08_204r	2801	3923
08_204v	2801	3923
08_205r	2801	3923
08_205v	2800	3922
08_206r	2800	3922
08_206v	2800	3922
08_207r	2800	3922
08_207v	2800	3922
08_208r	2800	3922
08_208v	2800	3922
08_209r	2800	3922
08_209v	2800	3922
08_210r	2800	3922
08_210v	2800	3922
08_211r	2800	3922
08_211v	2800	3922
08_212r	2800	3922
08_212v	2800	3922
08_213r	2800	3922
08_213v	2800	3922
08_214r	2800	3922
08_214v	2800	3923
08_215r	2800	3923
08_215v	2800	3923
08_216r	2800	3923
08_216v	2800	3923
08_217r	2800	3923
08_217v	2800	3923
08_218r	2800	3923
08_218v	2800	3923
08_219r	2800	3923
08_219v	2800	3923
08_220r	2800	3923
08_220v	2800	3923
08_221r	2800	3923
08_221v	2800	3923
08_222r	2800	3923
08_222v	2800	3923
08_223r	2800	3923
08_223v	2801	3923
08_224r	2800	3923
08_224v	2801	3923
08_225r	2800	3923
08_225v	2801	3923
08_226r	2800	3923
08_226v	2801	3923
08_227r	2800	3923
08_227v	2801	3923
08_228r	2800	3923
08_228v	2801	3923
08_229r	2800	3923
08_229v	2801	3923
08_230r	2800	3923
08_230v	2801	3923
08_231r	2800	3923
08_231v	2801	3923
08_232r	2800	3923
08_232v	2801	3923
08_233r	2800	3923
08_233v	2801	3923
08_234r	2800	3923
08_234v	2801	3923
08_235r	2800	3923
08_235v	2801	3923
08_236r	2800	3923
08_236v	2801	3923
08_237r	2800	3923
08_237v	2801	3923
08_238r	2800	3923
08_238v	2801	3923
08_239r	2800	3923
08_239v	3923	2801
08_240r	2800	3923
08_240v	2801	3923
08_241r	2800	3923
08_241v	2801	3923
08_242r	2800	3923
08_242v	2801	3923
08_243r	2800	3923
08_243v	3922	2801
08_244r	2800	3922
08_244v	2801	3922
08_245r	2800	3922
08_245v	2801	3922
08_246r	2800	3922
08_246v	2801	3922
08_247r	2800	3922
08_247v	3922	2801
08_248r	2800	3922
08_248v	2801	3922
08_249r	2801	3922
08_249v	2801	3922
08_250r	2801	3922
08_250v	2800	3923
08_251r	2801	3923
08_251v	3923	2800
08_252r	2801	3923
08_252v	2800	3923
08_253r	2801	3923
08_253v	2800	3923
08_254r	2801	3923
08_254v	2800	3923
08_255r	2801	3923
08_255v	2800	3923
08_256r	2801	3923
08_256v	2800	3923
08_257r	2801	3923
08_257v	2800	3923
08_258r	2801	3923
08_258v	2800	3923
08_259r	2801	3923
08_259v	2800	3923
08_260r	2801	3923
08_260v	3923	2800
08_261r	2801	3923
08_261v	2800	3923
08_262r	2801	3923
08_262v	2800	3923
08_263r	2801	3923
08_263v	3922	2800
08_264r	2800	3922
08_264v	2801	3923
08_265r	2801	3923
08_265v	2801	3923
08_266r	2801	3923
08_266v	2801	3923
08_267r	2801	3923
08_267v	3923	2801
08_268r	2801	3923
08_268v	2801	3923
08_269r	2801	3923
08_269v	2801	3923
08_270r	2801	3923
08_270v	2801	3923
08_271r	2801	3923
08_271v	2801	3923
08_272r	2801	3923
08_272v	2801	3923
08_273r	2801	3923
08_273v	2801	3923
08_274r	2801	3923
08_274v	2801	3923
08_275r	2801	3923
08_275v	2801	3923
08_276r	2801	3923
08_276v	2801	3923
08_277r	2801	3923
08_277v	2801	3923
08_278r	2801	3923
08_278v	2801	3923
08_279r	2801	3923
08_279v	2801	3923
08_280r	2627	3833
08_280v	2801	3923
08_281r	2669	3845
08_281v	2801	3923
08_282r	2801	3923
08_282v	2801	3923
08_283r	2801	3923
08_283v	2801	3923
08_284r	2801	3923
08_284v	2801	3923
08_285r	2801	3923
08_285v	2801	3951
08_286r	2801	3951
08_286v	2801	3951
08_287r	2801	3951
08_287v	2800	3951
08_288r	2800	3951
08_288v	2800	3951
08_289r	2800	3951
08_289v	2800	3951
08_290r	2800	3951
08_290v	2800	3951
08_291r	2800	3951
08_291v	2800	3951
08_292r	2800	3951
08_292v	2800	3951
08_293r	2800	3951
08_293v	2800	3951
08_294r	2800	3951
08_294v	2800	3951
08_295r	2800	3951
08_295v	2800	3951
08_296r	2800	3951
08_296v	2801	3950
08_297r	2800	3950
08_297v	2801	3950
08_298r	2800	3950
08_298v	2801	3950
08_299r	2800	3950
08_299v	2800	3951
08_300r	2800	3951
08_300v	2800	3951
08_301r	2800	3951
08_301v	2800	3951
08_302r	2800	3951
08_302v	2800	3951
08_303r	2800	3951
08_303v	2800	3951
08_304r	2800	3951
08_304v	2800	3951
08_305r	2800	3951
08_305v	2801	3951
08_306r	2801	3951
08_306v	2801	3951
08_307r	2801	3951
08_307v	2801	3951
08_308r	2801	3951
08_308v	2801	3951
08_309r	2801	3951
08_309v	2801	3951
08_310r	2801	3951
08_310v	2801	3951
08_311r	2801	3951
08_311v	2801	3951
08_312r	2801	3951
08_312v	2801	3951
08_313r	2801	3951
08_313v	2801	3950
08_314r	2801	3950
08_314v	2801	3950
08_315r	2801	3950
08_315v	2801	3950
08_316r	2801	3950
08_316v	2801	3950
08_317r	2801	3950
08_317v	2801	3928
08_318r	2801	3928
08_318v	2801	3928
08_319r	2801	3928
08_319v	2801	3928
08_320r	2801	3928
08_320v	2801	3928
08_321r	2801	3928
08_321v	2801	3928
08_322r	2801	3928
08_322v	2801	3928
08_323r	2801	3928
08_323v	2800	3928
08_324r	2800	3928
08_324v	2800	3928
08_325r	2800	3928
08_325v	2800	3928
08_326r	2800	3928
08_326v	2800	3928
08_327r	2800	3928
08_327v	2800	3928
08_328r	2800	3928
08_328v	2800	3928
08_329r	2800	3928
08_329v	2800	3928
08_330r	2800	3928
08_330v	2800	3928
08_331r	2800	3928
08_331v	2800	3928
08_332r	2800	3928
08_332v	2800	3928
08_333r	2800	3928
08_333v	2800	3928
08_334r	2800	3928
08_334v	2800	3928
08_335r	2800	3928
08_335v	2800	3928
08_336r	2800	3928
08_336v	2800	3928
08_337r	2800	3928
08_337v	2800	3928
08_338r	2800	3928
08_338v	2800	3928
08_339r	2800	3928
08_339v	2800	3928
08_340r	2800	3928
08_340v	2800	3928
08_341r	2800	3928
08_341v	2800	3928
08_342r	2800	3928
08_342v	2800	3928
08_343r	2800	3928
08_343v	2800	3928
08_344r	2800	3928
08_344v	2800	3928
08_345r	2800	3928
08_345v	2800	3928
08_346r	2800	3928
08_346v	2800	3928
08_347r	2800	3928
08_347v	2800	3928
08_348r	2800	3928
08_348v	2800	3929
08_349r	2800	3929
08_349v	2800	3929
08_350r	2800	3929
08_350v	2800	3929
08_351r	2800	3929
08_351v	2800	3929
08_352r	2800	3929
08_352v	2800	3929
08_353r	2800	3929
08_353v	2800	3929
08_354r	2800	3929
08_354v	2800	3929
08_355r	2800	3929
08_355v	2800	3929
08_356r	2800	3929
08_356v	2800	3929
08_357r	2800	3929
08_357v	2800	3929
08_358r	2800	3929
08_358v	2800	3929
08_359r	2800	3929
08_359v	2800	3912
08_360r	2800	3912
08_360v	2800	3912
08_361r	2800	3912
08_361v	2800	3912
08_362r	2800	3912
08_362v	2800	3912
08_363r	2800	3912
08_363v	2800	3912
08_364r	2800	3912
08_364v	2800	3912
08_365r	2800	3912
08_365v	2800	3912
08_366r	2800	3912
08_366v	2800	3912
08_367r	2800	3912
08_367v	2800	3912
08_368r	2800	3912
08_368v	2801	3912
08_369r	2800	3912
08_369v	2801	3912
08_370r	2800	3912
08_370v	2801	3912
08_371r	2800	3912
08_371v	2801	3911
08_372r	2800	3911
08_372v	2801	3911
08_373r	2800	3911
08_373v	3911	2801
08_374r	2800	3911
08_374v	2801	3911
08_375r	2800	3911
08_375v	2801	3911
08_376r	2800	3911
08_376v	2801	3911
08_377r	2800	3911
08_377v	2801	3911
08_378r	2800	3911
08_378v	3906	2790
08_379r	2789	3906
08_379v	2790	3906
08_380r	2789	3906
08_380v	2790	3906
08_381r	2789	3906
08_381v	2790	3906
08_382r	2789	3906
08_382v	3906	2790
08_383r	2789	3906
08_383v	2790	3906
08_384r	2789	3906
08_384v	2770	3906
08_385r	2770	3906
08_385v	2770	3906
08_386r	2770	3906
08_386v	2770	3906
08_387r	2770	3906
08_387v	2770	3906
08_388r	2770	3906
08_388v	2770	3906
08_389r	2770	3906
08_389v	2770	3906
08_390r	2770	3906
08_390v	2770	3906
08_391r	2770	3906
08_391v	2770	3906
08_392r	2770	3906
08_392v	2770	3906
08_393r	2770	3906
08_393v	2770	3906
08_394r	2770	3906
08_394v	2770	3906
08_395r	2770	3906
08_395v	2770	3906
08_396r	2770	3906
08_396v	2770	3906
08_397r	2770	3906
08_397v	2770	3906
08_398r	2770	3906
08_398v	2770	3906
08_399r	2770	3906
08_399v	2770	3906
08_400r	2770	3906
08_400v	2769	3906
08_401r	2769	3906
08_401v	2769	3906
08_402r	2769	3906
08_402v	2769	3906
08_403r	2769	3906
08_403v	2769	3906
08_404r	2769	3906
08_404v	2769	3906
08_405r	2769	3906
08_405v	2769	3906
08_406r	2769	3906
08_406v	2769	3906
08_407r	2769	3906
08_407v	2769	3906
08_408r	2769	3906
08_408v	2769	3906
08_409r	2769	3906
08_409v	2709	3861
08_410r	2709	3861
08_410v	2709	3861
08_411r	2709	3861
08_411v	2709	3861
08_412r	2709	3861
08_412v	2709	3861
08_413r	2709	3861
08_413v	3861	2709
08_414r	2709	3861
08_414v	2844	3894
08_415r	2844	3894
08_415v	2844	3894
08_416r	2844	3894
08_416v	2844	3894
08_417r	2844	3894
08_417v	2844	3894
08_418r	2844	3894
08_418v	3894	2844
08_419r	2844	3894
08_419v	2844	3894
08_420r	2844	3894
08_420v	2844	3894
08_421r	2844	3894
08_421v	2844	3894
08_422r	2844	3894
08_422v	2844	3894
08_423r	2844	3894
08_423v	2844	3894
08_424r	2844	3894
08_424v	3894	2844
08_425r	2844	3894
08_425v	2844	3894
08_426r	2844	3894
08_426v	2844	3894
08_427r	2844	3894
08_427v	2845	3895
08_428r	2845	3895
08_428v	2845	3895
08_429r	2845	3895
08_429v	2845	3895
08_430r	2845	3895
08_430v	2845	3895
08_431r	2845	3895
08_431v	2845	3895
08_432r	2845	3895
08_432v	2845	3895
08_433r	2845	3895
08_433v	2845	3895
08_434r	2845	3895
08_434v	2845	3895
08_435r	2845	3895
08_435v	2845	3895
08_436r	2845	3895
08_436v	2845	3895
08_437r	2845	3895
08_437v	2845	3895
08_438r	2845	3895
08_438v	2844	3894
08_439r	2845	3894
08_439v	2844	3894
08_440r	2845	3894
08_440v	2844	3912
08_441r	2845	3912
08_441v	2745	3912
08_442r	2745	3912
08_442v	2745	3912
08_443r	2745	3912
08_443v	2745	3912
08_444r	2745	3912
08_444v	2803	4017
08_445r	2803	4017
08_445v	2803	4017
08_446r	2803	4017
08_446v	2803	4017
08_447r	2803	4017
08_447v	2803	4017
08_448r	2803	4017
08_448v	2803	4017
08_449r	2803	4017
08_449v	2804	4017
08_450r	2803	4017
08_450v	2804	4017
08_451r	2803	4017
08_451v	2804	4017
08_452r	2803	4017
08_452v	2804	4017
08_453r	2803	4017
08_453v	2803	3892
08_454r	2803	3892
08_454v	2803	3892
08_455r	2803	3892
08_455v	2803	3892
08_456r	2803	3892
08_456v	2803	3892
08_457r	2803	3892
08_457v	2759	3892
08_458r	2759	3892
08_458v	2759	3892
08_459r	2759	3892
08_459v	2759	3892
08_460r	2759	3892
08_460v	2759	3892
08_461r	2759	3892
08_461v	2759	3892
08_462r	2759	3892
08_462v	2759	3892
08_463r	2759	3892
08_463v	2759	3892
08_464r	2759	3892
08_464v	2759	3892
08_465r	2759	3892
08_465v	2759	3892
08_466r	2759	3892
08_466v	2759	3892
08_467r	2759	3892
08_467v	2759	3892
08_468r	2759	3892
08_468v	2759	3892
08_469r	2759	3892
08_469v	2759	3892
08_470r	2759	3892
08_470v	2759	3892
08_471r	2759	3892
08_471v	2759	3892
08_472r	2759	3892
08_472v	2759	3892
08_473r	2759	3892
08_473v	2720	3892
08_474r	2720	3892
08_474v	2720	3892
08_475r	2720	3892
08_475v	2720	3892
08_476r	2720	3892
08_476v	2720	3892
08_477r	2720	3892
08_477v	2720	3892
08_478r	2720	3892
08_478v	2720	3892
08_479r	2720	3892
08_479v	2720	3892
08_480r	2720	3892
08_480v	2720	3892
08_481r	2720	3892
08_481v	2720	3892
08_482r	2720	3892
08_482v	2720	3892
08_483r	2720	3892
08_483v	2720	3892
08_484r	2720	3892
08_484v	2720	3892
08_485r	2720	3892
08_485v	2720	3892
08_486r	2720	3892
08_486v	2720	3892
08_487r	2720	3892
08_487v	2720	3892
08_488r	2720	3892
08_488v	2720	3892
08_489r	2720	3892
08_489v	2720	3892
08_490r	2720	3892
08_490v	2720	3892
08_491r	2720	3892
08_491v	2625	3892
08_492r	2625	3892
08_492v	2625	3892
08_493r	2625	3892
08_493v	2625	3892
08_494r	2625	3892
08_494v	2625	3892
09_001r	4128	5424
09_001v	3840	5440
09_002r	4016	5432
09_002v	3840	5440
09_003r	4016	5432
09_003v	3840	5440
09_004r	4016	5432
09_004v	3840	5440
09_005r	3864	5432
09_005v	3840	5440
09_006r	3864	5432
09_006v	3840	5440
09_007r	3864	5432
09_007v	3840	5440
09_008r	3864	5432
09_008v	3840	5440
09_009r	3864	5432
09_009v	3840	5440
09_010r	3864	5432
09_010v	3840	5440
09_011r	3864	5432
09_011v	3768	5440
09_012r	3944	5432
09_012v	3768	5440
09_013r	3944	5432
09_013v	3768	5440
09_014r	3944	5432
09_014v	3768	5440
09_015r	3944	5432
09_015v	3768	5440
09_016r	3944	5432
09_016v	3768	5440
09_017r	3944	5432
09_017v	3768	5440
09_018r	3944	5432
09_018v	3768	5440
09_019r	3944	5432
09_019v	3768	5440
09_020r	3944	5432
09_020v	3768	5440
09_021r	3944	5432
09_021v	3768	5440
09_022r	3944	5432
09_022v	3768	5440
09_023r	3944	5432
09_023v	3768	5440
09_024r	3944	5432
09_024v	3768	5440
09_025r	3944	5432
09_025v	3768	5440
09_026r	3944	5432
09_026v	3768	5440
09_027r	3944	5432
09_027v	5440	3768
09_028r	3944	5432
09_028v	3768	5440
09_029r	3944	5432
09_029v	3768	5440
09_030r	3944	5432
09_030v	3768	5440
09_031r	3944	5432
09_031v	5440	3768
09_032r	3944	5432
09_032v	3784	5448
09_033r	3960	5448
09_033v	5448	3784
09_034r	3960	5448
09_034v	3784	5448
09_035r	3960	5448
09_035v	3784	5448
09_036r	3960	5448
09_036v	3864	5448
09_037r	3920	5448
09_037v	3864	5448
09_038r	3920	5448
09_038v	3864	5448
09_039r	3920	5448
09_039v	5448	3864
09_040r	3920	5448
09_040v	3864	5448
09_041r	3920	5448
09_041v	3864	5448
09_042r	3920	5448
09_042v	5448	3864
09_043r	3920	5448
09_043v	3864	5448
09_044r	3920	5448
09_044v	3864	5448
09_045r	3920	5448
09_045v	3864	5448
09_046r	3920	5448
09_046v	5448	3864
09_047r	3920	5448
09_047v	3864	5448
09_048r	3920	5448
09_048v	3864	5448
09_049r	3920	5448
09_049v	5448	3864
09_050r	3920	5448
09_050v	3864	5448
09_051r	3920	5448
09_051v	5448	3992
09_052r	4064	5448
09_052v	3992	5448
09_053r	4064	5448
09_053v	3992	5448
09_054r	4064	5448
09_054v	3992	5448
09_055r	4064	5448
09_055v	3992	5448
09_056r	4064	5448
09_056v	3992	5448
09_057r	4064	5448
09_057v	3992	5448
09_058r	4064	5448
09_058v	3992	5448
09_059r	4064	5448
09_059v	3992	5448
09_060r	4064	5448
09_060v	3992	5448
09_061r	4064	5448
09_061v	3992	5448
09_062r	4064	5448
09_062v	3992	5448
09_063r	4064	5448
09_063v	3992	5448
09_064r	4064	5448
09_064v	3992	5448
09_065r	4064	5448
09_065v	3992	5448
09_066r	4064	5448
09_066v	3992	5448
09_067r	4064	5448
09_067v	3992	5448
09_068r	4064	5448
09_068v	3992	5448
09_069r	4064	5448
09_069v	3992	5448
09_070r	4064	5448
09_070v	3992	5448
09_071r	4064	5448
09_071v	3992	5448
09_072r	4064	5448
09_072v	3992	5448
09_073r	4064	5448
09_073v	3992	5448
09_074r	4064	5448
09_074v	3992	5448
09_075r	4064	5448
09_075v	3992	5448
09_076r	4064	5448
09_076v	3992	5448
09_077r	4064	5448
09_077v	3992	5448
09_078r	4064	5448
09_078v	3992	5448
09_079r	4064	5448
09_079v	3992	5448
09_080r	4064	5448
09_080v	3992	5448
09_081r	4064	5448
09_081v	3992	5448
09_082r	4064	5448
09_082v	3992	5448
09_083r	4064	5448
09_083v	3992	5448
09_084r	4064	5448
09_084v	3992	5448
09_085r	4064	5448
09_085v	3992	5448
09_086r	4064	5448
09_086v	3992	5448
09_087r	4064	5448
09_087v	3992	5448
09_088r	4064	5448
09_088v	3992	5448
09_089r	4064	5448
09_089v	3992	5448
09_090r	4064	5448
09_090v	3992	5448
09_091r	4064	5448
09_091v	3992	5448
09_092r	4064	5448
09_092v	3992	5448
09_093r	4064	5448
09_093v	4160	5448
09_094r	4064	5448
09_094v	4160	5448
09_095r	4064	5448
09_095v	4160	5448
09_096r	4064	5448
09_096v	4160	5448
09_097r	4064	5448
09_097v	4160	5448
09_098r	4064	5448
09_098v	4160	5448
09_099r	4064	5448
09_099v	4128	5448
09_100r	4128	5448
09_100v	4128	5448
09_101r	4128	5448
09_101v	4128	5448
09_102r	4128	5448
09_102v	4128	5448
09_103r	4128	5448
09_103v	4128	5448
09_104r	4128	5448
09_104v	4128	5448
09_105r	4128	5448
09_105v	4128	5448
09_106r	4128	5448
09_106v	4128	5448
09_107r	4128	5448
09_107v	4128	5448
09_108r	4128	5448
09_108v	4128	5448
09_109r	4128	5448
09_109v	4128	5448
09_110r	4128	5448
09_110v	4128	5448
09_111r	4128	5448
09_111v	4128	5448
09_112r	4128	5448
09_112v	4128	5448
09_113r	4128	5448
09_113v	4128	5448
09_114r	4128	5448
09_114v	4128	5448
09_115r	4128	5448
09_115v	4128	5448
09_116r	4128	5448
09_116v	4128	5448
09_117r	4128	5448
09_117v	4128	5448
09_118r	4128	5448
09_118v	4128	5448
09_119r	4128	5448
09_119v	4128	5448
09_121r	4128	5448
09_121v	4128	5448
09_122r	4128	5448
09_122v	4128	5448
09_123r	4128	5448
09_123v	4128	5448
09_124r	4128	5448
09_124v	4128	5448
09_125r	4128	5448
09_125v	4128	5448
09_126r	4128	5448
09_126v	4128	5448
09_127r	4128	5448
09_127v	4128	5448
09_128r	4128	5448
09_128v	4128	5448
09_129r	4128	5448
09_129v	4128	5448
09_130r	4128	5448
09_130v	4128	5448
09_131r	4128	5448
09_131v	4128	5448
09_132r	4128	5448
09_132v	4128	5448
09_133r	4128	5448
09_133v	4128	5448
09_134r	4128	5448
09_134v	4136	5448
09_135r	4128	5448
09_135v	4136	5448
09_136r	4128	5448
09_136v	4136	5448
09_137r	4128	5448
09_137v	4136	5448
09_138r	4128	5448
09_138v	4136	5448
09_139r	4128	5448
09_139v	4136	5448
09_140r	4128	5448
09_140v	4136	5448
09_141r	4128	5448
09_141v	4136	5448
09_142r	4128	5448
09_142v	4136	5448
09_143r	4128	5448
09_143v	4136	5448
09_144r	4128	5448
09_144v	4136	5448
09_145r	4128	5448
09_145v	4136	5448
09_146r	4128	5448
09_146v	4136	5448
09_147r	4128	5448
09_147v	4136	5448
09_148r	4128	5448
09_148v	4136	5448
09_149r	4128	5448
09_149v	4136	5448
09_150r	4128	5448
09_150v	4136	5448
09_151r	4128	5448
09_151v	4224	5448
09_152r	4008	5448
09_152v	4224	5448
09_153r	4008	5448
09_153v	4224	5448
09_154r	4008	5448
09_154v	4224	5448
09_155r	4008	5448
09_155v	4224	5448
09_156r	4008	5448
09_156v	4224	5448
09_157r	4008	5448
09_157v	4224	5448
09_158r	4008	5448
09_158v	4224	5448
09_159r	4008	5448
09_159v	4224	5448
09_160r	4008	5448
09_160v	4224	5448
09_161r	4008	5448
09_161v	4224	5448
09_162r	4008	5448
09_162v	4224	5448
09_163r	4008	5448
09_163v	4224	5448
09_164r	4008	5448
09_164v	4224	5448
09_165r	4008	5448
09_165v	4224	5448
09_166r	4008	5448
09_166v	4224	5448
09_167r	4008	5448
09_167v	4224	5448
09_168r	4008	5448
09_168v	4224	5448
09_169r	4008	5448
09_169v	4224	5448
09_170r	4008	5448
09_170v	4224	5448
09_171r	4008	5448
09_171v	4224	5448
09_172r	4008	5448
09_172v	4224	5448
09_173r	4008	5448
09_173v	4224	5448
09_174r	4008	5448
09_174v	4224	5448
09_175r	4008	5448
09_175v	4224	5448
09_176r	4008	5448
09_176v	4224	5448
09_177r	4008	5448
09_177v	4224	5448
09_178r	4008	5448
09_178v	4224	5448
09_179r	4008	5448
09_179v	4224	5448
09_180r	4008	5448
09_180v	4224	5448
09_181r	4008	5448
09_181v	4224	5448
09_182r	4008	5448
09_182v	4224	5448
09_183r	4008	5448
09_183v	4224	5448
09_184r	4008	5448
09_184v	4224	5448
09_185r	4008	5448
09_185v	4224	5448
09_186r	4008	5448
09_186v	4224	5448
09_187r	4008	5448
09_187v	4224	5448
09_188r	4008	5448
09_188v	4224	5448
09_189r	4008	5448
09_189v	4296	5472
09_190r	4024	5472
09_190v	4296	5472
09_191r	4024	5472
09_191v	4296	5472
09_192r	4024	5472
09_192v	4296	5472
09_193r	4024	5472
09_193v	4296	5472
09_194r	4024	5472
09_194v	4296	5472
09_195r	4024	5472
09_195v	4296	5472
09_196r	4024	5472
09_196v	4296	5472
09_197r	4024	5472
09_197v	4296	5472
09_198r	4024	5472
09_198v	4296	5472
09_199r	4024	5472
09_199v	4120	5472
09_200r	4024	5472
09_200v	4120	5472
09_201r	4024	5472
09_201v	4120	5472
09_202r	4024	5472
09_202v	4120	5472
09_203r	4024	5472
09_203v	4120	5472
09_204r	4024	5472
09_204v	4120	5472
09_205r	4024	5472
09_205v	4120	5472
09_206r	4024	5472
09_206v	4120	5472
09_207r	4024	5472
09_207v	4120	5472
09_208r	4024	5472
09_208v	3984	5560
09_209r	4104	5552
09_209v	3984	5560
09_210r	4104	5552
09_210v	3984	5560
09_211r	4104	5552
09_211v	3984	5560
09_212r	4104	5552
09_212v	3984	5560
09_213r	4104	5552
09_213v	3984	5560
09_214r	4104	5552
09_214v	3984	5560
09_215r	4104	5552
09_215v	3984	5560
09_216r	4104	5552
09_216v	3984	5560
09_217r	4104	5552
09_217v	3984	5560
09_218r	4104	5552
09_218v	3984	5560
09_219r	4104	5552
09_219v	3984	5560
09_220r	4104	5552
09_220v	3984	5560
09_221r	4104	5552
09_221v	3976	5560
09_222r	4072	5552
09_222v	3976	5560
09_223r	4072	5552
09_223v	3976	5560
09_224r	4072	5552
09_224v	3976	5560
09_225r	4072	5552
09_225v	3976	5560
09_226r	4072	5552
09_226v	5560	3976
09_227r	4072	5552
09_227v	3976	5560
09_228r	4072	5552
09_228v	3976	5560
09_229r	4072	5552
09_229v	3976	5560
09_230r	4072	5552
09_230v	5560	3976
09_231r	4072	5552
09_231v	4096	5560
09_232r	3952	5552
09_232v	4096	5560
09_233r	3952	5552
09_233v	4096	5560
09_234r	3952	5552
09_234v	5560	4096
09_235r	3952	5552
09_235v	4096	5560
09_236r	3952	5552
09_236v	4096	5560
09_237r	3952	5552
09_237v	4120	5560
09_238r	3952	5552
09_238v	5560	4120
09_239r	3952	5552
09_239v	4120	5560
09_240r	3952	5552
09_240v	5560	4120
09_241r	3952	5552
09_241v	4120	5560
09_242r	3952	5552
09_242v	5560	4120
09_243r	3952	5552
09_243v	4120	5560
09_244r	3952	5552
09_244v	4120	5560
09_245r	3952	5552
09_245v	4120	5560
09_246r	3952	5552
09_246v	5560	4120
09_247r	3952	5552
09_247v	4120	5560
09_248r	3952	5552
09_248v	5560	4120
09_249r	3952	5552
09_249v	5560	4120
09_250r	3952	5552
09_250v	4120	5560
09_251r	3952	5552
09_251v	5560	4120
09_252r	3952	5552
09_252v	4120	5560
09_253r	3952	5552
09_253v	4120	5560
09_254r	3952	5552
09_254v	4120	5560
09_255r	3952	5552
09_255v	5560	4120
09_256r	3952	5552
09_256v	4088	5560
09_257r	4104	5552
09_257v	4088	5560
09_258r	4104	5552
09_258v	5560	4088
09_259r	4104	5552
09_259v	5560	4088
09_260r	4104	5552
09_260v	4088	5560
09_261r	4104	5552
09_261v	4088	5560
09_262r	4104	5552
09_262v	4088	5560
09_263r	4104	5552
09_263v	4088	5560
09_264r	4104	5552
09_264v	4088	5560
09_265r	4104	5552
09_265v	4088	5560
09_266r	4104	5552
09_266v	4088	5560
09_267r	4240	5552
09_267v	4088	5560
09_268r	4240	5552
09_268v	4088	5560
09_269r	4240	5552
09_269v	4088	5560
09_270r	4240	5552
09_270v	4088	5560
09_271r	4240	5552
09_271v	4088	5560
09_272r	4240	5552
09_272v	4088	5560
09_273r	4240	5552
09_273v	4088	5560
09_274r	4240	5552
09_274v	4088	5560
09_275r	4240	5552
09_275v	4224	5480
09_276r	4240	5464
09_276v	4224	5480
09_277r	4240	5464
09_277v	4224	5480
09_278r	4240	5464
09_278v	4224	5480
09_279r	4240	5464
09_279v	4224	5480
09_280r	4240	5464
09_280v	4224	5480
09_281r	4240	5464
09_281v	4224	5480
09_282r	4240	5464
09_282v	4224	5480
09_283r	4240	5464
09_283v	4224	5480
09_284r	4240	5464
09_284v	4224	5480
09_285r	4240	5464
09_285v	4224	5480
09_286r	4240	5464
09_286v	4224	5480
09_287r	4240	5464
09_287v	4224	5480
09_288r	4240	5464
09_288v	4224	5480
09_289r	4240	5464
09_289v	4224	5480
09_290r	4240	5464
09_290v	4224	5480
09_291r	4240	5464
09_291v	4040	5480
09_292r	4064	5464
09_292v	4040	5480
09_293r	4064	5464
09_293v	4040	5480
09_294r	4064	5464
09_294v	4040	5480
09_295r	4064	5464
09_295v	4040	5480
09_296r	4064	5464
09_296v	4216	5480
09_297r	4232	5464
09_297v	4216	5480
09_298r	4232	5464
09_298v	4112	5480
09_299r	4112	5464
09_299v	4112	5480
09_300r	4112	5464
09_300v	4112	5480
09_301r	4112	5464
09_301v	4112	5480
09_302r	4160	5464
09_302v	4112	5480
09_303r	4160	5464
09_303v	4112	5480
09_304r	4160	5464
09_304v	4112	5480
09_305r	4160	5464
09_305v	4112	5480
09_306r	4160	5464
09_306v	4112	5480
09_307r	4160	5464
09_307v	4112	5480
09_308r	4160	5464
09_308v	4112	5480
09_309r	4160	5464
09_309v	4112	5480
09_310r	4160	5464
09_310v	4112	5480
09_311r	4160	5464
09_311v	4112	5480
09_312r	4160	5464
09_312v	4112	5480
09_313r	4160	5464
09_313v	4112	5480
09_314r	4160	5464
09_314v	4112	5480
09_315r	4160	5464
09_315v	4112	5480
09_316r	4160	5464
09_316v	4112	5480
09_317r	4160	5464
09_317v	4112	5480
09_318r	4160	5464
09_318v	4112	5480
09_319r	4160	5464
09_319v	4112	5480
09_320r	4160	5464
09_320v	4120	5472
09_321r	4160	5456
09_321v	4120	5472
09_322r	4160	5456
09_322v	4120	5472
09_323r	4160	5456
09_323v	4120	5472
09_324r	4160	5456
09_324v	4120	5472
09_325r	4160	5456
09_325v	4120	5472
09_326r	4160	5456
09_326v	4120	5472
09_327r	4160	5456
09_327v	4120	5472
09_328r	4160	5456
09_328v	4120	5472
09_329r	4160	5456
09_329v	4120	5472
09_330r	4160	5456
09_330v	4120	5472
09_331r	4160	5456
09_331v	4120	5472
09_332r	4160	5456
09_332v	4120	5472
09_333r	4160	5456
09_333v	4120	5472
09_334r	4160	5456
09_334v	4120	5472
09_335r	4160	5456
09_335v	4120	5472
09_336r	4160	5456
09_336v	4120	5472
09_337r	4160	5456
09_337v	4120	5472
09_338r	4160	5456
09_338v	4120	5472
09_339r	4160	5456
09_339v	4120	5472
09_340r	4160	5456
09_340v	4008	5472
09_341r	4264	5456
09_341v	4008	5472
09_342r	4264	5456
09_342v	4008	5472
09_343r	4264	5456
09_343v	4008	5472
09_344r	4264	5456
09_344v	4008	5472
09_345r	4264	5456
09_345v	4008	5472
09_346r	4264	5456
09_346v	4008	5472
09_347r	4264	5456
09_347v	4008	5472
09_348r	4264	5456
09_348v	4008	5472
09_349r	4264	5456
09_349v	4008	5472
09_350r	4128	5456
09_350v	4008	5472
09_351r	4128	5456
09_351v	4008	5472
09_352r	4128	5456
09_352v	4008	5472
09_353r	4128	5456
09_353v	4008	5472
09_354r	4128	5456
09_354v	4008	5472
09_355r	4128	5456
09_355v	4008	5472
09_356r	4128	5456
09_356v	4008	5472
09_357r	4128	5456
09_357v	4008	5472
09_358r	4128	5456
09_358v	4008	5472
09_359r	4128	5456
09_359v	4008	5472
09_360r	4128	5456
09_360v	4008	5472
09_361r	4128	5456
09_361v	4008	5472
09_362r	4128	5456
09_362v	4120	5472
09_363r	4040	5456
09_363v	4120	5472
09_364r	4040	5456
09_364v	4120	5472
09_365r	4040	5456
09_365v	4120	5472
09_366r	4040	5456
09_366v	4120	5472
09_367r	4040	5456
09_367v	4120	5472
09_368r	4040	5456
09_368v	4144	5472
09_369r	4120	5456
09_369v	4144	5472
09_370r	4120	5456
09_370v	4144	5472
09_371r	4120	5456
09_371v	4144	5472
09_372r	4120	5456
09_372v	4144	5472
09_373r	4120	5456
09_373v	4144	5472
09_374r	4120	5456
09_374v	4144	5472
09_375r	4120	5456
09_375v	4144	5472
09_376r	4120	5456
09_376v	4144	5472
09_377r	4120	5456
09_377v	4144	5472
09_378r	4120	5456
09_378v	4144	5472
09_379r	4120	5456
09_379v	4144	5472
09_380r	4120	5456
09_380v	4144	5472
09_381r	4120	5456
09_381v	4144	5472
09_382r	4120	5456
09_382v	4144	5472
09_383r	4120	5456
09_383v	4144	5472
09_384r	4120	5456
09_384v	4144	5472
09_385r	4120	5456
09_385v	4144	5472
09_386r	4120	5456
09_386v	4144	5472
09_387r	4120	5456
09_387v	4144	5472
09_388r	4120	5456
09_388v	4144	5472
09_389r	4120	5456
09_389v	4144	5472
09_390r	4120	5456
09_390v	4144	5472
09_391r	4120	5456
09_391v	4144	5472
09_392r	4120	5456
09_392v	4144	5472
09_393r	4120	5456
09_393v	4144	5472
09_394r	4120	5456
09_394v	4144	5472
09_395r	4120	5456
09_395v	4144	5472
09_396r	4120	5456
09_396v	4040	5496
09_397r	3936	5504
09_397v	4040	5496
09_398r	3936	5504
09_398v	4040	5496
09_399r	3936	5504
09_399v	3936	5496
09_400r	3960	5504
09_400v	3936	5496
09_401r	3960	5504
09_401v	3936	5496
09_402r	3960	5504
09_402v	3936	5496
09_403r	3960	5504
09_403v	3936	5496
09_404r	3960	5504
09_404v	3936	5496
09_405r	3960	5504
09_405v	3992	5496
09_406bisr	3960	5504
09_406bisv	3992	5496
09_406r	3960	5504
09_406v	3992	5496
09_407r	3960	5504
09_407v	4064	5496
09_408r	3888	5504
09_408v	4064	5496
09_409r	3888	5504
09_409v	4064	5496
09_410r	3888	5504
09_410v	5496	4064
09_411r	3888	5504
09_411v	4064	5496
09_412r	3888	5504
09_412v	4064	5496
09_413r	3888	5504
09_413v	4064	5496
09_414r	3888	5504
09_414v	4064	5496
09_415r	3888	5504
09_415v	4064	5496
09_416r	3888	5504
09_416v	4064	5496
09_417r	3888	5504
09_417v	4064	5496
09_418r	3888	5504
09_418v	5496	4064
09_419r	3888	5504
09_419v	5496	4064
09_420r	3888	5504
09_420v	5496	4064
09_421r	3888	5504
09_421v	4064	5496
09_422r	3888	5504
09_422v	4064	5496
09_423r	3888	5504
09_423v	4064	5496
09_424r	3888	5504
09_424v	4064	5496
09_425r	3888	5504
09_425v	4064	5496
09_426r	3888	5504
09_426v	4064	5496
09_427r	3888	5504
09_427v	4064	5496
09_428r	3888	5504
09_428v	4064	5496
09_429r	3888	5504
09_429v	4000	5496
09_430r	3952	5504
09_430v	4000	5496
09_431r	3952	5504
09_431v	4000	5496
09_432r	3952	5504
09_432v	4000	5496
09_433r	3952	5504
09_433v	4000	5488
09_434r	3944	5504
09_434v	5488	4104
09_435r	3864	5504
09_435v	5488	4104
09_436r	3864	5504
09_436v	5488	4104
09_437r	3864	5504
09_437v	4104	5488
09_438r	3864	5504
09_438v	4104	5488
09_439r	3864	5504
09_439v	4104	5488
09_440r	3864	5504
09_440v	4104	5488
09_441r	3864	5504
09_441v	4104	5488
09_442r	3864	5504
09_442v	4104	5488
09_443r	3864	5504
09_443v	4104	5488
09_444r	3864	5504
09_444v	4104	5488
09_445r	3864	5504
09_445v	4104	5488
09_446r	3864	5504
09_446v	4104	5488
09_447r	3864	5504
09_447v	4104	5488
09_448r	3864	5504
09_448v	4104	5488
09_449r	3864	5504
09_449v	4104	5488
09_450r	3864	5504
09_450v	4104	5488
09_451r	3864	5504
09_451v	4104	5488
09_452r	3864	5504
09_452v	4104	5488
09_453r	3864	5504
09_453v	4104	5488
09_454r	3864	5504
09_454v	4104	5488
09_455r	3864	5504
09_455v	4104	5488
09_456r	3864	5504
09_456v	4104	5488
09_457r	3864	5504
09_457v	4104	5488
09_458r	3864	5504
09_458v	4104	5488
09_459r	3864	5504
09_459v	4048	5488
09_460r	3952	5504
09_460v	4048	5488
09_461r	3952	5504
09_461v	4048	5488
09_462r	3952	5504
09_462v	5488	4048
09_463r	3952	5504
09_463v	4048	5488
09_464r	3952	5504
09_464v	5488	4048
09_465r	3952	5504
09_465v	4048	5488
09_466r	3880	5504
09_466v	4048	5488
09_467r	3880	5504
09_467v	4048	5488
09_468r	3880	5504
09_468v	5488	4048
09_469r	3880	5504
09_469v	4048	5488
09_470r	3880	5504
09_470v	4048	5488
09_471r	3880	5504
09_471v	4048	5488
09_472r	3880	5504
09_472v	5488	4048
09b_001r	4025	5392
09b_001v	3909	5278
09b_002r	3809	5278
09b_002v	3934	5264
09b_003r	3756	5264
09b_003v	3736	4900
09b_004r	3726	4900
09b_004v	3756	4900
09b_005r	3706	4900
09b_005v	3755	4900
09b_006r	3707	4900
09b_006v	3760	4900
09b_007r	3702	4900
09b_007v	3768	4900
09b_008r	3694	4900
09b_008v	3751	4900
09b_009r	3711	4900
09b_009v	3732	4900
09b_010r	3730	4900
09b_010v	3720	4900
09b_011r	3742	4900
09b_011v	3715	4900
09b_012r	3747	4900
09b_012v	3742	4929
09b_013r	3720	4929
09b_013v	3765	4929
09b_014r	3697	4929
09b_014v	3791	4929
09b_015r	3671	4929
09b_015v	3798	4929
09b_016r	3664	4929
09b_016v	3780	4929
09b_017r	3682	4929
09b_017v	3773	4929
09b_018r	3689	4929
09b_018v	3804	4929
09b_019r	3658	4929
09b_019v	3810	4929
09b_020r	3652	4929
09b_020v	3810	4929
09b_021r	3652	4929
09b_021v	3811	4929
09b_022r	3651	4929
09b_022v	3752	5007
09b_023r	3717	5007
09b_023v	3762	5007
09b_024r	3707	5007
09b_024v	3754	5007
09b_025r	3715	5007
09b_025v	3806	5007
09b_026r	3663	5007
09b_026v	3752	5007
09b_027r	3717	5007
09b_027v	3764	5007
09b_028r	3705	5007
09b_028v	3722	5007
09b_029r	3561	5007
09b_029v	3728	5007
09b_030r	3555	5007
09b_030v	3700	5007
09b_031r	3583	5007
09b_031v	3708	5007
09b_032r	3575	5007
09b_032v	3720	5007
09b_033r	3563	5007
09b_033v	3718	5007
09b_034r	3565	5007
09b_034v	3712	5007
09b_035r	3571	5007
09b_035v	3710	5007
09b_036r	3573	5007
09b_036v	3714	5007
09b_037r	3569	5007
09b_037v	3716	5007
09b_038r	3567	5007
09b_038v	3716	5007
09b_039r	3567	5007
09b_039v	3716	5007
09b_040r	3567	5007
09b_040v	3700	5007
09b_041r	3583	5007
09b_041v	3712	5007
09b_042r	3621	5007
09b_042v	3668	5007
09b_043r	3665	5007
09b_043v	3668	5007
09b_044r	3665	5007
09b_044v	3668	5007
09b_045r	3665	5007
09b_045v	3664	5007
09b_046r	3669	5007
09b_046v	3680	5007
09b_047r	3653	5007
09b_047v	3686	5007
09b_048r	3647	5007
09b_048v	3696	5007
09b_049r	3637	5007
09b_049v	3692	5242
09b_050r	3641	5242
09b_050v	3692	5242
09b_051r	3641	5242
09b_051v	3694	5300
09b_052r	3639	5300
09b_052v	3694	5300
09b_053r	3639	5300
09b_053v	3692	5300
09b_054r	3641	5300
09b_054v	3694	5300
09b_055r	3639	5300
09b_055v	3674	5300
09b_056r	3659	5300
09b_056v	3660	5300
09b_057r	3673	5300
09b_057v	3666	5300
09b_058r	3667	5300
09b_058v	3684	5300
09b_059r	3649	5300
09b_059v	3656	5300
09b_060r	3677	5300
09b_060v	3620	5300
09b_061r	3713	5300
09b_061v	3664	5300
09b_062r	3669	5300
09b_062v	3696	5300
09b_063r	3637	5300
09b_063v	3678	5300
09b_064r	3655	5300
09b_064v	3680	5300
09b_065r	3653	5300
09b_065v	3702	5300
09b_066r	3631	5300
09b_066v	3684	5300
09b_067r	3649	5300
09b_067v	3688	5300
09b_068r	3645	5300
09b_068v	3676	5300
09b_069r	3657	5300
09b_069v	3692	5300
09b_070r	3641	5300
09b_070v	3668	5300
09b_071r	3665	5300
09b_071v	3666	5300
09b_072r	3667	5300
09b_072v	3670	5300
09b_073r	3663	5300
09b_073v	3690	5300
09b_074r	3643	5300
09b_074v	3656	5300
09b_075r	3677	5300
09b_075v	3672	5300
09b_076r	3661	5300
09b_076v	3670	5300
09b_077r	3663	5300
09b_077v	3662	5300
09b_078r	3671	5300
09b_078v	3660	5300
09b_079r	3673	5300
09b_079v	3692	5300
09b_080r	3641	5300
09b_080v	3690	5300
09b_081r	3643	5300
09b_081v	3646	5300
09b_082r	3687	5300
09b_082v	3620	5300
09b_083r	3713	5300
09b_083v	3636	5300
09b_084r	3697	5300
09b_084v	3640	5300
09b_085r	3693	5300
09b_085v	3642	5300
09b_086r	3691	5300
09b_086v	3642	5300
09b_087r	3691	5300
09b_087v	3660	5300
09b_088r	3673	5300
09b_088v	3644	5300
09b_089r	3689	5300
09b_089v	3660	5300
09b_090r	3673	5300
09b_090v	3662	5300
09b_091r	3671	5300
09b_091v	3690	5300
09b_092r	3643	5300
09b_092v	3662	5300
09b_093r	3671	5300
09b_093v	4040	5642
10_001r	3129	4163
10_001v	3257	4163
10_002r	3078	4163
10_002v	3257	4163
10_003r	3078	4163
10_003v	3257	4163
10_004r	3078	4163
10_004v	3257	4163
10_005r	3078	4163
10_005v	3257	4163
10_006r	3078	4163
10_006v	3257	4163
10_007r	3078	4163
10_007v	3257	4163
10_008r	3078	4163
10_008v	3257	4163
10_009r	3078	4163
10_009v	3257	4163
10_010r	3078	4163
10_010v	3257	4163
10_011r	3078	4163
10_011v	3257	4163
10_012r	3078	4163
10_012v	3257	4163
10_013r	3078	4163
10_013v	3201	4163
10_014r	3081	4163
10_014v	3201	4163
10_015r	3081	4163
10_015v	3201	4163
10_016r	3081	4163
10_016v	3201	4163
10_017r	3081	4163
10_017v	3201	4163
10_018r	3081	4163
10_018v	3201	4163
10_019r	3081	4163
10_019v	3201	4163
10_020r	3081	4163
10_020v	3201	4163
10_021r	3081	4163
10_021v	3201	4163
10_022r	3081	4163
10_022v	3158	4163
10_023r	3038	4163
10_023v	3158	4163
10_024r	3038	4163
10_024v	3158	4163
10_025r	3038	4163
10_025v	3158	4163
10_026r	3038	4163
10_026v	3158	4163
10_027r	3038	4163
10_027v	3158	4163
10_028r	3038	4163
10_028v	3158	4163
10_029r	3038	4163
10_029v	3158	4163
10_030r	3038	4163
10_030v	3158	4163
10_031r	3038	4163
10_031v	3158	4163
10_032r	3038	4163
10_032v	3158	4163
10_033r	3038	4163
10_033v	3158	4163
10_034r	3038	4163
10_034v	3158	4163
10_035r	3038	4163
10_035v	3120	4163
10_036r	3000	4163
10_036v	3120	4163
10_037r	3000	4163
10_037v	3120	4163
10_038r	3000	4163
10_038v	3120	4163
10_039r	3000	4163
10_039v	3120	4163
10_040r	3000	4163
10_040v	3090	4163
10_041r	3030	4163
10_041v	3090	4163
10_042r	3030	4163
10_042v	3090	4163
10_043r	3030	4163
10_043v	3090	4163
10_044r	3030	4163
10_044v	3090	4163
10_045r	3030	4163
10_045v	3090	4163
10_046r	3030	4163
10_046v	3090	4163
10_047r	3030	4163
10_047v	3120	4163
10_048r	3000	4163
10_048v	3120	4163
10_049r	3000	4163
10_049v	3120	4163
10_050r	3000	4163
10_050v	3120	4163
10_051r	3000	4163
10_051v	3120	4163
10_052r	3000	4163
10_052v	3120	4163
10_053r	3000	4163
10_053v	3120	4163
10_054r	3000	4163
10_054v	3120	4163
10_055r	3000	4163
10_055v	3120	4163
10_056r	3000	4163
10_056v	3120	4163
10_057r	3000	4163
10_057v	3120	4163
10_058r	3000	4163
10_058v	3120	4163
10_059r	3000	4163
10_059v	3120	4163
10_060r	3000	4163
10_060v	3120	4163
10_061r	3000	4163
10_061v	3120	4163
10_062r	3000	4163
10_062v	3120	4163
10_063r	3000	4163
10_063v	3120	4163
10_064r	3000	4163
10_064v	3120	4163
10_065r	3000	4163
10_065v	3120	4163
10_066r	3000	4163
10_066v	3120	4163
10_067r	3000	4163
10_067v	3120	4163
10_068r	3000	4163
10_068v	3120	4163
10_069r	3000	4163
10_069v	3120	4163
10_070r	3000	4163
10_070v	3120	4163
10_071r	3000	4163
10_071v	3120	4163
10_072r	3000	4163
10_072v	3120	4163
10_073r	3000	4163
10_073v	3120	4163
10_074r	3000	4163
10_074v	3120	4163
10_075r	3000	4163
10_075v	4163	3120
10_076r	3000	4163
10_076v	3120	4163
10_077r	3000	4163
10_077v	3120	4163
10_078r	3000	4163
10_078v	3120	4163
10_079r	3000	4163
10_079v	4163	3120
10_080r	3000	4163
10_080v	3120	4163
10_081r	3000	4163
10_081v	3120	4163
10_082r	3000	4163
10_082v	3120	4163
10_083r	3000	4163
10_083v	4163	3120
10_084r	3000	4163
10_084v	3120	4163
10_085r	3000	4163
10_085v	3120	4163
10_086r	3000	4163
10_086v	3120	4163
10_087r	3000	4163
10_087v	4163	3120
10_088r	3000	4163
10_088v	3120	4163
10_089r	3000	4163
10_089v	4163	3120
10_090r	3000	4163
10_090v	3120	4163
10_091r	3000	4163
10_091v	3120	4163
10_092r	3000	4163
10_092v	3120	4163
10_093r	3000	4163
10_093v	3120	4163
10_094r	3000	4163
10_094v	4163	3120
10_095r	3000	4163
10_095v	3120	4163
10_096r	3000	4163
10_096v	3120	4163
10_097r	3000	4163
10_097v	3120	4163
10_098r	3000	4163
10_098v	3120	4163
10_099r	3000	4163
10_099v	3120	4163
10_100r	3000	4163
10_100v	3120	4163
10_101r	3000	4163
10_101v	4163	3120
10_102r	3000	4163
10_102v	3120	4163
10_103r	3000	4163
10_103v	3120	4163
10_104r	3000	4163
10_104v	3120	4163
10_105r	3000	4163
10_105v	3120	4163
10_106r	3000	4163
10_106v	4163	3120
10_107r	3000	4163
10_107v	3120	4163
10_108r	3000	4163
10_108v	3120	4163
10_109r	3000	4163
10_109v	3120	4163
10_110r	3000	4163
10_110v	3120	4163
10_111r	3000	4163
10_111v	3120	4163
10_112r	3000	4163
10_112v	3120	4163
10_113r	3000	4163
10_113v	4163	3120
10_114r	3000	4163
10_114v	3120	4163
10_115r	3000	4163
10_115v	3120	4163
10_116r	3000	4163
10_116v	3120	4163
10_117r	3000	4163
10_117v	4163	3120
10_118r	3000	4163
10_118v	3120	4163
10_119r	3000	4163
10_119v	3120	4163
10_120r	3000	4163
10_120v	3096	4088
10_121r	3036	4088
10_121v	3096	4088
10_122r	3036	4088
10_122v	3096	4088
10_123r	3036	4088
10_123v	3096	4088
10_124r	3036	4088
10_124v	3096	4088
10_125r	3036	4088
10_125v	3069	4088
10_126r	3009	4088
10_126v	3069	4088
10_127r	3009	4088
10_127v	3069	4088
10_128r	3009	4088
10_128v	3069	4088
10_129r	3009	4088
10_129v	4088	3069
10_130r	3009	4088
10_130v	3069	4088
10_131r	3009	4088
10_131v	3069	4088
10_132r	3009	4088
10_132v	3069	4088
10_133r	3009	4088
10_133v	3069	4088
10_134r	3009	4088
10_134v	3069	4088
10_135r	3009	4088
10_135v	3069	4088
10_136r	3009	4088
10_136v	3069	4088
10_137r	3009	4088
10_137v	3069	4088
10_138r	3009	4088
10_138v	3069	4088
10_139r	3009	4088
10_139v	3069	4088
10_140r	3009	4088
10_140v	3069	4088
10_141r	3009	4088
10_141v	3069	4088
10_142r	3009	4088
10_142v	3069	4088
10_143r	3009	4088
10_143v	3069	4088
10_144r	3009	4088
10_144v	3069	4088
10_145r	3009	4088
10_145v	3069	4088
10_146r	3009	4088
10_146v	3069	4088
10_147r	3009	4088
10_147v	4088	3069
10_148r	3009	4088
10_148v	3040	4088
10_149r	3070	4088
10_149v	3040	4088
10_150r	3070	4088
10_150v	3040	4088
10_151r	3070	4088
10_151v	3040	4088
10_152r	3070	4088
10_152v	3040	4088
10_153r	3070	4088
10_153v	3040	4088
10_154r	3070	4088
10_154v	3040	4088
10_155r	3070	4088
10_155v	3040	4035
10_156r	3070	4035
10_156v	3040	4035
10_157r	3070	4035
10_157v	3040	4035
10_158r	3070	4035
10_158v	3040	4035
10_159r	3070	4035
10_159v	3040	4035
10_160r	3070	4035
10_160v	3040	4035
10_161r	3070	4035
10_161v	2930	4035
10_162r	2961	4035
10_162v	2930	4035
10_163r	2961	4035
10_163v	2930	3970
10_164r	2961	3970
10_164v	2930	3970
10_165r	2961	3970
10_165v	2930	3970
10_166r	2961	3970
10_166v	2930	3970
10_167r	2961	3970
10_167v	2930	3970
10_168r	2961	3970
10_168v	2930	3970
10_169r	2961	3970
10_169v	2930	3970
10_170r	2961	3970
10_170v	2930	3970
10_171r	2961	3970
10_171v	2930	3970
10_172r	2961	3970
10_172v	2930	3970
10_173r	2961	3970
10_173v	2930	3970
10_174r	2961	3970
10_174v	2930	3970
10_175r	2961	3970
10_175v	2930	3970
10_176r	2961	3970
10_176v	2930	3970
10_177r	2961	3970
10_177v	2930	3970
10_178r	2961	3970
10_178v	2930	3970
10_179r	2961	3970
10_179v	2930	3970
10_180r	2961	3970
10_180v	2930	3970
10_181r	2961	3970
10_181v	2930	3970
10_182r	2961	3970
10_182v	2930	3970
10_183r	2961	3970
10_183v	2930	3970
10_184r	2961	3970
10_184v	2930	3970
10_185r	2961	3970
10_185v	2930	3970
10_186r	2961	3970
10_186v	2930	3970
10_187r	2961	3970
10_187v	2930	3970
10_188r	2961	3970
10_188v	2930	3970
10_189r	2961	3970
10_189v	2930	3970
10_190r	2961	3970
10_190v	2930	3970
10_191r	2961	3970
10_191v	2930	3970
10_192r	2961	3970
10_192v	2930	3970
10_193r	2961	3970
10_193v	2930	3970
10_194r	2961	3970
10_194v	2930	3970
10_195r	2961	3970
10_195v	2930	3970
10_196r	2961	3970
10_196v	2930	3970
10_197r	2961	3970
10_197v	2930	3970
10_198r	2961	3970
10_198v	2930	3970
10_199r	2961	3970
10_199v	2930	3970
10_200r	2961	3970
10_200v	2914	3970
10_201r	2944	3970
10_201v	2914	3970
10_202r	2944	3970
10_202v	2914	3970
10_203r	2944	3970
10_203v	2914	3970
10_204r	2944	3970
10_204v	2914	3970
10_205r	2944	3970
10_205v	2914	3970
10_206r	2944	3970
10_206v	2914	3970
10_207r	2944	3970
10_207v	2914	3970
10_208r	2944	3970
10_208v	2914	3970
10_209r	2944	3970
10_209v	2891	3970
10_210r	3010	3970
10_210v	2891	3970
10_211r	3010	3970
10_211v	2891	3970
10_212r	3010	3970
10_212v	2891	3970
10_213r	3010	3970
10_213v	2891	3970
10_214r	3010	3970
10_214v	2921	3970
10_215r	2980	3970
10_215v	2877	3900
10_216r	2938	3900
10_216v	2877	3900
10_217r	2938	3900
10_217v	2877	3900
10_218r	2938	3900
10_218v	2877	3900
10_219r	2938	3900
10_219v	2877	3900
10_220r	2938	3900
10_220v	2877	3900
10_221r	2938	3900
10_221v	2877	3900
10_222r	2938	3900
10_222v	2877	3900
10_223r	2938	3900
10_223v	2877	3900
10_224r	2938	3900
10_224v	2877	3900
10_225r	2938	3900
10_225v	2877	3900
10_226r	2938	3900
10_226v	2877	3900
10_227r	2938	3900
10_227v	2877	3900
10_228r	2938	3900
10_228v	2877	3900
10_229r	2938	3900
10_229v	2877	3900
10_230r	2938	3900
10_230v	2877	3900
10_231r	2938	3900
10_231v	2877	3900
10_232r	2938	3900
10_232v	2877	3900
10_233r	2938	3900
10_233v	2877	3900
10_234r	2938	3900
10_234v	2877	3900
10_235r	2938	3900
10_235v	2877	3900
10_236r	2938	3900
10_236v	2918	3922
10_237r	2978	3922
10_237v	2918	3922
10_238r	2978	3922
10_238v	2918	3922
10_239r	2978	3922
10_239v	2918	3922
10_240r	2978	3922
10_240v	3922	2918
10_241r	2978	3922
10_241v	2918	3922
10_242r	2978	3922
10_242v	2918	3922
10_243r	2978	3922
10_243v	2918	3922
10_244r	2978	3922
10_244v	2861	3922
10_245r	2982	3922
10_245v	2861	3922
10_246r	2982	3922
10_246v	3922	2861
10_247r	2982	3922
10_247v	3922	2861
10_248r	2982	3922
10_248v	3922	2861
10_249r	2982	3922
10_249v	2861	3922
10_250r	2982	3922
10_250v	2861	3922
10_251r	2982	3922
10_251v	2861	3922
10_252r	2982	3922
10_252v	3922	2861
10_253r	2982	3922
10_253v	2861	3922
10_254r	2982	3922
10_254v	2861	3922
10_255r	2982	3922
10_255v	2861	3922
10_256r	2982	3922
10_256v	3922	2861
10_257r	2982	3922
10_257v	2861	3922
10_258r	2982	3922
10_258v	3922	2861
10_259r	2982	3922
10_259v	2861	3922
10_260r	2982	3922
10_260v	2861	3922
10_261r	2982	3922
10_261v	2861	3922
10_262r	2982	3922
10_262v	2861	3922
10_263r	2982	3922
10_263v	2861	3922
10_264r	2982	3922
10_264v	2861	3922
10_265r	2982	3922
10_265v	2861	3922
10_266r	2982	3922
10_266v	3922	2861
10_267r	2982	3922
10_267v	3922	2861
10_268r	2982	3922
10_268v	3922	2861
10_269r	2982	3922
10_269v	2861	3922
10_270r	2982	3922
10_270v	2861	3922
10_271r	2982	3922
10_271v	2861	3922
10_272r	2982	3922
10_272v	2861	3922
10_273r	2982	3922
10_273v	2861	3922
10_274r	2982	3922
10_274v	2861	3922
10_275r	2982	3922
10_275v	2874	3922
10_276r	2995	3922
10_276v	2874	3922
10_277r	2995	3922
10_277v	2874	3922
10_278r	2995	3922
10_278v	2885	3922
10_279r	3006	3922
10_279v	2885	3922
10_280r	3006	3922
10_280v	2885	3922
10_281r	3006	3922
10_281v	2885	3922
10_282r	3006	3922
10_282v	2885	3922
10_283r	3006	3922
10_283v	2885	3922
10_284r	3006	3922
10_284v	2885	3922
10_285r	3006	3922
10_285v	2885	3922
10_286r	3006	3922
10_286v	2885	3922
10_287r	3006	3922
10_287v	2885	3922
10_288r	3006	3922
10_288v	2885	3922
10_289r	3006	3922
10_289v	2885	3922
10_290r	3006	3922
10_290v	2885	3922
10_291r	3006	3922
10_291v	2885	3922
10_292r	3006	3922
10_292v	2885	3922
10_293r	3006	3922
10_293v	2885	3922
10_294r	3006	3922
10_294v	2885	3922
10_295r	3006	3922
10_295v	2885	3922
10_296r	3006	3922
10_296v	2885	3922
10_297r	3006	3922
10_297v	2885	3922
10_298r	3006	3922
10_298v	2885	3922
10_299r	3006	3922
10_299v	2885	3922
10_300r	3006	3922
10_300v	2885	3922
10_301r	3006	3922
10_301v	2885	3922
10_302r	3006	3922
10_302v	2885	3922
10_303r	3006	3922
10_303v	2885	3922
10_304r	3006	3922
10_304v	2885	3922
10_305r	3006	3922
10_305v	2885	3922
10_306r	3006	3922
10_306v	2885	3922
10_307r	3006	3922
10_307v	2885	3922
10_308r	3006	3922
10_308v	2885	3922
10_309r	3006	3922
10_309v	2885	3922
10_310r	3006	3922
10_310v	2885	3922
10_311r	3006	3922
10_311v	2885	3922
10_312r	3006	3922
10_312v	2885	3922
10_313r	3006	3922
10_313v	2885	3922
10_314r	3006	3922
10_314v	2885	3922
10_315r	3006	3922
10_315v	2885	3922
10_316r	3006	3922
10_316v	2885	3922
10_317r	3006	3922
10_317v	2745	4013
10_318r	2985	4013
10_318v	2745	4013
10_319r	2985	4013
10_319v	2745	4013
10_320r	2985	4013
10_320v	2745	4013
10_321r	2985	4013
10_321v	2844	4013
10_322r	2994	4013
10_322v	2844	4013
10_323r	2994	4013
10_323v	2844	4013
10_324r	2994	4013
10_324v	2844	4013
10_325r	2994	4013
10_325v	2883	3975
10_326r	3034	3975
10_326v	2883	3975
10_327r	3034	3975
10_327v	2883	3975
10_328r	3034	3975
10_328v	2883	3975
10_329r	3034	3975
10_329v	2883	3975
10_330r	3034	3975
10_330v	2883	3975
10_331r	3034	3975
10_331v	2883	3975
10_332r	3034	3975
10_332v	2883	3975
10_333r	3034	3975
10_333v	2958	3975
10_334r	2958	3975
10_334v	2958	3975
10_335r	2958	3975
10_335v	2958	3975
10_336r	2958	3975
10_336v	2958	3975
10_337r	2958	3975
10_337v	2958	3975
10_338r	2958	3975
10_338v	2958	3975
10_339r	2958	3975
10_339v	2958	3975
10_340r	2958	3975
10_340v	2958	3975
10_341r	2958	3975
10_341v	2958	3975
10_342r	2958	3975
10_342v	2958	3975
10_343r	2958	3975
10_343v	2958	3975
10_344r	2958	3975
10_344v	2958	3975
10_345r	2958	3975
10_345v	2958	3975
10_346r	2958	3975
10_346v	2958	3975
10_347r	2958	3975
10_347v	2958	3975
10_348r	2958	3975
10_348v	2958	3975
10_349r	2958	3975
10_349v	2958	3975
10_350r	2958	3975
10_350v	2958	4050
10_351r	2958	4050
10_351v	2958	4050
10_352r	2958	4050
10_352v	2958	4050
10_353r	2958	4050
10_353v	2958	4050
10_354r	2958	4050
10_354v	2958	4050
10_355r	2958	4050
10_355v	2958	4050
10_356r	2958	4050
10_356v	2958	4050
10_357r	2958	4050
10_357v	2958	4050
10_358r	2958	4050
10_358v	2958	4050
10_359r	2958	4050
10_359v	2958	4050
10_360r	2958	4050
10_360v	2958	4050
10_361r	2958	4050
10_361v	2958	4050
10_362r	2958	4050
10_362v	2958	4050
10_363r	2958	4050
10_363v	2958	4050
10_364r	2958	4050
10_364v	2958	4050
10_365r	2958	4050
10_365v	2958	4050
10_366r	2958	4050
10_366v	2958	4050
10_367r	2958	4050
10_367v	2958	4050
10_368r	2958	4050
10_368v	2958	4050
10_369r	2958	4050
10_369v	2958	4050
10_370r	2958	4050
10_370v	2958	4050
10_371r	2958	4050
10_371v	2958	4050
10_372r	2958	4050
10_372v	2958	4050
10_373r	2958	4050
10_373v	2882	4050
10_374r	2971	4050
10_374v	2882	4050
10_375r	2971	4050
10_375v	4050	2882
10_376r	2971	4050
10_376v	2882	4050
10_377r	2971	4050
10_377v	2882	4050
10_378r	2971	4050
10_378v	2882	4050
10_379r	2971	4050
10_379v	2882	4050
10_380r	2971	4050
10_380v	2882	4050
10_381r	2971	4050
10_381v	2882	4050
10_382r	2971	4050
10_382v	2882	4050
10_383r	2971	4050
10_383v	2882	4050
10_384r	2971	4050
10_384v	2882	4050
10_385r	2971	4050
10_385v	2882	4050
10_386r	2971	4050
10_386v	2882	4050
10_387r	2971	4050
10_387v	2882	4050
10_388r	2971	4050
10_388v	2882	4050
10_389r	2971	4050
10_389v	2882	4050
10_390r	2971	4050
10_390v	2882	4050
10_391r	2971	4050
10_391v	2882	4050
10_392r	2971	4050
10_392v	2882	4050
10_393r	2971	4050
10_393v	2882	4050
10_394r	2971	4050
10_394v	2882	4050
10_395r	2971	4050
10_395v	2882	4050
10_396r	2971	4050
10_396v	2882	4050
10_397r	2971	4050
10_397v	2882	4050
10_398r	2971	4050
10_398v	2882	4050
10_399r	2971	4050
10_399v	2882	4050
10_400r	2971	4050
10_400v	4050	2882
10_401r	2971	4050
10_401v	2882	4050
10_402r	2971	4050
10_402v	2882	4050
10_403r	2971	4050
10_403v	2882	4050
10_404r	2971	4050
10_404v	2882	4050
10_405r	2971	4050
10_405v	2882	4050
10_406r	2971	4050
10_406v	2882	4050
10_407r	2971	4050
10_407v	2882	4050
10_408r	2971	4050
10_408v	2882	4050
10_409r	2971	4050
10_409v	2882	4050
10_410r	2971	4050
10_410v	2882	4050
10_411r	2971	4050
10_411v	2882	4050
10_412r	2971	4050
10_412v	2882	4050
10_413r	2971	4050
10_413v	2882	4050
10_414r	2971	4050
10_414v	2882	4050
10_415r	2971	4050
10_415v	2882	4050
10_416r	2971	4050
10_416v	2882	4050
10_417r	2971	4050
10_417v	2882	4050
10_418r	2971	4050
10_418v	2882	4050
10_419r	2971	4050
10_419v	2882	4050
10_420r	2971	4050
10_420v	2882	4050
10_421r	2971	4050
10_421v	2882	4050
10_422r	2971	4050
10_422v	2882	4050
10_423r	2971	4050
10_423v	2882	4050
10_424r	2971	4050
10_424v	2882	4050
10_425r	2971	4050
10_425v	2882	4050
10_426r	2971	4050
10_426v	2882	4050
10_427r	2971	4050
10_427v	2882	4050
10_428r	2971	4050
10_428v	2882	4050
10_429r	2971	4050
10_429v	2882	4050
10_430r	2971	4050
10_430v	2882	4050
10_431r	2971	4050
10_431v	2882	4050
10_432r	2971	4050
10_432v	2882	4050
10_433r	2971	4050
10_433v	2785	4050
10_434r	3025	4050
10_434v	2785	4050
10_435r	3025	4050
10_435v	2785	4050
10_436r	3025	4050
10_436v	2785	4050
10_437r	3025	4050
10_437v	2785	4050
10_438r	3025	4050
10_438v	2785	4050
10_439r	3025	4050
10_439v	2785	4050
10_440r	3025	4050
10_440v	2785	4050
10_441r	3025	4050
10_441v	2785	4050
10_442r	3025	4050
10_442v	2785	4050
10_443r	3025	4050
10_443v	2785	4050
10_444r	3025	4050
10_444v	2785	4050
10_445r	3025	4050
10_445v	2804	4050
10_446r	3044	4050
10_446v	2804	4050
10_447r	3044	4050
10_447v	2804	4050
10_448r	3044	4050
10_448v	2804	4050
10_449r	3044	4050
10_449v	2804	4050
10_450r	3044	4050
10_450v	2804	4050
10_451r	3044	4050
10_451v	2804	4050
10_452r	3044	4050
10_452v	2804	4050
10_453r	3044	4050
10_453v	2804	4050
10_454r	3044	4050
10_454v	2804	4050
10_455r	3044	4050
10_455v	2804	4050
10_456r	3044	4050
10_456v	2804	4050
10_457r	3044	4050
10_457v	2804	4050
10_458r	3044	4050
10_458v	2804	4050
10_459r	3044	4050
10_459v	2804	4050
10_460r	3044	4050
10_460v	2804	4050
10_461r	3044	4050
10_461v	2804	4050
10_462r	3044	4050
10_462v	2804	4050
10_463r	3044	4050
10_463v	2804	4050
10_464r	3044	4050
10_464v	2804	4050
10_465r	3044	4050
10_465v	2814	3992
10_466r	2874	3992
10_466v	2814	3992
10_467r	2874	3992
10_467v	2814	3992
10_468r	2874	3992
10_468v	2835	4045
10_469r	2895	4045
10_469v	2835	4045
10_470r	2895	4045
10_470v	2835	4045
10_471r	2895	4045
10_471v	2835	3981
10_472r	2895	3981
10_472v	2835	3981
10_473r	2895	3981
10_473v	2835	3981
10_474r	2895	3981
10_474v	2835	3981
10_475r	2895	3981
10_475v	2835	3981
10_476r	2895	3981
10_476v	2835	3981
10_477r	2895	3981
10_477v	2856	3981
10_478r	2916	3981
10_478v	2856	3981
10_479r	2916	3981
10_479v	2856	3981
10_480r	2916	3981
10_480v	2856	3981
10_481r	2916	3981
10_481v	2856	3981
10_482r	2916	3981
10_482v	2856	3981
10_483r	2916	3981
10_483v	2856	3981
10_484r	2916	3981
10_484v	2856	3981
10_485r	2916	3981
10_485v	2867	3981
10_486r	2927	3981
10_486v	3981	2867
10_487r	2927	3981
10_487v	2867	3981
10_488r	2927	3981
10_488v	2867	3981
10_489r	2927	3981
10_489v	2867	3981
10_490r	2927	3981
10_490v	2867	3981
10_491r	2927	3981
10_491v	2867	3981
10_492r	2927	3981
10_492v	2867	3981
10_493r	2927	3981
10_493v	3981	2867
10_494r	2927	3981
10_494v	2867	3981
10_495r	2927	3981
10_495v	3933	2867
10_496r	2927	3933
10_496v	2867	3933
10_497r	2927	3933
10_497v	2822	3933
10_498r	2881	3933
10_498v	2822	3933
10_499r	2881	3933
10_499v	2822	3933
10_500r	2881	3933
10_500v	2822	3933
10_501r	2881	3933
10_501v	2897	3933
10_502r	2806	3933
10_502v	2897	3933
10_503r	2806	3933
10_503v	3954	2897
10_504r	2806	3954
10_504v	2897	3954
10_505r	2806	3954
10_505v	2897	3954
10_506r	2806	3954
10_506v	2897	3954
10_507r	2806	3954
10_507v	2897	3954
10_508r	2806	3954
10_508v	2897	3954
10_509r	2806	3954
10_509v	3954	2897
10_510r	2806	3954
10_510v	2897	3954
10_511r	2806	3954
10_511v	2897	3954
10_512r	2806	3954
10_512v	2897	3954
10_513r	2806	3954
10_513v	3954	2897
10_514r	2806	3954
10_514v	2897	3954
10_515r	2806	3954
10_515v	2832	3954
10_516r	2742	3954
10_516v	985	532
10_517r	985	532
10_517v	2846	3954
10_518r	2756	3954
10_518v	2846	3954
10_519r	2756	3954
10_519v	3954	2846
10_520r	2756	3954
10_520v	2846	3954
10_521r	2756	3954
10_521v	2846	3954
10_522r	2756	3954
10_522v	2846	3954
10_523r	2756	3954
10_523v	2846	3954
10_524r	2756	3954
10_524v	2846	3954
10_525r	2756	3954
10_525v	2846	3954
10_526r	2756	3954
10_526v	3954	2846
10_527r	2756	3954
10_527v	3954	2846
10_528r	2756	3954
10_528v	2846	3954
10_529r	2756	3954
10_529v	2891	3954
10_530r	2802	3954
10_530v	2891	3954
10_531r	2802	3954
10_531v	4067	2942
11_001r	3065	3938
11_001v	2798	3938
11_002r	2978	3938
11_002v	2798	3938
11_003r	2978	3938
11_003v	2873	3938
11_004r	2903	3938
11_004v	2873	3938
11_005r	2903	3938
11_005v	2878	3938
11_006r	2908	3938
11_006v	2878	3960
11_007r	2908	3960
11_007v	2859	3960
11_008r	2889	3960
11_008v	2859	3960
11_009r	2889	3960
11_009v	2859	3960
11_010r	2889	3960
11_010v	2859	3960
11_011r	2889	3960
11_011v	2859	3960
11_012r	2889	3960
11_012v	2859	3960
11_013r	2889	3960
11_013v	2859	3960
11_014r	2889	3960
11_014v	2859	3960
11_015r	2889	3960
11_015v	2859	3960
11_016r	2889	3960
11_016v	2859	3960
11_017r	2889	3960
11_017v	2880	3960
11_018r	2911	3960
11_018v	2880	3960
11_019r	2911	3960
11_019v	2880	3960
11_020r	2911	3960
11_020v	2880	3960
11_021r	2911	3960
11_021v	2880	3960
11_022r	2911	3960
11_022v	2880	3960
11_023r	2911	3960
11_023v	2880	3960
11_024r	2911	3960
11_024v	2880	3960
11_025r	2911	3960
11_025v	2880	3960
11_026r	2911	3960
11_026v	2880	3960
11_027r	2911	3960
11_027v	2880	3960
11_028r	2911	3960
11_028v	2880	3960
11_029r	2911	3960
11_029v	2880	3960
11_030r	2911	3960
11_030v	2880	3960
11_031r	2911	3960
11_031v	2880	3960
11_032r	2911	3960
11_032v	2880	3960
11_033r	2911	3960
11_033v	3960	2880
11_034r	2911	3960
11_034v	2937	3960
11_035r	2937	3960
11_035v	2937	3960
11_036r	2937	3960
11_036v	2937	3960
11_037r	2937	3960
11_037v	2937	3960
11_038r	2937	3960
11_038v	2937	3960
11_039r	2937	3960
11_039v	2937	3959
11_040r	2937	3959
11_040v	2937	3959
11_041r	2937	3959
11_041v	2937	3959
11_042r	2937	3959
11_042v	2937	3959
11_043r	2937	3959
11_043v	2937	3959
11_044r	2937	3959
11_044v	2937	3959
11_045r	2937	3959
11_045v	2937	3959
11_046r	2937	3959
11_046v	2937	3959
11_047r	2937	3959
11_047v	2937	3959
11_048r	2937	3959
11_048v	2937	3959
11_049r	2937	3959
11_049v	2937	3959
11_050r	2937	3959
11_050v	2937	3959
11_051r	2937	3959
11_051v	2937	3959
11_052r	2937	3959
11_052v	2937	3959
11_053r	2937	3959
11_053v	2910	3960
11_054r	2910	3960
11_054v	2910	3960
11_055r	2910	3960
11_055v	2910	3960
11_056r	2910	3960
11_056v	2899	3960
11_057r	2899	3960
11_057v	2899	3960
11_058r	2899	3960
11_058v	2899	3960
11_059r	2899	3960
11_059v	2899	3960
11_060r	2899	3960
11_060v	2899	3960
11_061r	2899	3960
11_061v	2899	3960
11_062r	2899	3960
11_062v	2899	3960
11_063r	2899	3960
11_063v	2899	3960
11_064r	2899	3960
11_064v	2899	3960
11_065r	2899	3960
11_065v	2899	3960
11_066r	2899	3960
11_066v	3960	2939
11_067r	2940	3960
11_067v	2939	3960
11_068r	2940	3960
11_068v	2939	3960
11_069r	2940	3960
11_069v	2939	3960
11_070r	2940	3960
11_070v	2939	3960
11_071r	2940	3960
11_071v	2899	3981
11_072r	2899	3981
11_072v	3981	2899
11_073r	2899	3981
11_073v	2899	3981
11_074r	2899	3981
11_074v	3981	2899
11_075r	2899	3981
11_075v	2899	3981
11_076r	2899	3981
11_076v	3981	2899
11_077r	2899	3981
11_077v	2899	3981
11_078r	2899	3981
11_078v	2899	3981
11_079r	2899	3981
11_079v	2899	3981
11_080r	2899	3981
11_080v	2899	3981
11_081r	2899	3981
11_081v	2899	3981
11_082r	2899	3981
11_082v	3981	2899
11_083r	2899	3981
11_083v	2899	3981
11_084r	2899	3981
11_084v	2899	3981
11_085r	2899	3981
11_085v	2899	3981
11_086r	2899	3981
11_086v	2899	3981
11_087r	2899	3981
11_087v	2899	3981
11_088r	2899	3981
11_088v	2899	3981
11_089r	2899	3981
11_089v	3981	2899
11_090r	2899	3981
11_090v	3981	2899
11_091r	2899	3981
11_091v	2899	3981
11_092r	2899	3981
11_092v	2899	3981
11_093r	2899	3981
11_093v	2899	3981
11_094r	2899	3981
11_094v	2899	3981
11_095r	2899	3981
11_095v	2899	3981
11_096r	2899	3981
11_096v	3981	2899
11_097r	2899	3981
11_097v	2899	3981
11_098r	2899	3981
11_098v	3981	2899
11_099r	2899	3981
11_099v	2899	3981
11_100r	2899	3981
11_100v	3981	2899
11_101r	2899	3981
11_101v	2899	3981
11_102r	2899	3981
11_102v	2899	3981
11_103r	2899	3981
11_103v	2899	3981
11_104r	2899	3981
11_104v	3981	2899
11_105r	2899	3981
11_105v	2899	3981
11_106r	2899	3981
11_106v	2899	3981
11_107r	2899	3981
11_107v	2880	3981
11_108r	2880	3981
11_108v	2880	3981
11_109r	2880	3981
11_109v	2880	3981
11_110r	2880	3981
11_110v	2880	3981
11_111r	2880	3981
11_111v	2880	3981
11_112r	2880	3981
11_112v	2880	3981
11_113r	2880	3981
11_113v	2880	3981
11_114r	2880	3981
11_114v	2859	3981
11_115r	2859	3981
11_115v	2859	3981
11_116r	2859	3981
11_116v	2859	3981
11_117r	2859	3981
11_117v	2859	3981
11_118r	2859	3981
11_118v	2859	3981
11_119r	2859	3981
11_119v	2859	3981
11_120r	2859	3981
11_120v	2859	3981
11_121r	2859	3981
11_121v	2859	3981
11_122r	2859	3981
11_122v	2859	3981
11_123r	2859	3981
11_123v	2859	3981
11_124r	2859	3981
11_124v	2859	3981
11_125r	2859	3981
11_125v	2859	3981
11_126r	2859	3981
11_126v	2859	3981
11_127r	2859	3981
11_127v	2859	3981
11_128r	2859	3981
11_128v	2859	3981
11_129r	2859	3981
11_129v	2859	3981
11_130r	2859	3981
11_130v	2859	3981
11_131r	2859	3981
11_131v	2859	3981
11_132r	2859	3981
11_132v	2859	3981
11_133r	2859	3981
11_133v	2859	3981
11_134r	2859	3981
11_134v	2859	3981
11_135r	2859	3981
11_135v	2859	3981
11_136r	2859	3981
11_136v	2859	3981
11_137r	2859	3981
11_137v	2859	3981
11_138r	2859	3981
11_138v	2859	3981
11_139r	2859	3981
11_139v	2859	3981
11_140r	2859	3981
11_140v	2859	3981
11_141r	2859	3981
11_141v	2859	3981
11_142r	2859	3981
11_142v	2859	3981
11_143r	2859	3981
11_143v	2859	3981
11_144r	2859	3981
11_144v	2859	3981
11_145r	2859	3981
11_145v	2859	3981
11_146r	2859	3981
11_146v	2859	3981
11_147r	2859	3981
11_147v	2859	3981
11_148r	2859	3981
11_148v	2859	3981
11_149r	2859	3981
11_149v	2859	3981
11_150r	2859	3981
11_150v	2859	3981
11_151r	2859	3981
11_151v	2859	3981
11_152r	2859	3981
11_152v	2859	3981
11_153r	2859	3981
11_153v	2859	3981
11_154r	2859	3981
11_154v	2859	3981
11_155r	2859	3981
11_155v	2859	3981
11_156r	2859	3981
11_156v	2859	3981
11_157r	2859	3981
11_157v	2859	3981
11_158r	2859	3981
11_158v	2859	3981
11_159r	2859	3981
11_159v	2859	3981
11_160r	2859	3981
11_160v	2859	3981
11_161r	2859	3981
11_161v	2859	3981
11_162r	2859	3981
11_162v	2859	3981
11_163r	2859	3981
11_163v	2886	3981
11_164r	2886	3981
11_164v	2886	3981
11_165r	2886	3981
11_165v	2886	3981
11_166r	2886	3981
11_166v	2886	3981
11_167r	2886	3981
11_167v	2886	3981
11_168r	2886	3981
11_168v	2886	3981
11_169r	2886	3981
11_169v	2886	3981
11_170r	2886	3981
11_170v	2886	3981
11_171r	2886	3981
11_171v	2886	3981
11_172r	2886	3981
11_172v	2886	3981
11_173r	2886	3981
11_173v	2886	3981
11_174r	2886	3981
11_174v	2886	3981
11_175r	2886	3981
11_175v	2886	3981
11_176r	2886	3981
11_176v	2886	3981
11_177r	2886	3981
11_177v	2886	3981
11_178r	2886	3981
11_178v	2886	3981
11_179r	2886	3981
11_179v	2886	3981
11_180r	2886	3981
11_180v	2886	3981
11_181r	2886	3981
11_181v	2886	3981
11_182r	2886	3981
11_182v	2886	3981
11_183r	2886	3981
11_183v	2886	3981
11_184r	2886	3981
11_184v	2886	3981
11_185r	2886	3981
11_185v	2886	3981
11_186r	2886	3981
11_186v	2886	3981
11_187r	2886	3981
11_187v	2865	3981
11_188r	2865	3981
11_188v	2865	3981
11_189r	2865	3981
11_189v	2865	3981
11_190r	2865	3981
11_190v	2865	3981
11_191r	2865	3981
11_191v	2865	3981
11_192r	2865	3981
11_192v	2865	3981
11_193r	2865	3981
11_193v	2865	3981
11_194r	2865	3981
11_194v	2865	3981
11_195r	2865	3981
11_195v	2865	3981
11_196r	2865	3981
11_196v	2865	3981
11_197r	2865	3981
11_197v	2820	3981
11_198r	2910	3981
11_198v	2752	3991
11_199r	2842	3991
11_199v	2752	3991
11_200r	2842	3991
11_200v	2752	3991
11_201r	2842	3991
11_201v	2752	3991
11_202r	2842	3991
11_202v	2752	3991
11_203r	2842	3991
11_203v	2752	3991
11_204r	2842	3991
11_204v	2752	3991
11_205r	2842	3991
11_205v	2752	3991
11_206r	2842	3991
11_206v	2752	3991
11_207r	2842	3991
11_207v	2752	3991
11_208r	2842	3991
11_208v	2752	3991
11_209r	2842	3991
11_209v	2752	3991
11_210r	2842	3991
11_210v	2752	3991
11_211r	2842	3991
11_211v	2752	3991
11_212r	2842	3991
11_212v	2752	3991
11_213r	2842	3991
11_213v	2752	3991
11_214r	2842	3991
11_214v	2752	3991
11_215r	2842	3991
11_215v	2752	3991
11_216r	2842	3991
11_216v	2752	3991
11_217r	2842	3991
11_217v	2752	3991
11_218r	2842	3991
11_218v	2752	3991
11_219r	2842	3991
11_219v	2752	3991
11_220r	2842	3991
11_220v	2752	3991
11_221r	2842	3991
11_221v	2752	3991
11_222r	2842	3991
11_222v	2752	3991
11_223r	2842	3991
11_223v	2779	3991
11_224r	2869	3991
11_224v	2779	3991
11_225r	2869	3991
11_225v	2779	3991
11_226r	2869	3991
11_226v	2779	3991
11_227r	2869	3991
11_227v	2779	3991
11_228r	2869	3991
11_228v	2779	3991
11_229r	2869	3991
11_229v	2779	3991
11_230r	2869	3991
11_230v	2779	3991
11_231r	2869	3991
11_231v	2779	3991
11_232r	2869	3991
11_232v	2779	3991
11_233r	2869	3991
11_233v	2811	3986
11_234r	2901	3986
11_234v	2811	3986
11_235r	2901	3986
11_235v	2811	3986
11_236r	2901	3986
11_236v	2811	3986
11_237r	2901	3986
11_237v	2811	3986
11_238r	2901	3986
11_238v	2811	3986
11_239r	2901	3986
11_239v	2811	3986
11_240r	2901	3986
11_240v	3986	2811
11_241r	2901	3986
11_241v	2811	3986
11_242r	2901	3986
11_242v	2827	3986
11_243r	2917	3986
11_243v	2827	3986
11_244r	2917	3986
11_244v	2827	3986
11_245r	2917	3986
11_245v	2827	3986
11_246r	2917	3986
11_246v	2827	3986
11_247r	2917	3986
11_247v	2827	3986
11_248r	2917	3986
11_248v	2827	3986
11_249r	2917	3986
11_249v	2827	3986
11_250r	2917	3986
11_250v	2827	3986
11_251r	2917	3986
11_251v	2827	3986
11_252r	2917	3986
11_252v	2827	3986
11_253r	2917	3986
11_253v	2827	3986
11_254r	2917	3986
11_254v	2827	3986
11_255r	2917	3986
11_255v	2827	3986
11_256r	2917	3986
11_256v	2827	3986
11_257r	2917	3986
11_257v	2827	3986
11_258r	2917	3986
11_258v	2827	3986
11_259r	2917	3986
11_259v	2827	3986
11_260r	2917	3986
11_260v	2827	3986
11_261r	2917	3986
11_261v	2827	3986
11_262r	2917	3986
11_262v	2827	3986
11_263r	2917	3986
11_263v	2827	3986
11_264r	2917	3986
11_264v	2827	3986
11_265r	2917	3986
11_265v	2827	3986
11_266r	2917	3986
11_266v	2827	3986
11_267r	2917	3986
11_267v	2827	3986
11_268r	2917	3986
11_268v	2827	3986
11_269r	2917	3986
11_269v	2827	3986
11_270r	2917	3986
11_270v	2827	3986
11_271r	2917	3986
11_271v	2827	3986
11_272r	2917	3986
11_272v	2827	3986
11_273r	2917	3986
11_273v	2828	3986
11_274r	2917	3986
11_274v	2828	3986
11_275r	2917	3986
11_275v	2828	3986
11_276r	2917	3986
11_276v	2828	3986
11_277r	2917	3986
11_277v	2828	3986
11_278r	2917	3986
11_278v	2828	3986
11_279r	2917	3986
11_279v	2828	3986
11_280r	2917	3986
11_280v	2828	3986
11_281r	2917	3986
11_281v	2828	3986
11_282r	2917	3986
11_282v	2828	3986
11_283r	2917	3986
11_283v	2771	3986
11_284r	2861	3986
11_284v	2771	3986
11_285r	2861	3986
11_285v	2771	3986
11_286r	2861	3986
11_286v	2771	3986
11_287r	2861	3986
11_287v	2771	3986
11_288r	2861	3986
11_288v	2771	3986
11_289r	2861	3986
11_289v	2771	3986
11_290r	2861	3986
11_290v	2771	3986
11_291r	2861	3986
11_291v	2771	3986
11_292r	2861	3986
11_292v	2771	3986
11_293r	2861	3986
11_293v	2771	3986
11_294r	2861	3986
11_294v	2771	3986
11_295r	2861	3986
11_295v	2771	3986
11_296r	2861	3986
11_296v	2771	3986
11_297r	2861	3986
11_297v	2771	3986
11_298r	2861	3986
11_298v	2771	3986
11_299r	2861	3986
11_299v	2771	3986
11_300r	2861	3986
11_300v	2771	3986
11_301r	2861	3986
11_301v	2771	3986
11_302r	2861	3986
11_302v	2771	3986
11_303r	2861	3986
11_303v	2778	3986
11_304r	2778	3986
11_304v	2778	3986
11_305r	2778	3986
11_305v	2778	3986
11_306r	2778	3986
11_306v	2768	3986
11_307r	2768	3986
11_307v	2768	3986
11_308r	2768	3986
11_308v	2829	3933
11_309r	2829	3933
11_309v	2829	3933
11_310r	2829	3933
11_310v	2829	3933
11_311r	2829	3933
11_311v	2829	3933
11_312r	2829	3933
11_312v	2829	3933
11_313r	2829	3933
11_313v	2829	3933
11_314r	2829	3933
11_314v	2829	3933
11_315r	2829	3933
11_315v	2829	3933
11_316r	2829	3933
11_316v	2829	3933
11_317r	2829	3933
11_317v	2829	3933
11_318r	2829	3933
11_318v	2829	3933
11_319r	2829	3933
11_319v	2829	3933
11_320r	2829	3933
11_320v	2829	3933
11_321r	2829	3933
11_321v	2829	3933
11_322r	2829	3933
11_322v	2829	3933
11_323r	2829	3933
11_323v	2829	3933
11_324r	2829	3933
11_324v	2829	3933
11_325r	2829	3933
11_325v	2829	3933
11_326r	2829	3933
11_326v	2829	3933
11_327r	2829	3933
11_327v	2829	3933
11_328r	2829	3933
11_328v	2829	3933
11_329r	2829	3933
11_329v	2829	3933
11_330r	2829	3933
11_330v	2829	3933
11_331r	2829	3933
11_331v	2829	3933
11_332r	2829	3933
11_332v	2829	3933
11_333r	2829	3933
11_333v	2829	3933
11_334r	2829	3933
11_334v	2829	3933
11_335r	2829	3933
11_335v	2829	3933
11_336r	2829	3933
11_336v	2829	3933
11_337r	2829	3933
11_337v	2829	3933
11_338r	2829	3933
11_338v	2829	3933
11_339r	2829	3933
11_339v	2829	3933
11_340r	2829	3933
11_340v	2826	3933
11_341r	2827	3933
11_341v	2826	3933
11_342r	2827	3933
11_342v	2826	3933
11_343r	2827	3933
11_343v	2826	3933
11_344r	2827	3933
11_344v	2826	3933
11_345r	2827	3933
11_345v	2826	3933
11_346r	2827	3933
11_346v	2826	3933
11_347r	2827	3933
11_347v	2826	3933
11_348r	2827	3933
11_348v	2826	3933
11_349r	2827	3933
11_349v	2826	3933
11_350r	2827	3933
11_350v	2826	3933
11_351r	2827	3933
11_351v	2826	3933
11_352r	2827	3933
11_352v	2826	3933
11_353r	2827	3933
11_353v	2826	3933
11_354r	2827	3933
11_354v	2826	3933
11_355r	2827	3933
11_355v	2826	3933
11_356r	2827	3933
11_356v	2826	3933
11_357r	2827	3933
11_357v	2826	3933
11_358r	2827	3933
11_358v	2826	3933
11_359r	2827	3933
11_359v	2826	3933
11_360r	2827	3933
11_360v	3933	2826
11_361r	2827	3933
11_361v	2826	3933
11_362r	2827	3933
11_362v	2826	3933
11_363r	2827	3933
11_363v	2826	3933
11_364r	2827	3933
11_364v	2826	3933
11_365r	2827	3933
11_365v	2804	3986
11_366r	2834	3986
11_366v	2804	3986
11_367r	2834	3986
11_367v	2804	3986
11_368r	2834	3986
11_368v	2804	3986
11_369r	2834	3986
11_369v	2804	3986
11_370r	2834	3986
11_370v	2804	3986
11_371r	2834	3986
11_371v	2804	3986
11_372r	2834	3986
11_372v	2804	3986
11_373r	2834	3986
11_373v	2804	3986
11_374r	2834	3986
11_374v	2804	3986
11_375r	2834	3986
11_375v	2804	3986
11_376r	2834	3986
11_376v	2804	3986
11_377r	2834	3986
11_377v	2804	3986
11_378r	2834	3986
11_378v	2804	3986
11_379r	2834	3986
11_379v	2804	3986
11_380r	2834	3986
11_380v	2804	3986
11_381r	2834	3986
11_381v	2804	3986
11_382r	2834	3986
11_382v	2804	3986
11_383r	2834	3986
11_383v	2804	3986
11_384r	2834	3986
11_384v	2804	3986
11_385r	2834	3986
11_385v	2804	3986
11_386r	2834	3986
11_386v	2804	3986
11_387r	2834	3986
11_387v	2804	3986
11_388r	2834	3986
11_388v	2804	3986
11_389r	2834	3986
11_389v	2804	3986
11_390r	2834	3986
11_390v	2739	4066
11_391r	2829	4066
11_391v	2739	4066
11_392r	2829	4066
11_392v	2739	4066
11_393r	2829	4066
11_393v	2739	4066
11_394r	2829	4066
11_394v	2739	4066
11_395r	2829	4066
11_395v	2739	4066
11_396r	2829	4066
11_396v	2739	4066
11_397r	2829	4066
11_397v	2739	4066
11_398r	2829	4066
11_398v	2739	4066
11_399r	2829	4066
11_399v	2739	4066
11_400r	2829	4066
11_400v	2739	4066
11_401r	2829	4066
11_401v	2739	4066
11_402r	2829	4066
11_402v	2739	4066
11_403r	2829	4066
11_403v	2739	4066
11_404r	2829	4066
11_404v	2760	4066
11_405r	2850	4066
11_405v	2760	4066
11_406r	2850	4066
11_406v	2760	4066
11_407r	2850	4066
11_407v	2760	4066
11_408r	2850	4066
11_408v	2760	4066
11_409r	2850	4066
11_409v	2787	4066
11_410r	2877	4066
11_410v	2787	4066
11_411r	2877	4066
11_411v	2787	4066
11_412r	2877	4066
11_412v	2787	4066
11_413r	2877	4066
11_413v	2787	4066
11_414r	2877	4066
11_414v	2787	4066
11_415r	2877	4066
11_415v	2787	4066
11_416r	2877	4066
11_416v	2787	4066
11_417r	2877	4066
11_417v	2787	4066
11_418r	2877	4066
11_418v	2787	4066
11_419r	2877	4066
11_419v	2787	4066
11_420r	2877	4066
11_420v	2787	4066
11_421r	2877	4066
11_421v	2787	4066
11_422r	2877	4066
11_422v	2787	4066
11_423r	2877	4066
11_423v	2787	4066
11_424r	2877	4066
11_424v	2787	4066
11_425r	2877	4066
11_425v	2787	4066
11_426r	2877	4066
11_426v	2787	4066
11_427r	2877	4066
11_427v	2787	4066
11_428r	2877	4066
11_428v	2787	4066
11_429r	2877	4066
11_429v	2787	4066
11_430r	2877	4066
11_430v	2787	4066
11_431r	2877	4066
11_431v	2787	4066
11_432r	2877	4066
11_432v	2787	4066
11_433r	2877	4066
11_433v	2787	4066
11_434r	2877	4066
11_434v	2832	4066
11_435r	2832	4066
11_435v	2832	4066
11_436r	2832	4066
11_436v	2832	4066
11_437r	2832	4066
11_437v	2832	4066
11_438r	2832	4066
11_438v	2832	4066
11_439r	2832	4066
11_439v	2832	4066
11_440r	2832	4066
11_440v	2832	4066
11_441r	2832	4066
11_441v	2832	4066
11_442r	2832	4066
11_442v	2832	4066
11_443r	2832	4066
11_443v	2832	4066
11_444r	2832	4066
11_444v	2862	4066
11_445r	2862	4066
11_445v	2862	4066
11_446r	2862	4066
11_446v	2862	4066
11_447r	2862	4066
11_447v	2862	4066
11_448r	2862	4066
11_448v	2862	4066
11_449r	2862	4066
11_449v	2862	4066
11_450r	2862	4066
11_450v	2862	4066
11_451r	2862	4066
11_451v	2862	4066
11_452r	2862	4066
11_452v	2792	3960
11_453r	2792	3960
11_453v	2792	3960
11_454r	2792	3960
11_454v	2792	3960
11_455r	2792	3960
11_455v	2792	3960
11_456r	2792	3960
11_456v	2792	3960
11_457r	2792	3960
11_457v	2792	3960
11_458r	2792	3960
11_458v	2792	3960
11_459r	2792	3960
11_459v	2792	3960
11_460r	2792	3960
11_460v	2792	3960
11_461r	2792	3960
11_461v	2792	3960
11_462r	2792	3960
11_462v	2792	3960
11_463r	2792	3960
11_463v	2792	3960
11_464r	2792	3960
11_464v	2792	3960
11_465r	2792	3960
11_465v	2792	3960
11_466r	2792	3960
11_466v	2792	3960
11_467r	2792	3960
11_467v	2792	3960
11_468r	2792	3960
11_468v	3960	2792
11_469r	2792	3960
11_469v	3960	2792
11_470r	2792	3960
11_470v	3960	2799
11_471r	2800	3960
11_471v	2799	3960
11_472r	2800	3960
11_472v	2799	3960
11_473r	2800	3960
11_473v	2799	3960
11_474r	2800	3960
11_474v	3960	2799
11_475r	2800	3960
11_475v	2799	3960
11_476r	2800	3960
11_476v	2799	3960
11_477r	2800	3960
11_477v	2799	3960
11_478r	2800	3960
11_478v	3960	2799
11_479r	2800	3960
11_479v	2799	3960
11_480r	2800	3960
11_480v	2799	3960
11_481r	2800	3960
11_481v	2799	3960
11_482r	2800	3960
11_482v	3960	2799
11_483r	2800	3960
11_483v	2799	3960
11_484r	2800	3960
11_484v	2759	3960
11_485r	2879	3960
11_485v	2759	3960
11_486r	2879	3960
11_486v	2759	3960
11_487r	2879	3960
11_487v	2759	3960
11_488r	2879	3960
11_488v	2759	3960
11_489r	2879	3960
11_489v	2759	3960
11_490r	2879	3960
11_490v	3960	2759
11_491r	2879	3960
11_491v	2793	3960
11_492r	2914	3960
11_492v	2793	3960
11_493r	2914	3960
11_493v	2793	3960
11_494r	2914	3960
11_494v	2838	3960
11_495r	2869	3960
11_495v	2838	3960
11_496r	2869	3960
11_496v	2838	3960
11_497r	2869	3960
11_497v	2838	3960
11_498r	2869	3960
11_498v	2838	3960
11_499r	2869	3960
11_499v	2838	3960
11_500r	2869	3960
11_500v	2838	3960
11_501r	2869	3960
11_501v	2790	3959
11_502r	2820	3959
11_502v	3959	2790
11_503r	2820	3959
11_503v	2790	3959
11_504r	2820	3959
11_504v	2790	3959
11_505r	2820	3959
11_505v	2790	3959
11_506r	2820	3959
11_506v	2790	3959
11_507r	2820	3959
11_507v	2790	3959
11_508r	2820	3959
11_508v	2790	3959
11_509r	2820	3959
11_509v	2790	3959
11_510r	2820	3959
11_510v	2790	3959
11_511r	2820	3959
11_511v	2769	3959
11_512r	2799	3959
11_512v	2769	3959
11_513r	2799	3959
11_513v	2769	3959
11_514r	2799	3959
11_514v	2769	3959
11_515r	2799	3959
11_515v	2769	3959
11_516r	2799	3959
11_516v	2769	3959
11_517r	2799	3959
11_517v	2769	3959
11_518r	2799	3959
11_518v	2769	3959
11_519r	2799	3959
11_519v	2769	3959
11_520r	2799	3959
11_520v	2769	3959
11_521r	2799	3959
11_521v	2769	3959
11_522r	2799	3959
11_522v	2769	3959
11_523r	2799	3959
11_523v	2769	3959
11_524r	2799	3959
11_524v	2769	3959
11_525r	2799	3959
11_525v	2742	3959
11_526r	2772	3959
11_526v	2742	3959
11_527r	2772	3959
11_527v	2742	3959
11_528r	2772	3959
11_528v	2742	3959
11_529r	2772	3959
11_529v	2742	3959
11_530r	2772	3959
11_530v	2742	3959
11_531r	2772	3959
11_531v	2742	3959
11_532r	2772	3959
11_532v	2742	3959
11_533r	2772	3959
11_533v	2742	3959
11_534r	2772	3959
11_534v	2742	3959
11_535r	2772	3959
11_535v	2742	3959
11_536r	2772	3959
11_536v	2742	3959
11_537r	2772	3959
11_537v	2766	3959
11_538r	2796	3959
11_538v	2766	3959
11_539r	2796	3959
11_539v	2766	3959
11_540r	2796	3959
11_540v	2766	3959
11_541r	2796	3959
11_541v	2766	3959
11_542r	2796	3959
11_542v	2766	3959
11_543r	2796	3959
11_543v	2766	3959
11_544r	2796	3959
11_544v	2766	3959
11_545r	2796	3959
11_545v	2766	3959
11_546r	2796	3959
11_546v	2766	3959
11_547r	2796	3959
11_547v	3959	2766
11_548r	2796	3959
11_548v	3959	2766
11_549r	2796	3959
11_549v	2766	3959
11_550r	2796	3959
11_550v	2766	3959
11_551r	2796	3959
11_551v	2766	3959
11_552r	2796	3959
11_552v	3959	2766
11_553r	2796	3959
11_553v	2766	3959
11_554r	2796	3959
11_554v	2766	3959
11_555r	2796	3959
11_555v	2766	3959
11_556r	2796	3959
11_556v	4200	3034
11_557r	3064	4200
11_557v	3034	4200
11_558r	3064	4200
11_558v	4200	3034
12_001r	2940	3816
12_001v	2706	3738
12_002r	2784	3732
12_002v	2706	3738
12_003r	2784	3732
12_003v	2706	3738
12_004r	2784	3732
12_004v	2694	3822
12_005r	2862	3828
12_005v	2694	3822
12_006r	2862	3828
12_006v	2694	3822
12_007r	2862	3828
12_007v	2754	3906
12_008r	2862	3828
12_008v	2754	3906
12_009r	2862	3828
12_009v	2754	3906
12_010r	2862	3828
12_010v	2754	3906
12_011r	2862	3828
12_011v	2838	3900
12_012r	2862	3894
12_012v	2838	3900
12_013r	2862	3894
12_013v	2838	3900
12_014r	2862	3894
12_014v	2838	3900
12_015r	2862	3894
12_015v	2838	3900
12_016r	2862	3894
12_016v	2838	3900
12_017r	2862	3894
12_017v	2838	3900
12_018r	2862	3894
12_018v	2838	3900
12_019r	2862	3894
12_019v	2838	3900
12_020r	2862	3894
12_020v	2838	3900
12_021r	2862	3894
12_021v	2826	3900
12_022r	2838	3894
12_022v	2826	3900
12_023r	2838	3894
12_023v	2826	3900
12_024r	2838	3894
12_024v	2862	3900
12_025r	2910	3894
12_025v	2862	3900
12_026r	2910	3894
12_026v	2862	3900
12_027r	2910	3894
12_027v	2862	3900
12_028r	2910	3894
12_028v	2862	3900
12_029r	2910	3894
12_029v	2862	3900
12_030r	2910	3894
12_030v	2862	3900
12_031r	2910	3894
12_031v	2862	3900
12_032r	2910	3894
12_032v	2862	3900
12_033r	2910	3894
12_033v	2862	3900
12_034r	2910	3894
12_034v	2862	3900
12_035r	2910	3894
12_035v	2862	3900
12_036r	2910	3894
12_036v	2862	3900
12_037r	2910	3894
12_037v	2862	3900
12_038r	2910	3894
12_038v	2862	3900
12_039r	2910	3894
12_039v	2862	3900
12_040r	2910	3894
12_040v	2862	3900
12_041r	2910	3894
12_041v	2862	3900
12_042r	2910	3894
12_042v	2862	3900
12_043r	2910	3894
12_043v	2862	3900
12_044r	2910	3894
12_044v	2862	3900
12_045r	2910	3894
12_045v	2862	3900
12_046r	2910	3894
12_046v	2862	3900
12_047r	2910	3894
12_047v	2862	3900
12_048r	2910	3894
12_048v	2862	3900
12_049r	2910	3894
12_049v	2862	3888
12_050r	2910	3888
12_050v	2862	3888
12_051r	2910	3888
12_051v	2862	3888
12_052r	2910	3888
12_052v	2862	3888
12_053r	2910	3888
12_053v	2862	3888
12_054r	2910	3888
12_054v	2940	3888
12_055r	2880	3888
12_055v	2940	3888
12_056r	2880	3888
12_056v	2940	3888
12_057r	2880	3888
12_057v	2862	3894
12_058r	2964	3894
12_058v	2862	3894
12_059r	2964	3894
12_059v	2862	3894
12_060r	2964	3894
12_060v	2862	3894
12_061r	2964	3894
12_061v	2862	3894
12_062r	2964	3894
12_062v	2862	3894
12_063r	2964	3894
12_063v	2862	3894
12_064r	2964	3894
12_064v	2862	3894
12_065r	2964	3894
12_065v	2862	3894
12_066r	2964	3894
12_066v	2862	3894
12_067r	2964	3894
12_067v	2862	3894
12_068r	2964	3894
12_068v	2946	3846
12_069r	2904	3846
12_069v	2946	3846
12_070r	2904	3846
12_070v	2946	3846
12_071r	2904	3846
12_071v	2946	3846
12_072r	2904	3846
12_072v	2946	3846
12_073r	2904	3846
12_073v	2946	3846
12_074r	2904	3846
12_074v	2946	3846
12_075r	2904	3846
12_075v	2892	3846
12_076r	2886	3846
12_076v	2892	3846
12_077r	2886	3846
12_077v	2892	3846
12_078r	2886	3846
12_078v	2892	3846
12_079r	2886	3846
12_079v	2892	3846
12_080r	2886	3846
12_080v	2892	3846
12_081r	2886	3846
12_081v	2892	3846
12_082r	2886	3846
12_082v	2892	3846
12_083r	2886	3846
12_083v	2892	3846
12_084r	2886	3846
12_084v	2892	3846
12_085r	2886	3846
12_085v	2892	3846
12_086r	2886	3846
12_086v	2892	3846
12_087r	2886	3846
12_087v	2892	3846
12_088r	2886	3846
12_088v	2892	3846
12_089r	2886	3846
12_089v	2892	3846
12_090r	2886	3846
12_090v	2892	3846
12_091r	2886	3846
12_091v	2892	3846
12_092r	2886	3846
12_092v	2892	3846
12_093r	2886	3846
12_093v	2892	3846
12_094r	2886	3846
12_094v	2892	3846
12_095r	2886	3846
12_095v	2892	3846
12_096r	2886	3846
12_096v	2892	3846
12_097r	2886	3846
12_097v	2892	3846
12_098r	2886	3846
12_098v	2892	3846
12_099r	2886	3846
12_099v	2892	3846
12_100r	2886	3846
12_100v	2892	3846
12_101r	2886	3846
12_101v	2892	3846
12_102r	2886	3846
12_102v	2892	3846
12_103r	2886	3846
12_103v	2892	3846
12_104r	2886	3846
12_104v	2898	3846
12_105r	2892	3846
12_105v	2898	3846
12_106r	2892	3846
12_106v	2898	3846
12_107r	2892	3846
12_107v	2898	3846
12_108r	2892	3846
12_108v	2898	3846
12_109r	2892	3846
12_109v	2898	3846
12_110r	2892	3846
12_110v	2898	3846
12_111r	2892	3846
12_111v	2898	3846
12_112r	2892	3846
12_112v	2886	3780
12_113r	2958	3786
12_113v	2886	3780
12_114r	2958	3786
12_114v	2886	3780
12_115r	2958	3786
12_115v	2886	3780
12_116r	2958	3786
12_116v	2958	3780
12_117r	2958	3786
12_117v	2958	3780
12_118r	2958	3786
12_118v	2958	3780
12_119r	2958	3786
12_119v	2958	3780
12_120r	2958	3786
12_120v	2958	3780
12_121r	2958	3786
12_121v	2958	3780
12_122r	2958	3786
12_122v	2958	3780
12_123r	2958	3786
12_123v	2958	3780
12_124r	2958	3786
12_124v	2958	3780
12_125r	2958	3786
12_125v	2958	3780
12_126r	2958	3786
12_126v	2958	3780
12_127r	2958	3786
12_127v	2958	3780
12_128r	2958	3786
12_128v	2958	3780
12_129r	2958	3786
12_129v	2958	3780
12_130r	2958	3786
12_130v	2958	3780
12_131r	2958	3786
12_131v	2958	3780
12_132r	2958	3786
12_132v	2958	3780
12_133r	2958	3786
12_133v	2958	3780
12_134r	2958	3786
12_134v	2958	3780
12_135r	2958	3786
12_135v	2958	3780
12_136r	2958	3786
12_136v	2958	3780
12_137r	2958	3786
12_137v	2958	3780
12_138r	2958	3786
12_138v	2958	3780
12_139r	2958	3786
12_139v	2958	3780
12_140r	2958	3786
12_140v	2958	3780
12_141r	2958	3786
12_141v	2958	3780
12_142r	2958	3786
12_142v	2958	3780
12_143r	2958	3786
12_143v	2958	3780
12_144r	2958	3786
12_144v	2958	3780
12_145r	2958	3786
12_145v	2958	3780
12_146r	2958	3786
12_146v	2958	3780
12_147r	2958	3786
12_147v	2958	3780
12_148r	2958	3786
12_148v	2958	3780
12_149r	2958	3786
12_149v	2958	3780
12_150r	2958	3786
12_150v	2958	3780
12_151r	2958	3786
12_151v	2958	3780
12_152r	2958	3786
12_152v	2958	3780
12_153r	2958	3786
12_153v	2958	3780
12_154r	2958	3786
12_154v	2958	3780
12_155r	2958	3786
12_155v	2958	3780
12_156r	2958	3786
12_156v	2958	3780
12_157r	2958	3786
12_157v	2958	3780
12_158r	2958	3786
12_158v	2958	3780
12_159r	2958	3786
12_159v	2958	3780
12_160r	2958	3786
12_160v	2958	3780
12_161r	2958	3786
12_161v	2958	3780
12_162r	2958	3786
12_162v	2958	3780
12_163r	2958	3786
12_163v	2958	3780
12_164r	2958	3786
12_164v	2958	3780
12_165r	2958	3786
12_165v	2958	3780
12_166r	2958	3786
12_166v	2958	3780
12_167r	2958	3786
12_167v	2958	3780
12_168r	2958	3786
12_168v	2958	3780
12_169r	2958	3786
12_169v	2958	3780
12_170r	2958	3786
12_170v	2958	3780
12_171r	2958	3786
12_171v	2958	3780
12_172r	2958	3786
12_172v	2958	3780
12_173r	2958	3786
12_173v	2958	3780
12_174r	2958	3786
12_174v	2958	3780
12_175r	2958	3786
12_175v	2958	3780
12_176r	2958	3786
12_176v	2958	3780
12_177r	2958	3786
12_177v	2958	3780
12_178r	2958	3786
12_178v	2958	3780
12_179r	2958	3786
12_179v	2958	3780
12_180r	2958	3786
12_180v	2958	3780
12_181r	2958	3786
12_181v	2958	3780
12_182r	2958	3786
12_182v	2958	3780
12_183r	2958	3786
12_183v	2958	3780
12_184r	2958	3786
12_184v	2958	3780
12_185r	2958	3786
12_185v	2958	3780
12_186r	2958	3786
12_186v	2958	3780
12_187r	2958	3786
12_187v	2958	3780
12_188r	2958	3786
12_188v	2958	3780
12_189r	2958	3786
12_189v	3780	2958
12_190r	2958	3786
12_190v	2958	3780
12_191r	2958	3786
12_191v	2958	3780
12_192r	2958	3786
12_192v	2958	3780
12_193r	2958	3786
12_193v	3780	2958
12_194r	2958	3786
12_194v	2958	3780
12_195r	2958	3786
12_195v	2958	3780
12_196r	2958	3786
12_196v	2958	3780
12_197r	2958	3786
12_197v	2958	3780
12_198r	2958	3786
12_198v	2958	3780
12_199r	2958	3786
12_199v	2958	3780
12_200r	2958	3786
12_200v	2958	3780
12_201r	2958	3786
12_201v	3780	2958
12_202r	2958	3786
12_202v	2958	3780
12_203r	2958	3786
12_203v	2958	3780
12_204r	2958	3786
12_204v	2958	3780
12_205r	2958	3786
12_205v	2958	3780
12_206r	2958	3786
12_206v	2958	3780
12_207r	2958	3786
12_207v	2958	3780
12_208r	2958	3786
12_208v	2958	3780
12_209r	2958	3786
12_209v	2958	3780
12_210r	2958	3786
12_210v	2958	3780
12_211r	2958	3786
12_211v	2964	3780
12_212r	2964	3786
12_212v	2964	3780
12_213r	2964	3786
12_213v	3780	2964
12_214r	2964	3786
12_214v	2964	3780
12_215r	2964	3786
12_215v	2964	3780
12_216r	2964	3786
12_216v	2964	3780
12_217r	2964	3786
12_217v	2964	3780
12_218r	2964	3786
12_218v	2964	3780
12_219r	2964	3786
12_219v	2964	3780
12_220r	2964	3786
12_220v	2964	3780
12_221r	2964	3786
12_221v	2964	3780
12_222r	2964	3786
12_222v	2964	3780
12_223r	2964	3786
12_223v	2964	3780
12_224r	2964	3786
12_224v	2964	3780
12_225r	2964	3786
12_225v	4035	3290
12_226r	3141	4035
12_226v	2964	3780
12_227r	2964	3786
12_227v	2964	3780
12_228r	2964	3786
12_228v	2964	3780
12_229r	2964	3786
12_229v	3780	2964
12_230r	2964	3786
12_230v	2964	3780
12_231r	2964	3786
12_231v	2964	3780
12_232r	2964	3786
12_232v	2964	3780
12_233r	2964	3786
12_233v	2964	3780
12_234r	2964	3786
12_234v	2964	3780
12_235r	2964	3786
12_235v	3780	2964
12_236r	2964	3786
12_236v	2964	3780
12_237r	2964	3786
12_237v	2964	3780
12_238r	2964	3786
12_238v	2964	3780
12_239r	2964	3786
12_239v	2964	3780
12_240r	2964	3786
12_240v	2964	3780
12_241r	2964	3786
12_241v	2964	3780
12_242r	2964	3786
12_242v	2964	3780
12_243r	2964	3786
12_243v	2964	3780
12_244r	2964	3786
12_244v	2964	3780
12_245r	2964	3786
12_245v	2964	3780
12_246r	2964	3786
12_246v	2964	3780
12_247r	2964	3786
12_247v	2964	3780
12_248r	2964	3786
12_248v	2964	3780
12_249r	2964	3786
12_249v	2964	3780
12_250r	2964	3786
12_250v	2886	3780
12_251r	2964	3786
12_251v	2886	3780
12_252r	2964	3786
12_252v	2886	3780
12_253r	2964	3786
12_253v	2886	3780
12_254r	2964	3786
12_254v	2886	3780
12_255r	2964	3786
12_255v	2886	3780
12_256r	2964	3786
12_256v	2886	3780
12_257r	2964	3786
12_257v	2886	3780
12_258r	2964	3786
12_258v	2886	3780
12_259r	2964	3786
12_259v	2886	3780
12_260r	2964	3786
12_260v	2886	3780
12_261r	2964	3786
12_261v	2886	3780
12_262r	2964	3786
12_262v	2832	3780
12_263r	3024	3786
12_263v	3780	2832
12_264r	3024	3786
12_264v	2832	3780
12_265r	3024	3786
12_265v	2832	3780
12_266r	3024	3786
12_266v	2832	3780
12_267r	3024	3786
12_267v	2832	3780
12_268r	3024	3786
12_268v	2832	3780
12_269r	3024	3786
12_269v	2832	3780
12_270r	3024	3786
12_270v	2832	3780
12_271r	3024	3786
12_271v	2832	3780
12_272r	3024	3786
12_272v	2832	3780
12_273r	3024	3786
12_273v	3780	2832
12_274r	3024	3786
12_274v	2832	3780
12_275r	3024	3786
12_275v	3780	2832
12_276r	3024	3786
12_276v	2832	3780
12_277r	3024	3786
12_277v	2838	3780
12_279r	3030	3780
12_279v	2838	3780
12_280r	3030	3780
12_280v	2838	3780
12_281r	3780	3030
12_281v	3780	2838
12_282r	3030	3780
12_282v	2838	3780
12_283r	3030	3780
12_283v	2838	3780
12_284r	3030	3780
12_284v	2838	3780
12_285r	3030	3780
12_285v	2838	3780
12_286r	3030	3780
12_286v	2838	3780
12_287r	3030	3780
12_287v	2838	3780
12_288r	3030	3780
12_288v	2838	3780
12_289r	3030	3780
12_289v	2838	3780
12_290r	3030	3780
12_290v	2838	3780
12_291r	3030	3780
12_291v	2838	3780
12_292r	3030	3780
12_292v	2838	3780
12_293r	3030	3780
12_293v	2838	3780
12_294r	3030	3780
12_294v	2838	3780
12_295r	3030	3780
12_295v	3900	2802
12_296r	2982	3894
12_296v	2802	3900
12_297r	2982	3894
12_297v	2802	3900
12_298r	2982	3894
12_298v	2802	3900
12_299r	2982	3894
12_299v	2802	3900
12_300r	2982	3894
12_300v	2802	3900
12_301r	2982	3894
12_301v	2802	3900
12_302r	2982	3894
12_302v	2676	3816
12_303r	2688	3828
12_303v	2718	3816
12_304r	2784	3828
12_304v	2718	3816
12_305r	2784	3828
12_305v	2718	3816
12_306r	2784	3828
12_306v	2802	3816
12_307r	2784	3828
12_307v	2802	3816
12_308r	2784	3828
12_308v	2802	3816
12_309r	2784	3828
12_309v	2802	3816
12_310r	2784	3828
12_310v	2802	3816
12_311r	2784	3828
12_311v	2802	3816
12_312r	2784	3828
12_312v	2802	3816
12_313r	2784	3828
12_313v	2802	3816
12_314r	2826	3828
12_314v	2802	3816
12_315r	2826	3828
12_315v	2802	3816
12_316r	2826	3828
12_316v	2802	3816
12_317r	2826	3828
12_317v	2850	3816
12_318r	2826	3828
12_318v	2850	3816
12_319r	2826	3828
12_319v	2850	3816
12_320r	2826	3828
12_320v	2850	3816
12_321r	2826	3828
12_321v	2850	3816
12_322r	2826	3828
12_322v	2850	3816
12_323r	2826	3828
12_323v	2850	3816
12_324r	2826	3828
12_324v	2850	3816
12_325r	2826	3828
12_325v	2850	3816
12_326r	2826	3828
12_326v	2850	3816
12_327r	2826	3828
12_327v	2844	3816
12_328r	2904	3828
12_328v	2844	3816
12_329r	2904	3828
12_329v	3816	2844
12_330r	2904	3828
12_330v	2844	3816
12_331r	2904	3828
12_331v	2844	3816
12_332r	2904	3828
12_332v	2844	3816
12_333r	2904	3828
12_333v	2844	3816
12_334r	2904	3828
12_334v	2844	3816
12_335r	2904	3828
12_335v	2766	3816
12_336r	2904	3828
12_336v	2766	3816
12_337r	2904	3828
12_337v	2766	3816
12_338r	2904	3828
12_338v	2766	3816
12_339r	2904	3828
12_339v	2766	3816
12_340r	2904	3828
12_340v	2766	3816
12_341r	2850	3828
12_341v	2766	3816
12_342r	2850	3828
12_342v	2766	3816
12_343r	2850	3828
12_343v	3816	2766
12_344r	2850	3828
12_344v	2766	3816
12_345r	2850	3828
12_345v	2766	3816
12_346r	2850	3828
12_346v	2766	3816
12_347r	2850	3828
12_347v	2766	3816
12_348r	2850	3828
12_348v	2766	3816
12_349r	2850	3828
12_349v	2766	3816
12_350r	2850	3828
12_350v	2766	3816
12_351r	2850	3828
12_351v	2766	3816
12_352r	2850	3828
12_352v	2766	3816
12_353r	2850	3828
12_353v	2766	3816
12_354r	2850	3828
12_354v	2766	3816
12_355r	2850	3828
12_355v	3816	2766
12_356r	2850	3828
12_356v	2766	3816
12_357r	2850	3828
12_357v	2766	3816
12_358r	2850	3828
12_358v	2766	3816
12_359r	2850	3828
12_359v	2766	3816
12_360r	2850	3828
12_360v	2694	3816
12_361r	2850	3828
12_361v	2694	3816
12_362r	2850	3828
12_362v	2694	3816
12_363r	2850	3828
12_363v	2694	3816
12_364r	2850	3828
12_364v	2694	3816
12_365r	2850	3828
12_365v	2694	3816
12_366r	2868	3828
12_366v	2694	3816
12_367r	2868	3828
12_367v	2694	3816
12_368r	2868	3828
12_368v	2694	3816
12_369r	2868	3828
12_369v	2694	3816
12_370r	2868	3828
12_370v	2694	3816
12_371r	2868	3828
12_371v	2694	3816
12_372r	2868	3828
12_372v	2694	3816
12_373r	2868	3828
12_373v	2694	3816
12_374r	2868	3828
12_374v	2694	3816
12_375r	2868	3828
12_375v	2694	3816
12_376r	2868	3828
12_376v	2694	3816
12_377r	2868	3828
12_377v	2694	3816
12_378r	2868	3828
12_378v	2694	3816
12_379r	2868	3828
12_379v	2694	3816
12_380r	2868	3828
12_380v	2694	3816
12_381r	2868	3828
12_381v	2718	3816
12_382r	2856	3828
12_382v	2718	3816
12_383r	2856	3828
12_383v	2718	3816
12_384r	2856	3828
12_384v	2718	3816
12_385r	2856	3828
12_385v	2718	3816
12_386r	2856	3828
12_386v	2718	3816
12_387r	2856	3828
12_387v	2718	3816
12_388r	2856	3828
12_388v	2802	3816
12_389r	2856	3828
12_389v	2802	3816
12_390r	2856	3828
12_390v	2802	3816
12_391r	2856	3828
12_391v	2802	3816
12_392r	2856	3828
12_392v	2802	3816
12_393r	2856	3828
12_393v	2802	3816
12_394r	2856	3828
12_394v	2802	3816
12_395r	2856	3828
12_395v	2802	3816
12_396r	2856	3828
12_396v	2802	3816
12_397r	2856	3828
12_397v	2802	3816
12_398r	2856	3828
12_398v	2802	3816
12_399r	2856	3828
12_399v	2802	3816
12_400r	2856	3828
12_400v	2802	3816
12_401r	2856	3828
12_401v	2802	3816
12_402r	2856	3828
12_402v	2802	3816
12_403r	2856	3828
12_403v	2796	3816
12_404r	2790	3828
12_404v	2796	3816
12_405r	2790	3828
12_405v	2796	3816
12_406r	2790	3828
12_406v	2796	3816
12_407r	2790	3828
12_407v	2796	3816
12_408r	2790	3828
12_408v	2796	3816
12_409r	2790	3828
12_409v	2796	3780
12_410r	2790	3792
12_410v	2796	3780
12_411r	2790	3792
12_411v	2796	3780
12_412r	2790	3792
12_412v	2796	3780
12_413r	2790	3792
12_413v	2796	3780
12_414r	2790	3792
12_414v	2796	3780
12_415r	2790	3792
12_415v	2796	3780
12_416r	2790	3792
12_416v	2796	3780
12_417r	2790	3792
12_417v	2796	3780
12_418r	2790	3792
12_418v	2796	3780
12_419r	2790	3792
12_419v	2796	3780
12_420r	2790	3792
12_420v	2856	3780
12_421r	2790	3792
12_421v	2856	3780
12_422r	2814	3792
12_422v	2856	3780
12_423r	2814	3792
12_423v	2856	3780
12_424r	2814	3792
12_424v	2856	3780
12_425r	2814	3792
12_425v	2856	3780
12_426r	2814	3792
12_426v	2856	3780
12_427r	2814	3792
12_427v	2766	3780
12_428r	2814	3792
12_428v	2766	3780
12_429r	2814	3792
12_429v	2766	3780
12_430r	2814	3792
12_430v	2766	3780
12_431r	2814	3792
12_431v	2766	3780
12_432r	2814	3792
12_432v	2766	3780
12_433r	2814	3792
12_433v	2766	3780
12_434r	2814	3792
12_434v	2766	3780
12_435r	2814	3792
12_435v	2766	3780
12_436r	2814	3792
12_436v	2766	3780
12_437r	2814	3792
12_437v	2766	3780
12_438r	2814	3792
12_438v	2766	3780
12_439r	2814	3792
12_439v	2766	3780
12_440r	2814	3792
12_440v	2766	3780
12_441r	2814	3792
12_441v	2766	3780
12_442r	2814	3792
12_442v	2766	3780
12_443r	2814	3792
12_443v	2766	3780
12_444r	2814	3792
12_444v	2766	3780
12_445r	2814	3792
12_445v	2766	3780
12_446r	2814	3792
12_446v	2766	3780
12_447r	2814	3792
12_447v	2766	3780
12_448r	2814	3792
12_448v	2766	3780
12_449r	2814	3792
12_449v	2766	3780
12_450r	2814	3792
12_450v	2766	3780
12_451r	2814	3792
12_451v	2766	3780
12_452r	2814	3792
12_452v	2766	3780
12_453r	2814	3792
12_453v	2766	3780
12_454r	2814	3792
12_454v	2766	3780
12_455r	2814	3792
12_455v	2766	3780
12_456r	2814	3792
12_456v	2766	3780
12_457r	2736	3792
12_457v	2766	3780
12_458r	2736	3792
12_458v	2766	3780
12_459r	2736	3792
12_459v	2766	3780
12_460r	2736	3792
12_460v	2766	3780
12_461r	2736	3792
12_461v	2766	3780
12_462r	2736	3792
12_462v	2766	3780
12_463r	2736	3792
12_463v	2766	3780
12_464r	2736	3792
12_464v	2766	3780
12_465r	2736	3792
12_465v	2766	3780
